timestamp,fish_id,x_coordinate,y_coordinate
1755831515.3448436,14,322,230
1755831515.3448436,13,346,174
1755831515.3448436,12,341,322
1755831515.3448436,11,321,207
1755831515.3448436,10,644,577
1755831515.3448436,9,393,201
1755831515.3448436,8,666,540
1755831515.3448436,7,323,272
1755831515.3448436,6,383,344
1755831515.3448436,5,383,478
1755831515.3448436,4,260,495
1755831515.3448436,3,345,404
1755831515.3448436,2,278,417
1755831515.3448436,1,488,370
1755831517.727515,13,345,170
1755831517.727515,12,342,322
1755831517.727515,11,321,207
1755831517.727515,10,644,577
1755831517.727515,9,393,200
1755831517.727515,8,666,540
1755831517.727515,7,323,273
1755831517.727515,6,383,341
1755831517.727515,5,382,478
1755831517.727515,4,260,496
1755831517.727515,3,346,403
1755831517.727515,2,277,417
1755831517.727515,1,488,370
1755831517.7908912,13,345,173
1755831517.7908912,12,340,321
1755831517.7908912,11,321,207
1755831517.7908912,10,645,577
1755831517.7908912,9,392,201
1755831517.7908912,8,666,539
1755831517.7908912,7,323,274
1755831517.7908912,6,384,338
1755831517.7908912,5,380,479
1755831517.7908912,4,259,499
1755831517.7908912,3,348,402
1755831517.7908912,2,277,417
1755831517.7908912,1,490,371
1755831517.847632,13,346,173
1755831517.847632,12,336,318
1755831517.847632,11,322,206
1755831517.847632,10,645,577
1755831517.847632,9,391,200
1755831517.847632,8,666,538
1755831517.847632,7,325,274
1755831517.847632,6,384,336
1755831517.847632,5,378,480
1755831517.847632,4,256,501
1755831517.847632,3,349,400
1755831517.847632,2,276,418
1755831517.847632,1,491,372
1755831517.9088876,13,345,171
1755831517.9088876,11,322,206
1755831517.9088876,10,644,578
1755831517.9088876,9,390,200
1755831517.9088876,8,666,538
1755831517.9088876,7,327,275
1755831517.9088876,6,383,333
1755831517.9088876,5,377,480
1755831517.9088876,4,255,502
1755831517.9088876,3,349,399
1755831517.9088876,2,276,419
1755831517.9088876,1,492,373
1755831517.9714699,13,344,169
1755831517.9714699,11,322,205
1755831517.9714699,10,644,579
1755831517.9714699,9,390,200
1755831517.9714699,8,667,538
1755831517.9714699,7,329,276
1755831517.9714699,6,385,336
1755831517.9714699,5,377,480
1755831517.9714699,4,254,502
1755831517.9714699,3,349,398
1755831517.9714699,2,277,419
1755831517.9714699,1,493,373
1755831518.0247476,12,332,322
1755831518.0247476,11,321,205
1755831518.0247476,10,644,579
1755831518.0247476,9,391,200
1755831518.0247476,8,667,538
1755831518.0247476,7,330,276
1755831518.0247476,6,384,336
1755831518.0247476,5,377,480
1755831518.0247476,4,254,502
1755831518.0247476,3,349,396
1755831518.0247476,2,276,420
1755831518.0247476,1,493,374
1755831518.079351,15,1049,667
1755831518.079351,12,332,323
1755831518.079351,11,322,203
1755831518.079351,10,644,579
1755831518.079351,9,391,200
1755831518.079351,8,667,538
1755831518.079351,7,329,278
1755831518.079351,6,387,342
1755831518.079351,5,376,481
1755831518.079351,4,253,504
1755831518.079351,3,349,395
1755831518.079351,2,275,422
1755831518.079351,1,496,374
1755831518.1389642,15,1049,668
1755831518.1389642,13,344,169
1755831518.1389642,12,332,324
1755831518.1389642,11,323,202
1755831518.1389642,10,644,579
1755831518.1389642,9,389,199
1755831518.1389642,8,668,537
1755831518.1389642,7,329,281
1755831518.1389642,6,387,342
1755831518.1389642,5,375,482
1755831518.1389642,4,252,504
1755831518.1389642,3,350,393
1755831518.1389642,2,273,423
1755831518.1389642,1,497,375
1755831518.1948392,15,1049,667
1755831518.1948392,13,344,170
1755831518.1948392,12,332,324
1755831518.1948392,11,323,202
1755831518.1948392,10,644,579
1755831518.1948392,9,388,199
1755831518.1948392,8,669,537
1755831518.1948392,7,328,282
1755831518.1948392,6,383,339
1755831518.1948392,5,374,482
1755831518.1948392,4,252,505
1755831518.1948392,3,350,391
1755831518.1948392,2,272,424
1755831518.1948392,1,498,376
1755831518.2525954,13,342,170
1755831518.2525954,12,331,324
1755831518.2525954,11,324,202
1755831518.2525954,10,644,580
1755831518.2525954,9,387,199
1755831518.2525954,8,669,537
1755831518.2525954,7,329,284
1755831518.2525954,6,383,338
1755831518.2525954,5,374,483
1755831518.2525954,4,251,505
1755831518.2525954,3,350,391
1755831518.2525954,2,272,426
1755831518.2525954,1,500,376
1755831518.3116097,13,339,169
1755831518.3116097,12,330,322
1755831518.3116097,11,324,202
1755831518.3116097,10,643,579
1755831518.3116097,9,386,199
1755831518.3116097,8,669,537
1755831518.3116097,7,329,284
1755831518.3116097,6,385,340
1755831518.3116097,5,373,483
1755831518.3116097,4,251,506
1755831518.3116097,3,350,389
1755831518.3116097,2,271,428
1755831518.3116097,1,502,377
1755831518.3698013,13,338,169
1755831518.3698013,12,328,321
1755831518.3698013,11,324,202
1755831518.3698013,10,643,578
1755831518.3698013,9,385,199
1755831518.3698013,8,670,536
1755831518.3698013,7,330,286
1755831518.3698013,6,386,342
1755831518.3698013,5,373,483
1755831518.3698013,4,251,507
1755831518.3698013,3,349,387
1755831518.3698013,2,271,429
1755831518.3698013,1,504,378
1755831518.4308918,13,338,169
1755831518.4308918,12,327,320
1755831518.4308918,11,325,201
1755831518.4308918,10,643,579
1755831518.4308918,9,385,199
1755831518.4308918,8,670,537
1755831518.4308918,7,329,287
1755831518.4308918,6,387,344
1755831518.4308918,5,372,484
1755831518.4308918,4,252,509
1755831518.4308918,3,347,385
1755831518.4308918,2,271,429
1755831518.4308918,1,506,379
1755831518.4913523,16,324,225
1755831518.4913523,13,337,168
1755831518.4913523,12,327,320
1755831518.4913523,11,325,200
1755831518.4913523,10,643,578
1755831518.4913523,9,386,199
1755831518.4913523,8,671,537
1755831518.4913523,7,329,287
1755831518.4913523,6,389,345
1755831518.4913523,5,372,483
1755831518.4913523,4,252,510
1755831518.4913523,3,346,383
1755831518.4913523,2,270,430
1755831518.4913523,1,507,380
1755831518.5491416,13,334,166
1755831518.5491416,12,326,319
1755831518.5491416,11,325,199
1755831518.5491416,10,644,578
1755831518.5491416,9,385,198
1755831518.5491416,8,672,537
1755831518.5491416,7,333,287
1755831518.5491416,6,391,348
1755831518.5491416,5,371,484
1755831518.5491416,4,252,511
1755831518.5491416,3,344,380
1755831518.5491416,2,270,430
1755831518.5491416,1,509,380
1755831518.603758,13,333,165
1755831518.603758,12,326,319
1755831518.603758,11,325,199
1755831518.603758,10,644,579
1755831518.603758,9,386,198
1755831518.603758,8,671,536
1755831518.603758,7,335,288
1755831518.603758,6,393,349
1755831518.603758,5,369,484
1755831518.603758,4,253,511
1755831518.603758,3,343,378
1755831518.603758,2,270,431
1755831518.603758,1,510,380
1755831518.6581678,13,333,164
1755831518.6581678,11,326,199
1755831518.6581678,10,644,578
1755831518.6581678,9,387,198
1755831518.6581678,8,671,536
1755831518.6581678,7,336,288
1755831518.6581678,6,394,350
1755831518.6581678,5,369,484
1755831518.6581678,4,253,511
1755831518.6581678,3,342,376
1755831518.6581678,2,269,432
1755831518.6581678,1,512,381
1755831518.708863,13,332,164
1755831518.708863,11,326,199
1755831518.708863,10,644,578
1755831518.708863,9,386,198
1755831518.708863,8,671,537
1755831518.708863,7,336,288
1755831518.708863,6,395,351
1755831518.708863,5,369,484
1755831518.708863,4,254,512
1755831518.708863,3,342,375
1755831518.708863,2,268,434
1755831518.708863,1,512,382
1755831518.7639744,13,333,164
1755831518.7639744,11,326,199
1755831518.7639744,10,644,578
1755831518.7639744,9,385,197
1755831518.7639744,8,672,537
1755831518.7639744,7,334,289
1755831518.7639744,6,396,352
1755831518.7639744,5,368,485
1755831518.7639744,4,255,513
1755831518.7639744,3,342,373
1755831518.7639744,2,268,436
1755831518.7639744,1,514,383
1755831518.8179517,17,377,390
1755831518.8179517,13,333,163
1755831518.8179517,11,326,200
1755831518.8179517,10,644,578
1755831518.8179517,9,383,197
1755831518.8179517,8,672,537
1755831518.8179517,7,333,290
1755831518.8179517,6,398,355
1755831518.8179517,5,368,485
1755831518.8179517,4,255,513
1755831518.8179517,3,342,369
1755831518.8179517,2,267,438
1755831518.8179517,1,515,383
1755831518.8729792,18,324,231
1755831518.8729792,17,379,391
1755831518.8729792,13,333,163
1755831518.8729792,11,326,199
1755831518.8729792,10,645,578
1755831518.8729792,9,382,197
1755831518.8729792,8,672,536
1755831518.8729792,7,334,290
1755831518.8729792,6,403,361
1755831518.8729792,5,368,485
1755831518.8729792,4,255,513
1755831518.8729792,3,341,366
1755831518.8729792,2,268,439
1755831518.8729792,1,516,384
1755831518.9259899,18,324,233
1755831518.9259899,17,383,390
1755831518.9259899,13,332,162
1755831518.9259899,11,326,199
1755831518.9259899,10,646,577
1755831518.9259899,9,381,197
1755831518.9259899,8,673,537
1755831518.9259899,7,334,291
1755831518.9259899,6,405,364
1755831518.9259899,5,368,486
1755831518.9259899,4,257,513
1755831518.9259899,3,341,364
1755831518.9259899,2,268,440
1755831518.9259899,1,518,385
1755831518.9789643,18,324,234
1755831518.9789643,17,386,392
1755831518.9789643,11,326,198
1755831518.9789643,10,646,577
1755831518.9789643,9,383,197
1755831518.9789643,8,673,537
1755831518.9789643,7,334,292
1755831518.9789643,6,409,367
1755831518.9789643,5,368,486
1755831518.9789643,4,258,513
1755831518.9789643,3,342,363
1755831518.9789643,2,268,441
1755831518.9789643,1,520,385
1755831519.0292022,18,323,235
1755831519.0292022,17,387,395
1755831519.0292022,11,326,198
1755831519.0292022,10,646,577
1755831519.0292022,9,384,197
1755831519.0292022,8,674,537
1755831519.0292022,7,335,294
1755831519.0292022,6,412,370
1755831519.0292022,5,368,486
1755831519.0292022,4,258,514
1755831519.0292022,3,342,361
1755831519.0292022,2,268,442
1755831519.0292022,1,522,385
1755831519.0823045,18,323,236
1755831519.0823045,17,386,397
1755831519.0823045,13,330,162
1755831519.0823045,11,326,197
1755831519.0823045,10,646,577
1755831519.0823045,9,383,197
1755831519.0823045,8,674,537
1755831519.0823045,7,335,297
1755831519.0823045,6,414,373
1755831519.0823045,5,368,486
1755831519.0823045,4,258,514
1755831519.0823045,3,342,360
1755831519.0823045,2,268,444
1755831519.0823045,1,523,385
1755831519.1344101,18,323,232
1755831519.1344101,17,386,400
1755831519.1344101,11,325,197
1755831519.1344101,10,647,577
1755831519.1344101,9,383,198
1755831519.1344101,8,674,537
1755831519.1344101,7,332,299
1755831519.1344101,6,418,378
1755831519.1344101,5,367,487
1755831519.1344101,4,258,515
1755831519.1344101,3,342,358
1755831519.1344101,2,268,446
1755831519.1344101,1,524,386
1755831519.186207,18,323,231
1755831519.186207,17,389,402
1755831519.186207,11,325,196
1755831519.186207,10,646,576
1755831519.186207,9,383,198
1755831519.186207,8,674,537
1755831519.186207,7,330,302
1755831519.186207,6,422,382
1755831519.186207,5,367,487
1755831519.186207,4,259,515
1755831519.186207,3,342,356
1755831519.186207,2,268,447
1755831519.186207,1,525,387
1755831519.2380621,18,324,230
1755831519.2380621,17,391,405
1755831519.2380621,11,324,196
1755831519.2380621,10,646,576
1755831519.2380621,9,383,198
1755831519.2380621,8,674,537
1755831519.2380621,7,329,304
1755831519.2380621,6,424,387
1755831519.2380621,5,366,487
1755831519.2380621,4,258,515
1755831519.2380621,3,342,354
1755831519.2380621,2,269,449
1755831519.2380621,1,527,388
1755831519.289153,18,324,229
1755831519.289153,17,393,409
1755831519.289153,11,324,195
1755831519.289153,10,646,576
1755831519.289153,9,383,198
1755831519.289153,8,675,537
1755831519.289153,7,329,304
1755831519.289153,6,426,390
1755831519.289153,5,366,486
1755831519.289153,4,258,516
1755831519.289153,3,343,352
1755831519.289153,2,269,451
1755831519.289153,1,529,388
1755831519.340632,18,324,229
1755831519.340632,17,392,410
1755831519.340632,11,324,193
1755831519.340632,10,645,576
1755831519.340632,9,384,198
1755831519.340632,8,675,536
1755831519.340632,7,328,304
1755831519.340632,6,429,394
1755831519.340632,5,366,487
1755831519.340632,4,259,516
1755831519.340632,3,342,351
1755831519.340632,2,269,453
1755831519.340632,1,532,389
1755831519.3928306,18,325,229
1755831519.3928306,17,395,412
1755831519.3928306,13,328,162
1755831519.3928306,11,325,190
1755831519.3928306,10,645,576
1755831519.3928306,9,384,197
1755831519.3928306,8,676,536
1755831519.3928306,7,327,304
1755831519.3928306,6,431,397
1755831519.3928306,5,366,487
1755831519.3928306,3,342,349
1755831519.3928306,2,269,455
1755831519.3928306,1,534,390
1755831519.4473119,18,325,227
1755831519.4473119,17,398,417
1755831519.4473119,13,329,162
1755831519.4473119,11,325,189
1755831519.4473119,10,645,576
1755831519.4473119,9,384,197
1755831519.4473119,8,676,536
1755831519.4473119,7,327,306
1755831519.4473119,6,433,400
1755831519.4473119,5,366,487
1755831519.4473119,3,341,348
1755831519.4473119,2,269,458
1755831519.4473119,1,536,391
1755831519.5002458,21,323,273
1755831519.5002458,18,326,229
1755831519.5002458,17,399,420
1755831519.5002458,13,331,163
1755831519.5002458,11,325,188
1755831519.5002458,10,646,577
1755831519.5002458,9,384,197
1755831519.5002458,8,675,536
1755831519.5002458,7,328,307
1755831519.5002458,6,435,402
1755831519.5002458,5,365,487
1755831519.5002458,3,342,347
1755831519.5002458,2,269,460
1755831519.5002458,1,537,391
1755831519.55478,21,322,272
1755831519.55478,18,326,229
1755831519.55478,17,401,424
1755831519.55478,13,329,164
1755831519.55478,11,326,186
1755831519.55478,10,646,578
1755831519.55478,9,384,197
1755831519.55478,8,675,536
1755831519.55478,7,329,308
1755831519.55478,6,437,405
1755831519.55478,5,365,488
1755831519.55478,3,342,346
1755831519.55478,2,269,461
1755831519.55478,1,538,392
1755831519.606148,21,320,272
1755831519.606148,18,325,228
1755831519.606148,17,405,426
1755831519.606148,13,327,164
1755831519.606148,11,326,185
1755831519.606148,10,646,578
1755831519.606148,9,385,197
1755831519.606148,8,675,536
1755831519.606148,7,328,308
1755831519.606148,6,440,410
1755831519.606148,5,364,489
1755831519.606148,3,343,345
1755831519.606148,2,269,462
1755831519.606148,1,539,393
1755831519.6660395,21,319,270
1755831519.6660395,18,326,228
1755831519.6660395,17,407,428
1755831519.6660395,13,326,165
1755831519.6660395,11,326,185
1755831519.6660395,10,647,579
1755831519.6660395,9,386,197
1755831519.6660395,8,675,536
1755831519.6660395,7,328,308
1755831519.6660395,6,443,413
1755831519.6660395,5,365,490
1755831519.6660395,4,270,517
1755831519.6660395,3,343,345
1755831519.6660395,2,269,463
1755831519.6660395,1,541,394
1755831519.7206638,21,318,269
1755831519.7206638,18,326,227
1755831519.7206638,17,410,430
1755831519.7206638,11,326,185
1755831519.7206638,10,647,579
1755831519.7206638,9,387,197
1755831519.7206638,8,676,537
1755831519.7206638,7,328,306
1755831519.7206638,6,445,415
1755831519.7206638,5,363,491
1755831519.7206638,4,272,517
1755831519.7206638,3,343,344
1755831519.7206638,2,269,465
1755831519.7206638,1,542,395
1755831519.7745042,21,318,268
1755831519.7745042,18,325,226
1755831519.7745042,17,414,433
1755831519.7745042,11,325,184
1755831519.7745042,10,647,579
1755831519.7745042,9,388,198
1755831519.7745042,8,677,537
1755831519.7745042,7,327,304
1755831519.7745042,6,446,416
1755831519.7745042,5,362,491
1755831519.7745042,4,275,518
1755831519.7745042,3,343,343
1755831519.7745042,2,269,466
1755831519.7745042,1,543,396
1755831519.8289554,21,318,266
1755831519.8289554,18,325,227
1755831519.8289554,17,417,435
1755831519.8289554,11,325,183
1755831519.8289554,10,647,579
1755831519.8289554,9,390,199
1755831519.8289554,8,677,536
1755831519.8289554,7,327,302
1755831519.8289554,6,449,418
1755831519.8289554,5,363,491
1755831519.8289554,4,277,518
1755831519.8289554,3,344,343
1755831519.8289554,2,269,467
1755831519.8289554,1,544,397
1755831519.8819993,23,366,165
1755831519.8819993,21,318,264
1755831519.8819993,18,327,228
1755831519.8819993,17,420,438
1755831519.8819993,11,325,184
1755831519.8819993,10,648,579
1755831519.8819993,9,392,200
1755831519.8819993,8,676,536
1755831519.8819993,7,327,300
1755831519.8819993,6,453,420
1755831519.8819993,5,363,491
1755831519.8819993,4,279,519
1755831519.8819993,3,345,343
1755831519.8819993,2,269,468
1755831519.8819993,1,547,397
1755831519.9349625,23,365,164
1755831519.9349625,21,319,263
1755831519.9349625,18,327,227
1755831519.9349625,17,422,440
1755831519.9349625,11,325,184
1755831519.9349625,10,648,580
1755831519.9349625,9,393,201
1755831519.9349625,8,677,536
1755831519.9349625,7,326,300
1755831519.9349625,6,458,423
1755831519.9349625,5,362,491
1755831519.9349625,4,281,520
1755831519.9349625,3,345,343
1755831519.9349625,2,270,469
1755831519.9349625,1,550,398
1755831519.9891546,21,317,260
1755831519.9891546,18,328,227
1755831519.9891546,17,425,443
1755831519.9891546,13,324,161
1755831519.9891546,11,325,184
1755831519.9891546,10,649,580
1755831519.9891546,9,394,201
1755831519.9891546,8,677,536
1755831519.9891546,7,326,301
1755831519.9891546,6,463,426
1755831519.9891546,5,361,491
1755831519.9891546,4,282,520
1755831519.9891546,3,345,342
1755831519.9891546,2,270,471
1755831519.9891546,1,553,399
1755831520.042258,21,318,259
1755831520.042258,18,329,227
1755831520.042258,17,429,445
1755831520.042258,11,324,183
1755831520.042258,10,649,581
1755831520.042258,9,393,202
1755831520.042258,8,677,535
1755831520.042258,7,326,300
1755831520.042258,6,467,429
1755831520.042258,5,360,492
1755831520.042258,4,286,521
1755831520.042258,3,344,342
1755831520.042258,2,271,471
1755831520.042258,1,555,400
1755831520.099737,24,422,399
1755831520.099737,21,318,258
1755831520.099737,18,329,227
1755831520.099737,17,431,446
1755831520.099737,11,325,183
1755831520.099737,10,649,581
1755831520.099737,9,393,203
1755831520.099737,8,678,535
1755831520.099737,7,326,300
1755831520.099737,6,470,431
1755831520.099737,5,359,492
1755831520.099737,4,288,522
1755831520.099737,3,343,342
1755831520.099737,2,271,472
1755831520.099737,1,557,400
1755831520.1525917,24,422,402
1755831520.1525917,21,316,255
1755831520.1525917,18,329,226
1755831520.1525917,17,435,449
1755831520.1525917,13,325,157
1755831520.1525917,11,325,185
1755831520.1525917,10,648,583
1755831520.1525917,9,395,206
1755831520.1525917,8,679,535
1755831520.1525917,7,324,295
1755831520.1525917,6,472,433
1755831520.1525917,5,359,493
1755831520.1525917,4,294,521
1755831520.1525917,3,345,342
1755831520.1525917,2,272,472
1755831520.1525917,1,558,401
1755831520.2055519,24,424,406
1755831520.2055519,21,316,254
1755831520.2055519,18,328,225
1755831520.2055519,17,438,451
1755831520.2055519,13,325,159
1755831520.2055519,11,324,185
1755831520.2055519,10,646,584
1755831520.2055519,9,395,207
1755831520.2055519,8,679,535
1755831520.2055519,6,474,433
1755831520.2055519,5,358,493
1755831520.2055519,4,297,522
1755831520.2055519,3,346,341
1755831520.2055519,2,272,473
1755831520.2055519,1,559,402
1755831520.2589524,24,424,409
1755831520.2589524,21,316,252
1755831520.2589524,18,328,225
1755831520.2589524,17,441,453
1755831520.2589524,13,325,159
1755831520.2589524,11,324,185
1755831520.2589524,10,644,584
1755831520.2589524,9,395,208
1755831520.2589524,8,680,534
1755831520.2589524,6,476,435
1755831520.2589524,5,357,493
1755831520.2589524,4,300,522
1755831520.2589524,3,347,341
1755831520.2589524,2,274,473
1755831520.2589524,1,561,402
1755831520.3119476,24,425,411
1755831520.3119476,21,317,252
1755831520.3119476,18,327,225
1755831520.3119476,17,444,455
1755831520.3119476,13,325,159
1755831520.3119476,11,324,185
1755831520.3119476,10,642,584
1755831520.3119476,9,395,210
1755831520.3119476,8,680,533
1755831520.3119476,6,478,438
1755831520.3119476,5,356,493
1755831520.3119476,4,303,524
1755831520.3119476,3,347,342
1755831520.3119476,2,274,473
1755831520.3119476,1,562,403
1755831520.365842,25,365,294
1755831520.365842,24,426,413
1755831520.365842,21,317,251
1755831520.365842,18,327,225
1755831520.365842,17,449,455
1755831520.365842,13,325,158
1755831520.365842,11,324,185
1755831520.365842,10,642,585
1755831520.365842,9,394,212
1755831520.365842,8,680,533
1755831520.365842,6,480,440
1755831520.365842,5,356,493
1755831520.365842,4,308,523
1755831520.365842,3,347,343
1755831520.365842,2,275,473
1755831520.365842,1,563,404
1755831520.4207983,25,369,298
1755831520.4207983,24,426,414
1755831520.4207983,21,314,250
1755831520.4207983,18,327,225
1755831520.4207983,17,457,454
1755831520.4207983,11,324,186
1755831520.4207983,10,643,586
1755831520.4207983,9,394,212
1755831520.4207983,8,680,533
1755831520.4207983,6,481,442
1755831520.4207983,5,356,492
1755831520.4207983,4,312,522
1755831520.4207983,3,346,343
1755831520.4207983,2,275,474
1755831520.4207983,1,563,405
1755831520.478185,25,365,301
1755831520.478185,24,426,414
1755831520.478185,21,314,248
1755831520.478185,18,326,225
1755831520.478185,17,461,454
1755831520.478185,11,324,186
1755831520.478185,10,644,586
1755831520.478185,9,393,213
1755831520.478185,8,680,533
1755831520.478185,6,482,445
1755831520.478185,5,357,492
1755831520.478185,4,317,522
1755831520.478185,3,346,344
1755831520.478185,2,276,475
1755831520.478185,1,566,405
1755831520.5326035,25,367,304
1755831520.5326035,24,425,415
1755831520.5326035,21,318,246
1755831520.5326035,18,326,225
1755831520.5326035,17,468,452
1755831520.5326035,11,324,185
1755831520.5326035,10,643,586
1755831520.5326035,9,390,214
1755831520.5326035,8,681,532
1755831520.5326035,6,483,447
1755831520.5326035,5,358,492
1755831520.5326035,4,322,521
1755831520.5326035,3,346,344
1755831520.5326035,2,277,478
1755831520.5326035,1,567,406
1755831520.5855942,25,367,306
1755831520.5855942,24,425,417
1755831520.5855942,21,321,244
1755831520.5855942,18,326,225
1755831520.5855942,11,324,185
1755831520.5855942,10,641,587
1755831520.5855942,9,387,214
1755831520.5855942,8,681,532
1755831520.5855942,6,483,449
1755831520.5855942,5,358,492
1755831520.5855942,4,328,521
1755831520.5855942,3,346,345
1755831520.5855942,2,278,479
1755831520.5855942,1,568,407
1755831520.6379013,25,369,307
1755831520.6379013,24,425,418
1755831520.6379013,21,322,242
1755831520.6379013,18,325,226
1755831520.6379013,11,323,185
1755831520.6379013,10,640,587
1755831520.6379013,9,387,215
1755831520.6379013,8,681,533
1755831520.6379013,6,488,450
1755831520.6379013,5,358,492
1755831520.6379013,4,332,520
1755831520.6379013,3,345,346
1755831520.6379013,2,278,480
1755831520.6379013,1,570,407
1755831520.6890993,25,370,308
1755831520.6890993,24,425,420
1755831520.6890993,21,322,238
1755831520.6890993,18,324,227
1755831520.6890993,17,474,457
1755831520.6890993,11,323,186
1755831520.6890993,10,637,587
1755831520.6890993,9,390,216
1755831520.6890993,8,681,533
1755831520.6890993,6,493,450
1755831520.6890993,5,358,492
1755831520.6890993,4,336,521
1755831520.6890993,3,344,346
1755831520.6890993,2,278,481
1755831520.6890993,1,571,408
1755831520.7408676,25,370,308
1755831520.7408676,24,427,422
1755831520.7408676,18,324,228
1755831520.7408676,17,481,457
1755831520.7408676,11,324,186
1755831520.7408676,10,635,588
1755831520.7408676,9,393,218
1755831520.7408676,8,681,533
1755831520.7408676,6,498,451
1755831520.7408676,5,359,492
1755831520.7408676,4,339,520
1755831520.7408676,3,344,346
1755831520.7408676,2,278,481
1755831520.7408676,1,574,409
1755831520.7911086,24,427,422
1755831520.7911086,18,323,230
1755831520.7911086,17,485,458
1755831520.7911086,11,324,186
1755831520.7911086,10,634,588
1755831520.7911086,9,396,218
1755831520.7911086,8,682,533
1755831520.7911086,6,499,452
1755831520.7911086,5,359,491
1755831520.7911086,4,345,520
1755831520.7911086,3,343,347
1755831520.7911086,2,279,481
1755831520.7911086,1,575,410
1755831520.8432732,24,427,424
1755831520.8432732,17,484,461
1755831520.8432732,11,324,186
1755831520.8432732,10,632,588
1755831520.8432732,9,398,218
1755831520.8432732,8,682,533
1755831520.8432732,6,502,452
1755831520.8432732,5,358,490
1755831520.8432732,4,349,520
1755831520.8432732,3,343,349
1755831520.8432732,2,280,482
1755831520.8432732,1,576,412
1755831520.8934698,24,427,426
1755831520.8934698,21,325,232
1755831520.8934698,17,486,465
1755831520.8934698,11,324,185
1755831520.8934698,10,632,588
1755831520.8934698,8,682,532
1755831520.8934698,6,506,452
1755831520.8934698,5,356,491
1755831520.8934698,4,357,521
1755831520.8934698,3,343,350
1755831520.8934698,2,280,483
1755831520.8934698,1,578,413
1755831520.94374,24,428,429
1755831520.94374,21,324,234
1755831520.94374,17,487,467
1755831520.94374,11,324,185
1755831520.94374,10,631,588
1755831520.94374,8,682,532
1755831520.94374,6,509,453
1755831520.94374,5,352,491
1755831520.94374,4,364,521
1755831520.94374,3,342,351
1755831520.94374,2,280,483
1755831520.94374,1,579,414
1755831520.996344,24,428,431
1755831520.996344,21,322,233
1755831520.996344,17,488,468
1755831520.996344,11,324,184
1755831520.996344,10,631,587
1755831520.996344,9,401,222
1755831520.996344,8,683,531
1755831520.996344,6,516,452
1755831520.996344,5,352,492
1755831520.996344,4,369,521
1755831520.996344,2,280,483
1755831520.996344,1,581,415
1755831521.049514,24,428,433
1755831521.049514,21,320,231
1755831521.049514,17,491,468
1755831521.049514,11,324,184
1755831521.049514,10,631,588
1755831521.049514,9,402,223
1755831521.049514,8,683,531
1755831521.049514,6,520,452
1755831521.049514,5,352,491
1755831521.049514,4,373,522
1755831521.049514,2,281,483
1755831521.049514,1,582,416
1755831521.1025422,24,428,434
1755831521.1025422,21,319,230
1755831521.1025422,17,493,469
1755831521.1025422,11,324,183
1755831521.1025422,10,629,587
1755831521.1025422,9,404,223
1755831521.1025422,8,684,531
1755831521.1025422,6,523,452
1755831521.1025422,5,353,491
1755831521.1025422,4,376,522
1755831521.1025422,2,281,483
1755831521.1025422,1,583,417
1755831521.154952,26,330,155
1755831521.154952,24,428,435
1755831521.154952,21,319,227
1755831521.154952,17,496,470
1755831521.154952,11,324,182
1755831521.154952,10,627,587
1755831521.154952,9,406,223
1755831521.154952,8,683,532
1755831521.154952,6,526,451
1755831521.154952,5,353,491
1755831521.154952,4,381,521
1755831521.154952,2,281,483
1755831521.154952,1,586,417
1755831521.20676,26,326,154
1755831521.20676,24,428,437
1755831521.20676,21,319,226
1755831521.20676,17,499,469
1755831521.20676,11,323,182
1755831521.20676,10,624,588
1755831521.20676,9,407,224
1755831521.20676,8,683,532
1755831521.20676,6,527,450
1755831521.20676,5,353,491
1755831521.20676,4,391,520
1755831521.20676,2,281,483
1755831521.20676,1,587,417
1755831521.2583158,27,1042,668
1755831521.2583158,24,428,438
1755831521.2583158,21,318,224
1755831521.2583158,17,502,469
1755831521.2583158,11,323,182
1755831521.2583158,10,622,588
1755831521.2583158,9,403,226
1755831521.2583158,8,683,531
1755831521.2583158,6,529,450
1755831521.2583158,5,353,491
1755831521.2583158,4,398,520
1755831521.2583158,2,282,484
1755831521.2583158,1,589,418
1755831521.3101277,24,429,440
1755831521.3101277,21,317,223
1755831521.3101277,17,505,471
1755831521.3101277,11,322,182
1755831521.3101277,10,620,588
1755831521.3101277,9,404,226
1755831521.3101277,8,685,532
1755831521.3101277,6,535,448
1755831521.3101277,5,353,491
1755831521.3101277,4,403,520
1755831521.3101277,2,282,484
1755831521.3101277,1,591,418
1755831521.3610177,24,429,442
1755831521.3610177,21,316,221
1755831521.3610177,17,509,472
1755831521.3610177,11,322,182
1755831521.3610177,10,619,588
1755831521.3610177,9,406,227
1755831521.3610177,8,685,532
1755831521.3610177,6,540,447
1755831521.3610177,5,353,491
1755831521.3610177,4,411,520
1755831521.3610177,2,282,484
1755831521.3610177,1,593,419
1755831521.4130259,27,1046,669
1755831521.4130259,24,430,444
1755831521.4130259,21,316,219
1755831521.4130259,17,513,472
1755831521.4130259,11,322,180
1755831521.4130259,10,619,588
1755831521.4130259,9,407,228
1755831521.4130259,8,685,532
1755831521.4130259,6,543,445
1755831521.4130259,5,353,491
1755831521.4130259,4,417,519
1755831521.4130259,2,282,485
1755831521.4130259,1,595,420
1755831521.463183,28,328,152
1755831521.463183,27,1045,669
1755831521.463183,24,432,447
1755831521.463183,21,316,216
1755831521.463183,17,515,473
1755831521.463183,11,322,179
1755831521.463183,10,618,588
1755831521.463183,9,408,229
1755831521.463183,8,685,532
1755831521.463183,6,548,444
1755831521.463183,5,353,492
1755831521.463183,4,426,520
1755831521.463183,2,282,485
1755831521.463183,1,596,421
1755831521.518111,28,328,152
1755831521.518111,27,1046,669
1755831521.518111,24,433,451
1755831521.518111,21,316,214
1755831521.518111,17,519,473
1755831521.518111,11,322,179
1755831521.518111,10,618,588
1755831521.518111,9,408,231
1755831521.518111,8,685,532
1755831521.518111,6,551,443
1755831521.518111,5,353,492
1755831521.518111,4,431,520
1755831521.518111,2,283,485
1755831521.518111,1,597,422
1755831521.5709043,24,434,456
1755831521.5709043,21,315,211
1755831521.5709043,17,522,473
1755831521.5709043,10,617,588
1755831521.5709043,9,408,232
1755831521.5709043,8,685,531
1755831521.5709043,6,555,443
1755831521.5709043,5,352,492
1755831521.5709043,4,437,521
1755831521.5709043,2,283,485
1755831521.5709043,1,602,423
1755831521.6243002,24,436,458
1755831521.6243002,21,316,209
1755831521.6243002,17,526,472
1755831521.6243002,10,616,588
1755831521.6243002,9,408,233
1755831521.6243002,8,686,531
1755831521.6243002,6,556,442
1755831521.6243002,5,352,492
1755831521.6243002,4,442,521
1755831521.6243002,2,283,485
1755831521.6243002,1,604,424
1755831521.675686,24,436,458
1755831521.675686,21,315,208
1755831521.675686,17,530,472
1755831521.675686,10,616,587
1755831521.675686,9,410,234
1755831521.675686,8,686,531
1755831521.675686,6,559,441
1755831521.675686,5,352,493
1755831521.675686,4,445,522
1755831521.675686,2,283,485
1755831521.675686,1,606,424
1755831521.7274787,24,438,459
1755831521.7274787,21,317,206
1755831521.7274787,17,532,472
1755831521.7274787,10,614,587
1755831521.7274787,9,410,236
1755831521.7274787,8,685,531
1755831521.7274787,6,562,439
1755831521.7274787,5,352,492
1755831521.7274787,4,451,522
1755831521.7274787,2,284,485
1755831521.7274787,1,609,425
1755831521.7799983,24,439,459
1755831521.7799983,21,315,205
1755831521.7799983,17,534,472
1755831521.7799983,11,317,175
1755831521.7799983,10,613,587
1755831521.7799983,9,411,237
1755831521.7799983,8,685,530
1755831521.7799983,6,563,438
1755831521.7799983,5,352,492
1755831521.7799983,4,458,522
1755831521.7799983,2,284,485
1755831521.7799983,1,612,426
1755831521.8350022,24,440,460
1755831521.8350022,21,313,203
1755831521.8350022,17,538,471
1755831521.8350022,11,320,174
1755831521.8350022,10,612,587
1755831521.8350022,9,412,239
1755831521.8350022,8,686,530
1755831521.8350022,6,563,437
1755831521.8350022,5,352,492
1755831521.8350022,4,463,522
1755831521.8350022,2,284,485
1755831521.8350022,1,614,427
1755831521.887431,24,440,462
1755831521.887431,21,311,201
1755831521.887431,17,542,471
1755831521.887431,11,320,176
1755831521.887431,10,610,587
1755831521.887431,9,410,239
1755831521.887431,8,686,530
1755831521.887431,6,565,435
1755831521.887431,5,352,493
1755831521.887431,4,469,523
1755831521.887431,2,284,485
1755831521.887431,1,618,427
1755831521.9380507,24,441,463
1755831521.9380507,21,311,198
1755831521.9380507,17,545,471
1755831521.9380507,11,323,177
1755831521.9380507,10,609,587
1755831521.9380507,9,409,239
1755831521.9380507,8,686,530
1755831521.9380507,6,568,434
1755831521.9380507,5,351,493
1755831521.9380507,4,473,524
1755831521.9380507,2,284,485
1755831521.9380507,1,621,428
1755831521.9911847,33,326,154
1755831521.9911847,32,368,165
1755831521.9911847,24,441,464
1755831521.9911847,21,312,194
1755831521.9911847,17,549,470
1755831521.9911847,11,323,182
1755831521.9911847,10,608,588
1755831521.9911847,9,409,240
1755831521.9911847,8,687,530
1755831521.9911847,6,570,432
1755831521.9911847,5,351,493
1755831521.9911847,4,477,525
1755831521.9911847,2,285,485
1755831521.9911847,1,624,428
1755831522.042155,31,329,398
1755831522.042155,24,441,466
1755831522.042155,21,311,192
1755831522.042155,17,551,469
1755831522.042155,10,608,588
1755831522.042155,8,687,531
1755831522.042155,6,575,429
1755831522.042155,5,351,493
1755831522.042155,4,482,526
1755831522.042155,2,286,484
1755831522.042155,1,627,429
1755831522.094849,31,330,400
1755831522.094849,24,441,468
1755831522.094849,21,311,190
1755831522.094849,17,554,469
1755831522.094849,10,607,588
1755831522.094849,8,687,530
1755831522.094849,6,577,428
1755831522.094849,5,351,493
1755831522.094849,4,488,527
1755831522.094849,2,286,484
1755831522.094849,1,630,430
1755831522.1515262,31,332,411
1755831522.1515262,24,441,469
1755831522.1515262,21,310,187
1755831522.1515262,17,558,468
1755831522.1515262,10,606,588
1755831522.1515262,8,687,530
1755831522.1515262,6,581,425
1755831522.1515262,5,351,492
1755831522.1515262,4,494,527
1755831522.1515262,2,286,484
1755831522.1515262,1,633,430
1755831522.2045906,31,332,416
1755831522.2045906,24,441,471
1755831522.2045906,21,312,185
1755831522.2045906,17,561,467
1755831522.2045906,10,606,588
1755831522.2045906,8,687,530
1755831522.2045906,6,583,424
1755831522.2045906,5,351,492
1755831522.2045906,4,499,528
1755831522.2045906,2,287,484
1755831522.2045906,1,634,431
1755831522.2610576,31,332,419
1755831522.2610576,24,442,472
1755831522.2610576,21,311,184
1755831522.2610576,17,564,466
1755831522.2610576,10,605,588
1755831522.2610576,8,687,530
1755831522.2610576,6,585,422
1755831522.2610576,5,351,491
1755831522.2610576,4,502,528
1755831522.2610576,2,288,484
1755831522.2610576,1,636,432
1755831522.311905,31,333,419
1755831522.311905,24,443,472
1755831522.311905,21,309,184
1755831522.311905,17,566,465
1755831522.311905,10,604,588
1755831522.311905,8,687,530
1755831522.311905,6,586,420
1755831522.311905,5,350,491
1755831522.311905,4,507,530
1755831522.311905,2,288,484
1755831522.311905,1,637,433
1755831522.3629777,34,329,394
1755831522.3629777,31,331,422
1755831522.3629777,24,443,473
1755831522.3629777,21,310,183
1755831522.3629777,17,569,464
1755831522.3629777,10,603,588
1755831522.3629777,8,687,532
1755831522.3629777,6,589,418
1755831522.3629777,5,350,491
1755831522.3629777,4,512,532
1755831522.3629777,2,288,483
1755831522.3629777,1,638,433
1755831522.415061,34,329,400
1755831522.415061,31,331,424
1755831522.415061,24,443,475
1755831522.415061,21,310,182
1755831522.415061,17,572,463
1755831522.415061,10,602,588
1755831522.415061,8,687,532
1755831522.415061,6,590,417
1755831522.415061,5,350,491
1755831522.415061,4,518,534
1755831522.415061,2,289,483
1755831522.415061,1,640,434
1755831522.464844,34,330,395
1755831522.464844,31,331,428
1755831522.464844,24,442,476
1755831522.464844,21,309,181
1755831522.464844,17,574,462
1755831522.464844,10,601,588
1755831522.464844,8,688,532
1755831522.464844,6,591,416
1755831522.464844,5,350,491
1755831522.464844,4,522,535
1755831522.464844,2,289,483
1755831522.464844,1,642,434
1755831522.5173028,35,352,425
1755831522.5173028,34,330,394
1755831522.5173028,31,332,429
1755831522.5173028,24,442,476
1755831522.5173028,21,310,181
1755831522.5173028,17,577,461
1755831522.5173028,10,601,588
1755831522.5173028,8,688,531
1755831522.5173028,6,591,415
1755831522.5173028,5,349,491
1755831522.5173028,4,525,536
1755831522.5173028,2,288,483
1755831522.5173028,1,644,435
1755831522.5693886,35,355,427
1755831522.5693886,34,329,393
1755831522.5693886,31,331,430
1755831522.5693886,24,441,477
1755831522.5693886,21,311,179
1755831522.5693886,17,578,460
1755831522.5693886,10,600,588
1755831522.5693886,8,688,531
1755831522.5693886,6,593,414
1755831522.5693886,5,349,492
1755831522.5693886,4,528,537
1755831522.5693886,2,288,483
1755831522.5693886,1,647,435
1755831522.623117,35,356,428
1755831522.623117,34,330,393
1755831522.623117,31,329,432
1755831522.623117,24,439,479
1755831522.623117,21,312,178
1755831522.623117,17,580,460
1755831522.623117,10,599,588
1755831522.623117,8,688,531
1755831522.623117,6,594,413
1755831522.623117,5,349,492
1755831522.623117,4,532,536
1755831522.623117,2,288,483
1755831522.623117,1,649,435
1755831522.6746082,35,357,431
1755831522.6746082,34,330,395
1755831522.6746082,31,329,435
1755831522.6746082,24,440,479
1755831522.6746082,21,312,177
1755831522.6746082,17,583,459
1755831522.6746082,10,599,588
1755831522.6746082,8,688,531
1755831522.6746082,6,596,412
1755831522.6746082,5,349,492
1755831522.6746082,4,536,537
1755831522.6746082,2,287,483
1755831522.6746082,1,650,436
1755831522.7290645,37,1050,667
1755831522.7290645,35,357,433
1755831522.7290645,34,330,395
1755831522.7290645,31,328,438
1755831522.7290645,24,439,480
1755831522.7290645,21,312,176
1755831522.7290645,17,585,458
1755831522.7290645,10,598,588
1755831522.7290645,8,688,531
1755831522.7290645,6,597,411
1755831522.7290645,5,350,492
1755831522.7290645,4,540,538
1755831522.7290645,2,288,484
1755831522.7290645,1,651,437
1755831522.7820716,37,1049,668
1755831522.7820716,35,358,435
1755831522.7820716,34,330,396
1755831522.7820716,31,327,440
1755831522.7820716,24,438,480
1755831522.7820716,17,587,457
1755831522.7820716,10,599,588
1755831522.7820716,8,688,531
1755831522.7820716,6,597,410
1755831522.7820716,5,350,492
1755831522.7820716,4,542,539
1755831522.7820716,2,287,484
1755831522.7820716,1,653,438
1755831522.8356504,35,358,439
1755831522.8356504,34,330,396
1755831522.8356504,31,327,441
1755831522.8356504,24,437,480
1755831522.8356504,17,590,455
1755831522.8356504,10,598,588
1755831522.8356504,8,688,531
1755831522.8356504,6,598,408
1755831522.8356504,5,350,492
1755831522.8356504,4,545,540
1755831522.8356504,2,287,484
1755831522.8356504,1,655,439
1755831522.8890595,35,357,442
1755831522.8890595,34,330,399
1755831522.8890595,31,327,441
1755831522.8890595,24,437,481
1755831522.8890595,17,593,455
1755831522.8890595,10,598,588
1755831522.8890595,8,689,533
1755831522.8890595,6,599,407
1755831522.8890595,5,350,492
1755831522.8890595,4,548,541
1755831522.8890595,2,288,483
1755831522.8890595,1,657,440
1755831522.9417346,37,1049,669
1755831522.9417346,35,357,444
1755831522.9417346,34,331,400
1755831522.9417346,31,328,440
1755831522.9417346,24,436,481
1755831522.9417346,17,595,454
1755831522.9417346,10,597,587
1755831522.9417346,8,689,533
1755831522.9417346,6,599,407
1755831522.9417346,5,350,492
1755831522.9417346,4,550,542
1755831522.9417346,2,288,482
1755831522.9417346,1,659,441
1755831522.9930165,37,1050,670
1755831522.9930165,35,355,447
1755831522.9930165,34,330,403
1755831522.9930165,31,328,440
1755831522.9930165,24,436,480
1755831522.9930165,17,596,453
1755831522.9930165,10,597,587
1755831522.9930165,8,689,534
1755831522.9930165,6,599,406
1755831522.9930165,5,350,492
1755831522.9930165,4,552,544
1755831522.9930165,2,288,482
1755831522.9930165,1,661,442
1755831523.0454938,37,1048,669
1755831523.0454938,35,353,449
1755831523.0454938,34,330,404
1755831523.0454938,31,327,440
1755831523.0454938,24,433,480
1755831523.0454938,21,310,161
1755831523.0454938,17,599,452
1755831523.0454938,10,596,587
1755831523.0454938,8,689,533
1755831523.0454938,6,599,405
1755831523.0454938,5,350,492
1755831523.0454938,4,554,545
1755831523.0454938,2,288,483
1755831523.0454938,1,663,442
1755831523.100793,37,1049,669
1755831523.100793,35,351,450
1755831523.100793,34,330,406
1755831523.100793,31,328,439
1755831523.100793,24,433,479
1755831523.100793,21,311,164
1755831523.100793,17,599,450
1755831523.100793,10,595,587
1755831523.100793,8,689,535
1755831523.100793,6,599,404
1755831523.100793,5,349,492
1755831523.100793,4,558,547
1755831523.100793,2,288,483
1755831523.100793,1,665,443
1755831523.1533647,39,392,303
1755831523.1533647,37,1050,669
1755831523.1533647,35,351,450
1755831523.1533647,34,330,407
1755831523.1533647,31,328,438
1755831523.1533647,24,433,478
1755831523.1533647,21,314,166
1755831523.1533647,17,598,449
1755831523.1533647,10,596,588
1755831523.1533647,8,689,535
1755831523.1533647,6,599,403
1755831523.1533647,5,349,492
1755831523.1533647,4,560,548
1755831523.1533647,2,288,483
1755831523.1533647,1,666,443
1755831523.2091095,39,390,305
1755831523.2091095,37,1049,669
1755831523.2091095,35,351,450
1755831523.2091095,34,331,408
1755831523.2091095,31,328,438
1755831523.2091095,24,432,478
1755831523.2091095,21,317,167
1755831523.2091095,17,597,448
1755831523.2091095,10,595,588
1755831523.2091095,8,689,536
1755831523.2091095,6,599,402
1755831523.2091095,5,349,491
1755831523.2091095,4,562,548
1755831523.2091095,2,289,483
1755831523.2091095,1,668,444
1755831523.2619026,39,389,308
1755831523.2619026,37,1048,669
1755831523.2619026,35,351,450
1755831523.2619026,34,332,409
1755831523.2619026,31,329,438
1755831523.2619026,24,431,477
1755831523.2619026,21,317,165
1755831523.2619026,17,596,447
1755831523.2619026,10,595,587
1755831523.2619026,8,689,536
1755831523.2619026,6,599,400
1755831523.2619026,5,350,491
1755831523.2619026,4,562,549
1755831523.2619026,2,289,483
1755831523.2619026,1,670,445
1755831523.310807,39,388,311
1755831523.310807,37,1048,669
1755831523.310807,35,349,452
1755831523.310807,34,333,409
1755831523.310807,31,332,438
1755831523.310807,24,431,477
1755831523.310807,21,318,165
1755831523.310807,17,596,445
1755831523.310807,10,595,587
1755831523.310807,8,689,534
1755831523.310807,6,598,399
1755831523.310807,5,349,490
1755831523.310807,4,563,549
1755831523.310807,2,290,483
1755831523.310807,1,671,446
1755831523.3660645,39,386,313
1755831523.3660645,37,1047,669
1755831523.3660645,35,348,452
1755831523.3660645,34,335,409
1755831523.3660645,31,332,437
1755831523.3660645,24,431,476
1755831523.3660645,21,317,167
1755831523.3660645,17,596,443
1755831523.3660645,10,595,587
1755831523.3660645,8,689,533
1755831523.3660645,6,597,399
1755831523.3660645,5,349,490
1755831523.3660645,4,564,550
1755831523.3660645,2,290,484
1755831523.3660645,1,672,447
1755831523.4197485,39,384,315
1755831523.4197485,37,1047,669
1755831523.4197485,35,348,453
1755831523.4197485,34,336,408
1755831523.4197485,31,332,435
1755831523.4197485,24,430,476
1755831523.4197485,21,318,168
1755831523.4197485,17,597,443
1755831523.4197485,10,593,587
1755831523.4197485,8,689,532
1755831523.4197485,6,596,399
1755831523.4197485,5,349,490
1755831523.4197485,4,563,552
1755831523.4197485,2,289,484
1755831523.4197485,1,673,447
1755831523.4738524,39,383,317
1755831523.4738524,37,1048,668
1755831523.4738524,35,349,453
1755831523.4738524,34,337,407
1755831523.4738524,31,332,435
1755831523.4738524,24,430,475
1755831523.4738524,21,317,167
1755831523.4738524,17,597,442
1755831523.4738524,10,591,587
1755831523.4738524,8,689,532
1755831523.4738524,6,597,398
1755831523.4738524,5,349,489
1755831523.4738524,4,564,552
1755831523.4738524,2,288,484
1755831523.4738524,1,675,448
1755831523.5246434,39,381,321
1755831523.5246434,37,1050,668
1755831523.5246434,35,350,454
1755831523.5246434,34,336,408
1755831523.5246434,31,332,435
1755831523.5246434,24,429,474
1755831523.5246434,21,317,162
1755831523.5246434,17,597,441
1755831523.5246434,10,589,587
1755831523.5246434,8,689,533
1755831523.5246434,6,595,397
1755831523.5246434,5,350,489
1755831523.5246434,4,566,552
1755831523.5246434,2,289,484
1755831523.5246434,1,676,448
1755831523.5779908,39,380,324
1755831523.5779908,37,1050,668
1755831523.5779908,35,350,454
1755831523.5779908,34,335,410
1755831523.5779908,31,331,435
1755831523.5779908,24,428,473
1755831523.5779908,21,317,162
1755831523.5779908,17,598,440
1755831523.5779908,10,588,587
1755831523.5779908,8,689,533
1755831523.5779908,6,596,396
1755831523.5779908,5,350,489
1755831523.5779908,4,564,553
1755831523.5779908,2,290,484
1755831523.5779908,1,678,449
1755831523.632231,37,1048,668
1755831523.632231,35,351,454
1755831523.632231,34,334,411
1755831523.632231,31,332,433
1755831523.632231,24,428,472
1755831523.632231,21,321,168
1755831523.632231,17,599,438
1755831523.632231,10,588,587
1755831523.632231,8,689,534
1755831523.632231,6,596,395
1755831523.632231,5,351,489
1755831523.632231,4,565,555
1755831523.632231,2,290,485
1755831523.632231,1,679,449
1755831523.6859896,37,1049,668
1755831523.6859896,35,351,455
1755831523.6859896,34,336,412
1755831523.6859896,31,332,434
1755831523.6859896,24,428,470
1755831523.6859896,17,600,437
1755831523.6859896,10,587,588
1755831523.6859896,8,689,535
1755831523.6859896,6,596,394
1755831523.6859896,5,350,489
1755831523.6859896,4,567,557
1755831523.6859896,2,290,486
1755831523.6859896,1,682,450
1755831523.7379518,37,1049,667
1755831523.7379518,35,350,455
1755831523.7379518,34,338,412
1755831523.7379518,31,333,434
1755831523.7379518,24,429,469
1755831523.7379518,17,601,435
1755831523.7379518,10,585,588
1755831523.7379518,8,689,535
1755831523.7379518,6,596,393
1755831523.7379518,5,350,489
1755831523.7379518,4,568,557
1755831523.7379518,2,291,486
1755831523.7379518,1,683,450
1755831523.7908792,37,1050,668
1755831523.7908792,35,350,455
1755831523.7908792,34,339,411
1755831523.7908792,31,331,434
1755831523.7908792,24,431,468
1755831523.7908792,17,601,433
1755831523.7908792,10,581,587
1755831523.7908792,8,689,535
1755831523.7908792,6,597,392
1755831523.7908792,5,350,489
1755831523.7908792,4,569,558
1755831523.7908792,2,292,486
1755831523.7908792,1,685,451
1755831523.8438768,37,1048,668
1755831523.8438768,35,349,455
1755831523.8438768,34,339,413
1755831523.8438768,31,326,432
1755831523.8438768,24,431,466
1755831523.8438768,17,602,431
1755831523.8438768,10,575,586
1755831523.8438768,8,689,535
1755831523.8438768,6,596,392
1755831523.8438768,5,350,489
1755831523.8438768,4,567,559
1755831523.8438768,2,294,486
1755831523.8438768,1,686,452
1755831523.8996649,37,1048,668
1755831523.8996649,35,349,455
1755831523.8996649,34,342,413
1755831523.8996649,31,325,430
1755831523.8996649,24,431,464
1755831523.8996649,17,602,429
1755831523.8996649,10,570,586
1755831523.8996649,8,689,535
1755831523.8996649,6,598,387
1755831523.8996649,5,351,489
1755831523.8996649,4,568,559
1755831523.8996649,2,295,486
1755831523.8996649,1,687,452
1755831523.9523969,37,1049,668
1755831523.9523969,35,347,454
1755831523.9523969,31,323,428
1755831523.9523969,24,435,464
1755831523.9523969,17,603,426
1755831523.9523969,10,563,584
1755831523.9523969,8,690,536
1755831523.9523969,6,599,384
1755831523.9523969,5,351,489
1755831523.9523969,4,571,561
1755831523.9523969,2,295,486
1755831523.9523969,1,688,452
1755831524.0046945,37,1049,668
1755831524.0046945,35,349,454
1755831524.0046945,31,323,427
1755831524.0046945,24,437,462
1755831524.0046945,17,605,425
1755831524.0046945,10,554,583
1755831524.0046945,8,690,536
1755831524.0046945,6,600,382
1755831524.0046945,5,352,489
1755831524.0046945,4,570,561
1755831524.0046945,2,296,486
1755831524.0046945,1,689,453
1755831524.0557148,37,1050,668
1755831524.0557148,35,349,453
1755831524.0557148,31,324,425
1755831524.0557148,24,437,461
1755831524.0557148,17,608,422
1755831524.0557148,10,549,581
1755831524.0557148,8,690,536
1755831524.0557148,6,600,381
1755831524.0557148,5,351,489
1755831524.0557148,2,296,486
1755831524.0557148,1,691,454
1755831524.108046,37,1048,668
1755831524.108046,35,347,453
1755831524.108046,31,324,423
1755831524.108046,24,438,460
1755831524.108046,17,610,419
1755831524.108046,10,541,579
1755831524.108046,8,690,536
1755831524.108046,6,599,379
1755831524.108046,5,351,489
1755831524.108046,2,297,486
1755831524.108046,1,693,454
1755831524.1631024,37,1047,668
1755831524.1631024,35,349,453
1755831524.1631024,31,323,421
1755831524.1631024,24,436,458
1755831524.1631024,17,613,416
1755831524.1631024,10,532,578
1755831524.1631024,8,690,537
1755831524.1631024,6,598,378
1755831524.1631024,5,351,489
1755831524.1631024,2,298,486
1755831524.1631024,1,694,455
1755831524.218792,37,1050,669
1755831524.218792,35,351,454
1755831524.218792,31,325,418
1755831524.218792,24,436,457
1755831524.218792,17,615,413
1755831524.218792,10,527,576
1755831524.218792,8,690,537
1755831524.218792,6,598,377
1755831524.218792,5,351,490
1755831524.218792,2,298,486
1755831524.218792,1,695,455
1755831524.2735417,37,1049,669
1755831524.2735417,35,356,457
1755831524.2735417,31,330,417
1755831524.2735417,24,436,456
1755831524.2735417,17,616,410
1755831524.2735417,10,524,575
1755831524.2735417,8,689,537
1755831524.2735417,6,598,376
1755831524.2735417,5,351,490
1755831524.2735417,2,298,486
1755831524.2735417,1,697,456
1755831524.344624,43,326,446
1755831524.344624,37,1049,670
1755831524.344624,35,357,457
1755831524.344624,31,333,416
1755831524.344624,24,436,455
1755831524.344624,17,617,407
1755831524.344624,10,522,573
1755831524.344624,8,689,537
1755831524.344624,6,597,375
1755831524.344624,5,351,490
1755831524.344624,2,298,486
1755831524.344624,1,699,457
1755831524.403035,44,312,139
1755831524.403035,43,327,446
1755831524.403035,37,1049,670
1755831524.403035,35,355,455
1755831524.403035,31,335,414
1755831524.403035,24,437,453
1755831524.403035,17,617,405
1755831524.403035,10,520,572
1755831524.403035,8,689,537
1755831524.403035,6,596,373
1755831524.403035,5,351,490
1755831524.403035,2,298,486
1755831524.403035,1,701,457
1755831524.4570918,45,342,180
1755831524.4570918,44,312,140
1755831524.4570918,43,329,447
1755831524.4570918,37,1048,670
1755831524.4570918,35,356,454
1755831524.4570918,31,336,413
1755831524.4570918,24,437,453
1755831524.4570918,17,619,403
1755831524.4570918,10,509,571
1755831524.4570918,8,689,537
1755831524.4570918,6,594,372
1755831524.4570918,5,351,490
1755831524.4570918,2,298,486
1755831524.4570918,1,704,458
1755831524.510983,45,340,179
1755831524.510983,43,332,445
1755831524.510983,37,1050,670
1755831524.510983,35,359,455
1755831524.510983,31,337,410
1755831524.510983,24,437,453
1755831524.510983,17,619,402
1755831524.510983,10,506,570
1755831524.510983,8,688,537
1755831524.510983,6,593,371
1755831524.510983,5,351,490
1755831524.510983,2,297,486
1755831524.510983,1,706,459
1755831524.5663102,46,358,385
1755831524.5663102,45,341,178
1755831524.5663102,43,333,444
1755831524.5663102,37,1052,669
1755831524.5663102,35,361,456
1755831524.5663102,34,354,424
1755831524.5663102,24,437,452
1755831524.5663102,17,619,400
1755831524.5663102,10,533,573
1755831524.5663102,8,688,538
1755831524.5663102,6,591,371
1755831524.5663102,5,352,490
1755831524.5663102,2,298,486
1755831524.5663102,1,708,460
1755831524.6217628,45,341,177
1755831524.6217628,43,334,445
1755831524.6217628,37,1052,669
1755831524.6217628,35,361,454
1755831524.6217628,34,355,426
1755831524.6217628,24,438,451
1755831524.6217628,17,619,400
1755831524.6217628,10,543,575
1755831524.6217628,8,689,537
1755831524.6217628,6,589,369
1755831524.6217628,5,353,490
1755831524.6217628,2,298,486
1755831524.6217628,1,710,460
1755831524.6754417,45,339,176
1755831524.6754417,43,334,447
1755831524.6754417,37,1052,669
1755831524.6754417,35,361,455
1755831524.6754417,24,439,450
1755831524.6754417,17,619,398
1755831524.6754417,10,545,576
1755831524.6754417,8,689,539
1755831524.6754417,6,588,369
1755831524.6754417,5,354,490
1755831524.6754417,2,298,486
1755831524.6754417,1,711,460
1755831524.7298505,47,467,562
1755831524.7298505,45,339,176
1755831524.7298505,43,334,450
1755831524.7298505,37,1050,670
1755831524.7298505,35,361,457
1755831524.7298505,31,341,403
1755831524.7298505,24,440,449
1755831524.7298505,17,620,398
1755831524.7298505,10,543,576
1755831524.7298505,8,689,538
1755831524.7298505,6,584,368
1755831524.7298505,5,354,491
1755831524.7298505,2,298,487
1755831524.7298505,1,713,460
1755831524.7843263,47,462,561
1755831524.7843263,45,337,174
1755831524.7843263,43,333,453
1755831524.7843263,37,1050,670
1755831524.7843263,35,360,457
1755831524.7843263,24,442,448
1755831524.7843263,17,621,397
1755831524.7843263,10,541,575
1755831524.7843263,8,689,538
1755831524.7843263,6,581,367
1755831524.7843263,5,355,492
1755831524.7843263,2,298,487
1755831524.7843263,1,714,461
1755831524.8393822,49,312,156
1755831524.8393822,48,400,379
1755831524.8393822,47,457,560
1755831524.8393822,45,340,174
1755831524.8393822,43,334,454
1755831524.8393822,37,1050,669
1755831524.8393822,35,359,456
1755831524.8393822,24,443,447
1755831524.8393822,17,622,395
1755831524.8393822,10,540,575
1755831524.8393822,8,688,538
1755831524.8393822,6,580,366
1755831524.8393822,5,352,492
1755831524.8393822,2,297,486
1755831524.8393822,1,717,462
1755831524.8942573,49,307,158
1755831524.8942573,48,403,382
1755831524.8942573,47,452,560
1755831524.8942573,45,341,175
1755831524.8942573,43,334,455
1755831524.8942573,37,1049,669
1755831524.8942573,35,358,459
1755831524.8942573,31,339,393
1755831524.8942573,24,445,446
1755831524.8942573,17,623,394
1755831524.8942573,10,540,574
1755831524.8942573,8,689,538
1755831524.8942573,6,578,366
1755831524.8942573,5,351,493
1755831524.8942573,2,297,486
1755831524.8942573,1,718,463
1755831524.9508605,49,310,160
1755831524.9508605,48,404,384
1755831524.9508605,47,449,559
1755831524.9508605,45,341,175
1755831524.9508605,43,333,456
1755831524.9508605,37,1050,668
1755831524.9508605,35,358,459
1755831524.9508605,31,338,390
1755831524.9508605,24,447,444
1755831524.9508605,17,623,392
1755831524.9508605,10,539,574
1755831524.9508605,8,688,536
1755831524.9508605,6,576,366
1755831524.9508605,5,353,492
1755831524.9508605,2,295,485
1755831524.9508605,1,721,463
1755831525.0118597,49,313,162
1755831525.0118597,48,404,387
1755831525.0118597,47,446,558
1755831525.0118597,45,341,176
1755831525.0118597,43,332,458
1755831525.0118597,37,1051,668
1755831525.0118597,35,359,459
1755831525.0118597,31,338,388
1755831525.0118597,24,448,443
1755831525.0118597,17,622,391
1755831525.0118597,10,539,573
1755831525.0118597,8,687,537
1755831525.0118597,6,572,365
1755831525.0118597,5,353,492
1755831525.0118597,2,294,485
1755831525.0118597,1,722,464
1755831525.069129,49,316,162
1755831525.069129,48,405,390
1755831525.069129,47,444,556
1755831525.069129,45,343,176
1755831525.069129,43,334,459
1755831525.069129,37,1050,668
1755831525.069129,35,356,458
1755831525.069129,31,337,387
1755831525.069129,24,450,442
1755831525.069129,17,623,389
1755831525.069129,10,540,573
1755831525.069129,8,687,536
1755831525.069129,6,568,365
1755831525.069129,5,353,492
1755831525.069129,2,295,485
1755831525.069129,1,723,464
1755831525.125053,49,316,162
1755831525.125053,48,408,393
1755831525.125053,47,442,555
1755831525.125053,45,343,177
1755831525.125053,43,335,459
1755831525.125053,37,1050,668
1755831525.125053,35,352,457
1755831525.125053,31,337,385
1755831525.125053,24,452,440
1755831525.125053,17,623,389
1755831525.125053,10,540,573
1755831525.125053,8,687,536
1755831525.125053,6,562,364
1755831525.125053,5,352,492
1755831525.125053,2,295,485
1755831525.125053,1,725,465
1755831525.1890676,51,342,426
1755831525.1890676,49,317,162
1755831525.1890676,48,410,396
1755831525.1890676,47,441,553
1755831525.1890676,45,343,178
1755831525.1890676,43,335,459
1755831525.1890676,37,1050,668
1755831525.1890676,35,351,457
1755831525.1890676,31,337,383
1755831525.1890676,24,452,438
1755831525.1890676,17,624,388
1755831525.1890676,10,539,572
1755831525.1890676,8,687,535
1755831525.1890676,6,559,364
1755831525.1890676,5,350,492
1755831525.1890676,2,296,485
1755831525.1890676,1,727,465
1755831525.2474377,51,343,430
1755831525.2474377,49,316,164
1755831525.2474377,48,414,402
1755831525.2474377,47,440,552
1755831525.2474377,45,344,180
1755831525.2474377,43,336,459
1755831525.2474377,35,347,458
1755831525.2474377,31,338,383
1755831525.2474377,24,453,437
1755831525.2474377,17,624,387
1755831525.2474377,10,538,573
1755831525.2474377,8,686,534
1755831525.2474377,6,557,363
1755831525.2474377,5,350,492
1755831525.2474377,2,297,486
1755831525.2474377,1,729,465
1755831525.3042648,51,344,432
1755831525.3042648,48,416,406
1755831525.3042648,47,439,552
1755831525.3042648,45,345,182
1755831525.3042648,43,337,459
1755831525.3042648,31,338,381
1755831525.3042648,24,453,435
1755831525.3042648,17,625,386
1755831525.3042648,10,538,573
1755831525.3042648,8,686,533
1755831525.3042648,6,554,363
1755831525.3042648,5,351,493
1755831525.3042648,2,297,486
1755831525.3042648,1,731,465
1755831525.360982,51,347,427
1755831525.360982,50,319,141
1755831525.360982,48,417,410
1755831525.360982,47,438,551
1755831525.360982,45,345,183
1755831525.360982,43,339,459
1755831525.360982,37,1050,669
1755831525.360982,31,338,379
1755831525.360982,24,455,434
1755831525.360982,17,626,384
1755831525.360982,10,536,573
1755831525.360982,8,686,533
1755831525.360982,6,551,362
1755831525.360982,5,350,493
1755831525.360982,2,296,487
1755831525.360982,1,732,465
1755831525.4155014,52,376,397
1755831525.4155014,51,347,432
1755831525.4155014,50,319,142
1755831525.4155014,49,318,157
1755831525.4155014,48,420,414
1755831525.4155014,47,438,551
1755831525.4155014,45,344,185
1755831525.4155014,43,338,459
1755831525.4155014,31,339,378
1755831525.4155014,24,458,433
1755831525.4155014,17,627,383
1755831525.4155014,10,535,573
1755831525.4155014,8,686,533
1755831525.4155014,6,549,361
1755831525.4155014,5,349,493
1755831525.4155014,2,295,487
1755831525.4155014,1,733,466
1755831525.4709966,52,374,399
1755831525.4709966,51,348,434
1755831525.4709966,48,422,417
1755831525.4709966,47,436,552
1755831525.4709966,45,343,185
1755831525.4709966,43,337,459
1755831525.4709966,31,339,377
1755831525.4709966,24,463,433
1755831525.4709966,17,628,383
1755831525.4709966,10,535,573
1755831525.4709966,8,686,534
1755831525.4709966,6,546,360
1755831525.4709966,5,349,493
1755831525.4709966,2,294,487
1755831525.4709966,1,734,466
1755831525.5265064,52,373,399
1755831525.5265064,51,349,432
1755831525.5265064,48,424,419
1755831525.5265064,47,437,552
1755831525.5265064,45,343,186
1755831525.5265064,43,335,458
1755831525.5265064,37,1048,669
1755831525.5265064,31,339,376
1755831525.5265064,24,467,432
1755831525.5265064,17,629,382
1755831525.5265064,10,534,573
1755831525.5265064,8,687,534
1755831525.5265064,6,543,358
1755831525.5265064,5,348,492
1755831525.5265064,2,294,488
1755831525.5265064,1,735,467
1755831525.5821638,52,370,401
1755831525.5821638,51,363,435
1755831525.5821638,49,309,170
1755831525.5821638,48,426,422
1755831525.5821638,47,437,553
1755831525.5821638,45,343,186
1755831525.5821638,43,334,458
1755831525.5821638,37,1048,669
1755831525.5821638,31,339,375
1755831525.5821638,24,468,430
1755831525.5821638,17,630,381
1755831525.5821638,10,535,573
1755831525.5821638,8,687,533
1755831525.5821638,6,541,358
1755831525.5821638,5,347,492
1755831525.5821638,2,293,488
1755831525.5821638,1,736,467
1755831525.6411128,52,369,401
1755831525.6411128,51,356,432
1755831525.6411128,48,428,426
1755831525.6411128,47,437,554
1755831525.6411128,45,341,187
1755831525.6411128,43,339,458
1755831525.6411128,37,1048,668
1755831525.6411128,31,340,374
1755831525.6411128,24,471,429
1755831525.6411128,17,631,381
1755831525.6411128,10,534,572
1755831525.6411128,8,686,533
1755831525.6411128,6,540,359
1755831525.6411128,5,348,492
1755831525.6411128,2,293,489
1755831525.6411128,1,738,467
1755831525.694851,52,366,402
1755831525.694851,51,340,428
1755831525.694851,48,431,427
1755831525.694851,47,437,554
1755831525.694851,45,340,188
1755831525.694851,43,342,457
1755831525.694851,37,1048,669
1755831525.694851,31,341,373
1755831525.694851,24,474,429
1755831525.694851,17,633,381
1755831525.694851,10,535,572
1755831525.694851,8,686,533
1755831525.694851,6,535,358
1755831525.694851,5,348,492
1755831525.694851,2,293,489
1755831525.694851,1,740,468
1755831525.7551575,52,364,402
1755831525.7551575,51,357,438
1755831525.7551575,48,434,430
1755831525.7551575,47,435,554
1755831525.7551575,43,343,458
1755831525.7551575,37,1046,668
1755831525.7551575,31,341,372
1755831525.7551575,24,479,428
1755831525.7551575,17,634,381
1755831525.7551575,10,535,572
1755831525.7551575,8,686,533
1755831525.7551575,6,534,357
1755831525.7551575,5,348,492
1755831525.7551575,2,293,489
1755831525.7551575,1,741,468
1755831525.8115013,52,362,402
1755831525.8115013,51,368,443
1755831525.8115013,48,436,432
1755831525.8115013,47,433,554
1755831525.8115013,43,343,456
1755831525.8115013,31,339,371
1755831525.8115013,24,483,427
1755831525.8115013,17,635,382
1755831525.8115013,10,536,573
1755831525.8115013,8,686,532
1755831525.8115013,6,531,356
1755831525.8115013,5,348,492
1755831525.8115013,2,292,489
1755831525.8115013,1,743,468
1755831525.866669,53,358,312
1755831525.866669,52,361,402
1755831525.866669,51,375,446
1755831525.866669,49,303,170
1755831525.866669,48,438,434
1755831525.866669,47,433,555
1755831525.866669,45,336,191
1755831525.866669,43,341,455
1755831525.866669,31,340,370
1755831525.866669,24,485,426
1755831525.866669,17,636,384
1755831525.866669,10,537,573
1755831525.866669,8,686,530
1755831525.866669,6,530,355
1755831525.866669,5,349,492
1755831525.866669,2,291,489
1755831525.866669,1,744,468
1755831525.9210296,54,338,424
1755831525.9210296,53,358,315
1755831525.9210296,52,361,403
1755831525.9210296,51,381,449
1755831525.9210296,49,303,171
1755831525.9210296,48,441,437
1755831525.9210296,47,432,555
1755831525.9210296,45,333,192
1755831525.9210296,43,340,453
1755831525.9210296,37,1047,669
1755831525.9210296,31,340,369
1755831525.9210296,24,487,425
1755831525.9210296,17,638,384
1755831525.9210296,10,538,573
1755831525.9210296,8,686,531
1755831525.9210296,6,525,355
1755831525.9210296,5,348,492
1755831525.9210296,2,291,489
1755831525.9210296,1,745,469
1755831525.9779875,54,337,419
1755831525.9779875,53,360,321
1755831525.9779875,52,360,403
1755831525.9779875,51,387,451
1755831525.9779875,49,303,172
1755831525.9779875,48,443,439
1755831525.9779875,47,431,555
1755831525.9779875,45,333,192
1755831525.9779875,43,340,453
1755831525.9779875,31,341,369
1755831525.9779875,24,491,425
1755831525.9779875,17,639,381
1755831525.9779875,10,538,572
1755831525.9779875,8,686,531
1755831525.9779875,6,523,354
1755831525.9779875,5,348,492
1755831525.9779875,2,292,489
1755831525.9779875,1,748,469
1755831526.0345986,54,336,416
1755831526.0345986,53,362,324
1755831526.0345986,52,358,403
1755831526.0345986,51,391,454
1755831526.0345986,50,315,141
1755831526.0345986,49,305,171
1755831526.0345986,48,444,440
1755831526.0345986,47,430,555
1755831526.0345986,45,333,193
1755831526.0345986,43,342,453
1755831526.0345986,31,342,368
1755831526.0345986,24,493,425
1755831526.0345986,17,641,380
1755831526.0345986,10,537,572
1755831526.0345986,8,686,531
1755831526.0345986,6,520,354
1755831526.0345986,5,348,492
1755831526.0345986,2,292,489
1755831526.0345986,1,749,469
1755831526.0919316,54,336,413
1755831526.0919316,53,365,329
1755831526.0919316,52,358,402
1755831526.0919316,51,395,455
1755831526.0919316,50,317,142
1755831526.0919316,49,304,172
1755831526.0919316,48,446,442
1755831526.0919316,47,430,554
1755831526.0919316,43,343,454
1755831526.0919316,31,341,367
1755831526.0919316,24,495,426
1755831526.0919316,17,642,380
1755831526.0919316,10,537,572
1755831526.0919316,8,686,531
1755831526.0919316,6,517,353
1755831526.0919316,5,348,492
1755831526.0919316,2,293,489
1755831526.0919316,1,751,469
1755831526.1471217,55,316,147
1755831526.1471217,54,337,411
1755831526.1471217,53,369,333
1755831526.1471217,52,354,401
1755831526.1471217,51,399,458
1755831526.1471217,49,305,173
1755831526.1471217,48,448,443
1755831526.1471217,47,429,555
1755831526.1471217,43,343,454
1755831526.1471217,31,341,366
1755831526.1471217,24,497,424
1755831526.1471217,17,643,380
1755831526.1471217,10,537,573
1755831526.1471217,8,686,530
1755831526.1471217,6,515,353
1755831526.1471217,5,349,492
1755831526.1471217,2,292,489
1755831526.1471217,1,753,469
1755831526.2049184,55,318,146
1755831526.2049184,54,335,407
1755831526.2049184,53,372,336
1755831526.2049184,52,354,401
1755831526.2049184,51,405,459
1755831526.2049184,49,305,174
1755831526.2049184,48,450,446
1755831526.2049184,47,429,555
1755831526.2049184,43,345,453
1755831526.2049184,31,339,365
1755831526.2049184,24,500,422
1755831526.2049184,17,644,381
1755831526.2049184,10,537,573
1755831526.2049184,8,687,531
1755831526.2049184,6,513,352
1755831526.2049184,5,347,492
1755831526.2049184,2,292,490
1755831526.2049184,1,754,470
1755831526.261677,55,321,145
1755831526.261677,54,334,405
1755831526.261677,53,374,339
1755831526.261677,52,354,400
1755831526.261677,51,412,461
1755831526.261677,49,305,173
1755831526.261677,48,452,447
1755831526.261677,47,429,554
1755831526.261677,43,346,452
1755831526.261677,31,339,363
1755831526.261677,24,503,421
1755831526.261677,17,644,381
1755831526.261677,10,536,573
1755831526.261677,8,687,531
1755831526.261677,6,510,352
1755831526.261677,5,346,492
1755831526.261677,2,292,490
1755831526.261677,1,755,470
1755831526.3230786,55,320,146
1755831526.3230786,54,335,403
1755831526.3230786,53,377,341
1755831526.3230786,52,354,401
1755831526.3230786,51,417,463
1755831526.3230786,49,306,174
1755831526.3230786,48,456,450
1755831526.3230786,47,431,554
1755831526.3230786,43,347,452
1755831526.3230786,31,338,363
1755831526.3230786,24,504,420
1755831526.3230786,17,645,381
1755831526.3230786,10,536,573
1755831526.3230786,8,687,531
1755831526.3230786,6,506,352
1755831526.3230786,5,345,492
1755831526.3230786,2,292,490
1755831526.3230786,1,757,470
1755831526.37825,55,318,147
1755831526.37825,53,380,341
1755831526.37825,52,350,400
1755831526.37825,51,421,464
1755831526.37825,49,308,175
1755831526.37825,48,459,452
1755831526.37825,47,432,553
1755831526.37825,43,347,451
1755831526.37825,31,339,362
1755831526.37825,24,506,419
1755831526.37825,17,646,383
1755831526.37825,10,537,572
1755831526.37825,8,687,531
1755831526.37825,6,504,352
1755831526.37825,5,345,492
1755831526.37825,2,293,491
1755831526.37825,1,758,471
1755831526.4338784,55,317,149
1755831526.4338784,53,383,344
1755831526.4338784,52,349,397
1755831526.4338784,51,427,466
1755831526.4338784,49,307,175
1755831526.4338784,48,462,454
1755831526.4338784,47,432,552
1755831526.4338784,43,347,449
1755831526.4338784,31,339,359
1755831526.4338784,24,510,417
1755831526.4338784,17,646,384
1755831526.4338784,10,538,572
1755831526.4338784,8,687,531
1755831526.4338784,6,500,350
1755831526.4338784,5,345,492
1755831526.4338784,2,293,491
1755831526.4338784,1,761,470
1755831526.4870741,55,317,151
1755831526.4870741,54,343,395
1755831526.4870741,53,389,348
1755831526.4870741,51,432,467
1755831526.4870741,49,306,176
1755831526.4870741,48,463,456
1755831526.4870741,47,433,553
1755831526.4870741,43,347,448
1755831526.4870741,31,340,357
1755831526.4870741,24,513,417
1755831526.4870741,17,647,384
1755831526.4870741,10,538,571
1755831526.4870741,8,687,531
1755831526.4870741,6,498,350
1755831526.4870741,5,345,492
1755831526.4870741,2,292,491
1755831526.4870741,1,762,470
1755831526.5409172,55,315,154
1755831526.5409172,54,342,393
1755831526.5409172,53,393,349
1755831526.5409172,51,439,469
1755831526.5409172,49,309,172
1755831526.5409172,48,468,458
1755831526.5409172,47,430,554
1755831526.5409172,43,346,447
1755831526.5409172,31,340,354
1755831526.5409172,24,515,416
1755831526.5409172,17,647,385
1755831526.5409172,10,537,571
1755831526.5409172,8,687,531
1755831526.5409172,6,497,350
1755831526.5409172,5,345,491
1755831526.5409172,2,291,492
1755831526.5409172,1,763,470
1755831526.6001377,55,315,156
1755831526.6001377,54,345,392
1755831526.6001377,53,397,350
1755831526.6001377,51,442,470
1755831526.6001377,49,310,175
1755831526.6001377,48,471,458
1755831526.6001377,47,428,554
1755831526.6001377,43,347,446
1755831526.6001377,31,340,351
1755831526.6001377,24,518,414
1755831526.6001377,17,649,385
1755831526.6001377,10,537,571
1755831526.6001377,8,687,532
1755831526.6001377,6,495,350
1755831526.6001377,5,345,491
1755831526.6001377,2,289,493
1755831526.6001377,1,764,471
1755831526.6571846,55,317,156
1755831526.6571846,54,345,391
1755831526.6571846,53,401,351
1755831526.6571846,51,446,472
1755831526.6571846,48,476,460
1755831526.6571846,47,428,554
1755831526.6571846,43,348,445
1755831526.6571846,31,340,350
1755831526.6571846,24,520,412
1755831526.6571846,17,651,387
1755831526.6571846,10,538,571
1755831526.6571846,8,686,531
1755831526.6571846,6,492,349
1755831526.6571846,5,345,491
1755831526.6571846,2,291,494
1755831526.6571846,1,766,471
1755831526.709065,55,318,156
1755831526.709065,54,345,390
1755831526.709065,53,407,353
1755831526.709065,51,450,472
1755831526.709065,48,483,461
1755831526.709065,47,428,554
1755831526.709065,43,348,442
1755831526.709065,31,341,348
1755831526.709065,24,523,410
1755831526.709065,17,654,388
1755831526.709065,10,538,571
1755831526.709065,8,686,531
1755831526.709065,6,489,349
1755831526.709065,5,345,491
1755831526.709065,2,293,496
1755831526.709065,1,768,471
1755831526.7643754,55,318,159
1755831526.7643754,54,345,388
1755831526.7643754,53,411,353
1755831526.7643754,51,455,473
1755831526.7643754,48,487,461
1755831526.7643754,47,428,555
1755831526.7643754,43,349,440
1755831526.7643754,31,341,346
1755831526.7643754,24,525,408
1755831526.7643754,17,657,389
1755831526.7643754,10,537,572
1755831526.7643754,8,686,531
1755831526.7643754,6,487,348
1755831526.7643754,5,345,491
1755831526.7643754,2,296,497
1755831526.7643754,1,770,471
1755831526.8214638,55,319,160
1755831526.8214638,54,343,386
1755831526.8214638,53,414,355
1755831526.8214638,51,457,474
1755831526.8214638,48,490,461
1755831526.8214638,47,428,555
1755831526.8214638,43,349,439
1755831526.8214638,31,341,345
1755831526.8214638,24,528,407
1755831526.8214638,17,659,390
1755831526.8214638,10,537,572
1755831526.8214638,8,686,531
1755831526.8214638,6,485,347
1755831526.8214638,5,346,491
1755831526.8214638,2,298,498
1755831526.8214638,1,770,471
1755831526.8793428,55,321,160
1755831526.8793428,54,343,384
1755831526.8793428,53,416,355
1755831526.8793428,51,463,475
1755831526.8793428,48,496,461
1755831526.8793428,47,429,555
1755831526.8793428,43,349,437
1755831526.8793428,31,342,343
1755831526.8793428,24,530,404
1755831526.8793428,17,661,392
1755831526.8793428,10,536,572
1755831526.8793428,8,685,531
1755831526.8793428,6,483,347
1755831526.8793428,5,345,491
1755831526.8793428,2,299,499
1755831526.8793428,1,772,472
1755831526.933671,55,321,162
1755831526.933671,54,342,384
1755831526.933671,53,418,355
1755831526.933671,51,467,477
1755831526.933671,48,505,462
1755831526.933671,47,429,555
1755831526.933671,43,350,436
1755831526.933671,31,342,341
1755831526.933671,24,533,403
1755831526.933671,17,662,394
1755831526.933671,10,535,572
1755831526.933671,8,685,531
1755831526.933671,6,475,347
1755831526.933671,5,345,491
1755831526.933671,2,302,501
1755831526.933671,1,774,472
1755831526.9913712,55,322,163
1755831526.9913712,54,343,383
1755831526.9913712,53,418,355
1755831526.9913712,51,470,477
1755831526.9913712,48,509,463
1755831526.9913712,47,428,555
1755831526.9913712,43,350,435
1755831526.9913712,31,342,340
1755831526.9913712,24,535,401
1755831526.9913712,17,663,395
1755831526.9913712,10,535,573
1755831526.9913712,8,685,531
1755831526.9913712,6,470,347
1755831526.9913712,5,345,491
1755831526.9913712,2,302,502
1755831526.9913712,1,776,473
1755831527.0479662,55,320,170
1755831527.0479662,54,342,380
1755831527.0479662,53,420,354
1755831527.0479662,51,473,478
1755831527.0479662,48,514,462
1755831527.0479662,47,428,556
1755831527.0479662,43,350,433
1755831527.0479662,31,342,338
1755831527.0479662,24,537,399
1755831527.0479662,17,664,397
1755831527.0479662,10,535,572
1755831527.0479662,8,684,531
1755831527.0479662,6,467,348
1755831527.0479662,5,346,491
1755831527.0479662,2,305,504
1755831527.0479662,1,778,473
1755831527.1023312,55,320,173
1755831527.1023312,54,341,378
1755831527.1023312,53,422,354
1755831527.1023312,51,477,478
1755831527.1023312,48,519,462
1755831527.1023312,47,428,556
1755831527.1023312,43,349,430
1755831527.1023312,31,343,336
1755831527.1023312,24,540,397
1755831527.1023312,17,668,399
1755831527.1023312,10,536,571
1755831527.1023312,8,684,531
1755831527.1023312,6,467,346
1755831527.1023312,5,347,491
1755831527.1023312,2,309,506
1755831527.1023312,1,780,473
1755831527.1582172,57,331,144
1755831527.1582172,55,320,174
1755831527.1582172,54,342,377
1755831527.1582172,53,424,354
1755831527.1582172,51,481,480
1755831527.1582172,48,524,462
1755831527.1582172,47,427,555
1755831527.1582172,43,348,428
1755831527.1582172,31,342,334
1755831527.1582172,24,541,395
1755831527.1582172,17,669,401
1755831527.1582172,10,535,571
1755831527.1582172,8,684,531
1755831527.1582172,6,467,345
1755831527.1582172,5,345,491
1755831527.1582172,2,312,508
1755831527.1582172,1,781,473
1755831527.214868,57,332,143
1755831527.214868,55,319,175
1755831527.214868,54,341,375
1755831527.214868,53,424,355
1755831527.214868,51,485,480
1755831527.214868,48,530,462
1755831527.214868,47,427,554
1755831527.214868,43,347,426
1755831527.214868,31,342,332
1755831527.214868,24,543,392
1755831527.214868,17,672,402
1755831527.214868,10,536,571
1755831527.214868,8,683,531
1755831527.214868,6,467,344
1755831527.214868,5,345,490
1755831527.214868,2,316,510
1755831527.214868,1,783,473
1755831527.2724776,57,333,142
1755831527.2724776,55,318,177
1755831527.2724776,54,340,371
1755831527.2724776,53,428,356
1755831527.2724776,51,491,480
1755831527.2724776,48,537,461
1755831527.2724776,47,426,554
1755831527.2724776,43,346,422
1755831527.2724776,31,342,330
1755831527.2724776,24,545,391
1755831527.2724776,17,674,403
1755831527.2724776,10,536,571
1755831527.2724776,8,683,531
1755831527.2724776,6,466,342
1755831527.2724776,5,345,491
1755831527.2724776,2,319,512
1755831527.2724776,1,784,474
1755831527.3253236,57,334,143
1755831527.3253236,55,318,177
1755831527.3253236,54,339,367
1755831527.3253236,53,432,356
1755831527.3253236,51,493,480
1755831527.3253236,48,542,460
1755831527.3253236,47,425,553
1755831527.3253236,43,345,419
1755831527.3253236,31,342,329
1755831527.3253236,24,547,389
1755831527.3253236,17,675,404
1755831527.3253236,10,535,571
1755831527.3253236,8,683,531
1755831527.3253236,6,466,340
1755831527.3253236,5,345,491
1755831527.3253236,2,323,514
1755831527.3253236,1,786,474
1755831527.3802414,57,335,143
1755831527.3802414,55,317,176
1755831527.3802414,54,339,365
1755831527.3802414,53,438,355
1755831527.3802414,51,498,480
1755831527.3802414,48,546,459
1755831527.3802414,47,424,553
1755831527.3802414,43,344,416
1755831527.3802414,31,342,327
1755831527.3802414,24,547,387
1755831527.3802414,17,678,405
1755831527.3802414,10,534,571
1755831527.3802414,8,683,531
1755831527.3802414,6,463,337
1755831527.3802414,5,344,490
1755831527.3802414,2,325,515
1755831527.3802414,1,787,475
1755831527.438241,57,336,143
1755831527.438241,55,318,176
1755831527.438241,54,339,363
1755831527.438241,53,441,355
1755831527.438241,51,501,480
1755831527.438241,48,552,457
1755831527.438241,47,424,552
1755831527.438241,43,345,414
1755831527.438241,31,342,326
1755831527.438241,24,547,386
1755831527.438241,17,681,407
1755831527.438241,10,534,571
1755831527.438241,8,683,531
1755831527.438241,6,461,336
1755831527.438241,5,344,490
1755831527.438241,2,327,515
1755831527.438241,1,787,475
1755831527.4929976,57,339,144
1755831527.4929976,55,318,176
1755831527.4929976,54,338,360
1755831527.4929976,53,444,355
1755831527.4929976,51,505,480
1755831527.4929976,48,558,456
1755831527.4929976,47,423,552
1755831527.4929976,43,347,412
1755831527.4929976,31,341,324
1755831527.4929976,24,549,384
1755831527.4929976,17,684,410
1755831527.4929976,10,534,571
1755831527.4929976,8,683,532
1755831527.4929976,6,457,334
1755831527.4929976,5,343,490
1755831527.4929976,2,331,518
1755831527.4929976,1,789,475
1755831527.5453322,57,340,145
1755831527.5453322,55,318,176
1755831527.5453322,54,336,358
1755831527.5453322,53,449,356
1755831527.5453322,51,509,479
1755831527.5453322,48,564,454
1755831527.5453322,47,423,551
1755831527.5453322,43,348,408
1755831527.5453322,31,340,322
1755831527.5453322,24,550,383
1755831527.5453322,17,686,412
1755831527.5453322,10,534,571
1755831527.5453322,8,683,532
1755831527.5453322,6,454,333
1755831527.5453322,5,343,489
1755831527.5453322,2,335,519
1755831527.5453322,1,791,475
1755831527.601729,60,305,203
1755831527.601729,57,341,145
1755831527.601729,55,319,177
1755831527.601729,54,335,356
1755831527.601729,53,453,356
1755831527.601729,51,512,479
1755831527.601729,48,568,453
1755831527.601729,47,423,551
1755831527.601729,43,347,405
1755831527.601729,31,340,320
1755831527.601729,24,551,383
1755831527.601729,17,688,414
1755831527.601729,10,533,571
1755831527.601729,8,683,532
1755831527.601729,6,452,331
1755831527.601729,5,343,489
1755831527.601729,2,340,520
1755831527.601729,1,792,475
1755831527.6620843,60,305,203
1755831527.6620843,57,342,145
1755831527.6620843,55,319,177
1755831527.6620843,54,335,355
1755831527.6620843,53,457,357
1755831527.6620843,51,516,479
1755831527.6620843,48,572,452
1755831527.6620843,47,423,550
1755831527.6620843,43,347,402
1755831527.6620843,31,340,319
1755831527.6620843,24,552,381
1755831527.6620843,17,691,415
1755831527.6620843,10,533,571
1755831527.6620843,8,683,532
1755831527.6620843,6,451,330
1755831527.6620843,5,343,490
1755831527.6620843,2,345,521
1755831527.6620843,1,794,476
1755831527.7199268,60,305,203
1755831527.7199268,57,343,145
1755831527.7199268,55,319,177
1755831527.7199268,54,335,353
1755831527.7199268,53,459,356
1755831527.7199268,51,520,479
1755831527.7199268,48,575,451
1755831527.7199268,47,422,549
1755831527.7199268,43,346,400
1755831527.7199268,31,340,317
1755831527.7199268,24,554,379
1755831527.7199268,17,693,417
1755831527.7199268,10,533,571
1755831527.7199268,8,683,532
1755831527.7199268,6,448,329
1755831527.7199268,5,343,490
1755831527.7199268,2,348,522
1755831527.7199268,1,797,476
1755831527.7746716,60,305,203
1755831527.7746716,57,346,146
1755831527.7746716,55,320,176
1755831527.7746716,54,335,350
1755831527.7746716,53,464,357
1755831527.7746716,51,524,477
1755831527.7746716,48,581,449
1755831527.7746716,47,422,548
1755831527.7746716,43,346,397
1755831527.7746716,31,340,315
1755831527.7746716,24,555,378
1755831527.7746716,17,695,418
1755831527.7746716,10,533,571
1755831527.7746716,8,683,532
1755831527.7746716,6,445,328
1755831527.7746716,5,343,489
1755831527.7746716,2,351,524
1755831527.7746716,1,799,475
1755831527.8295846,60,305,203
1755831527.8295846,57,348,147
1755831527.8295846,55,320,177
1755831527.8295846,54,335,347
1755831527.8295846,53,467,357
1755831527.8295846,51,526,477
1755831527.8295846,48,586,446
1755831527.8295846,47,421,547
1755831527.8295846,43,347,394
1755831527.8295846,31,340,313
1755831527.8295846,24,556,377
1755831527.8295846,17,699,419
1755831527.8295846,10,534,571
1755831527.8295846,8,683,532
1755831527.8295846,6,443,328
1755831527.8295846,5,342,489
1755831527.8295846,2,354,524
1755831527.8295846,1,800,475
1755831527.8871667,60,304,204
1755831527.8871667,57,346,146
1755831527.8871667,55,321,176
1755831527.8871667,53,473,358
1755831527.8871667,51,529,476
1755831527.8871667,48,591,445
1755831527.8871667,47,421,545
1755831527.8871667,43,348,393
1755831527.8871667,31,340,312
1755831527.8871667,24,556,377
1755831527.8871667,17,701,421
1755831527.8871667,10,534,571
1755831527.8871667,8,683,533
1755831527.8871667,6,440,328
1755831527.8871667,5,341,489
1755831527.8871667,2,358,525
1755831527.8871667,1,802,475
1755831527.942118,60,304,204
1755831527.942118,57,353,148
1755831527.942118,55,321,175
1755831527.942118,53,477,358
1755831527.942118,51,532,475
1755831527.942118,48,595,442
1755831527.942118,47,420,544
1755831527.942118,43,348,391
1755831527.942118,31,339,309
1755831527.942118,24,556,377
1755831527.942118,17,705,423
1755831527.942118,10,534,571
1755831527.942118,8,683,533
1755831527.942118,6,439,327
1755831527.942118,5,341,489
1755831527.942118,2,363,526
1755831527.942118,1,804,475
1755831527.9970033,60,304,205
1755831527.9970033,57,354,149
1755831527.9970033,55,323,174
1755831527.9970033,53,481,358
1755831527.9970033,51,535,473
1755831527.9970033,48,599,440
1755831527.9970033,47,419,543
1755831527.9970033,43,348,389
1755831527.9970033,31,337,307
1755831527.9970033,24,557,377
1755831527.9970033,17,708,424
1755831527.9970033,10,534,570
1755831527.9970033,8,683,532
1755831527.9970033,6,436,325
1755831527.9970033,5,340,489
1755831527.9970033,2,366,526
1755831527.9970033,1,804,475
1755831528.05207,60,305,205
1755831528.05207,57,360,151
1755831528.05207,55,325,173
1755831528.05207,53,485,358
1755831528.05207,51,537,472
1755831528.05207,48,602,438
1755831528.05207,47,417,543
1755831528.05207,43,348,386
1755831528.05207,31,337,305
1755831528.05207,24,558,377
1755831528.05207,17,711,424
1755831528.05207,10,534,570
1755831528.05207,8,683,532
1755831528.05207,6,434,324
1755831528.05207,5,341,488
1755831528.05207,2,369,526
1755831528.05207,1,806,476
1755831528.1073954,60,305,205
1755831528.1073954,57,366,153
1755831528.1073954,55,326,171
1755831528.1073954,53,489,359
1755831528.1073954,51,538,470
1755831528.1073954,48,605,436
1755831528.1073954,47,416,543
1755831528.1073954,43,348,384
1755831528.1073954,31,336,304
1755831528.1073954,24,560,376
1755831528.1073954,17,714,424
1755831528.1073954,10,534,571
1755831528.1073954,8,683,532
1755831528.1073954,6,431,322
1755831528.1073954,5,341,488
1755831528.1073954,2,372,526
1755831528.1073954,1,808,476
1755831528.162024,60,306,206
1755831528.162024,57,369,155
1755831528.162024,55,328,170
1755831528.162024,54,335,318
1755831528.162024,53,492,359
1755831528.162024,51,539,469
1755831528.162024,48,608,434
1755831528.162024,47,415,544
1755831528.162024,43,348,382
1755831528.162024,31,336,302
1755831528.162024,24,562,376
1755831528.162024,17,715,425
1755831528.162024,10,533,571
1755831528.162024,8,683,532
1755831528.162024,6,429,321
1755831528.162024,5,341,488
1755831528.162024,2,376,527
1755831528.162024,1,810,476
1755831528.2186193,60,306,209
1755831528.2186193,57,371,155
1755831528.2186193,55,330,170
1755831528.2186193,53,495,359
1755831528.2186193,51,539,468
1755831528.2186193,48,610,432
1755831528.2186193,47,416,544
1755831528.2186193,43,348,380
1755831528.2186193,31,336,302
1755831528.2186193,24,564,376
1755831528.2186193,17,719,428
1755831528.2186193,10,533,571
1755831528.2186193,8,683,533
1755831528.2186193,6,426,320
1755831528.2186193,5,342,488
1755831528.2186193,2,379,527
1755831528.2186193,1,812,477
1755831528.2754295,60,305,210
1755831528.2754295,57,372,156
1755831528.2754295,55,330,170
1755831528.2754295,53,498,358
1755831528.2754295,51,540,467
1755831528.2754295,48,611,431
1755831528.2754295,47,416,544
1755831528.2754295,43,348,379
1755831528.2754295,31,335,301
1755831528.2754295,24,564,375
1755831528.2754295,17,721,429
1755831528.2754295,10,534,571
1755831528.2754295,8,683,533
1755831528.2754295,6,424,319
1755831528.2754295,5,343,488
1755831528.2754295,2,383,526
1755831528.2754295,1,813,477
1755831528.3323364,60,305,210
1755831528.3323364,57,374,157
1755831528.3323364,55,330,169
1755831528.3323364,53,501,358
1755831528.3323364,51,539,465
1755831528.3323364,48,613,428
1755831528.3323364,47,417,544
1755831528.3323364,43,348,378
1755831528.3323364,24,564,375
1755831528.3323364,17,725,431
1755831528.3323364,10,534,571
1755831528.3323364,8,683,533
1755831528.3323364,6,422,317
1755831528.3323364,5,343,488
1755831528.3323364,2,386,526
1755831528.3323364,1,814,477
1755831528.3865962,60,305,211
1755831528.3865962,57,376,158
1755831528.3865962,55,330,168
1755831528.3865962,54,336,301
1755831528.3865962,53,503,357
1755831528.3865962,51,539,463
1755831528.3865962,48,615,426
1755831528.3865962,47,416,544
1755831528.3865962,43,349,377
1755831528.3865962,24,565,376
1755831528.3865962,17,728,432
1755831528.3865962,10,534,570
1755831528.3865962,8,684,533
1755831528.3865962,6,421,316
1755831528.3865962,5,343,487
1755831528.3865962,2,390,525
1755831528.3865962,1,816,477
1755831528.4411545,60,305,211
1755831528.4411545,57,379,160
1755831528.4411545,55,330,167
1755831528.4411545,53,505,356
1755831528.4411545,51,539,461
1755831528.4411545,48,615,425
1755831528.4411545,47,416,543
1755831528.4411545,43,349,376
1755831528.4411545,24,565,375
1755831528.4411545,17,731,434
1755831528.4411545,10,534,570
1755831528.4411545,8,684,532
1755831528.4411545,6,419,315
1755831528.4411545,5,343,487
1755831528.4411545,2,393,525
1755831528.4411545,1,818,477
1755831528.502792,60,305,212
1755831528.502792,57,378,160
1755831528.502792,55,330,166
1755831528.502792,53,507,355
1755831528.502792,51,538,460
1755831528.502792,48,615,423
1755831528.502792,47,416,543
1755831528.502792,43,349,375
1755831528.502792,24,565,375
1755831528.502792,17,735,434
1755831528.502792,10,535,570
1755831528.502792,8,683,532
1755831528.502792,6,417,313
1755831528.502792,5,343,487
1755831528.502792,2,394,525
1755831528.502792,1,820,477
1755831528.56012,60,305,213
1755831528.56012,57,379,162
1755831528.56012,55,331,166
1755831528.56012,54,333,309
1755831528.56012,53,507,354
1755831528.56012,51,537,458
1755831528.56012,48,615,422
1755831528.56012,47,415,542
1755831528.56012,43,350,375
1755831528.56012,24,565,375
1755831528.56012,17,736,434
1755831528.56012,10,535,570
1755831528.56012,8,683,533
1755831528.56012,6,416,311
1755831528.56012,5,343,487
1755831528.56012,1,821,477
1755831528.6157858,60,305,214
1755831528.6157858,57,383,163
1755831528.6157858,55,332,167
1755831528.6157858,54,334,310
1755831528.6157858,53,508,353
1755831528.6157858,51,538,457
1755831528.6157858,48,615,419
1755831528.6157858,47,416,540
1755831528.6157858,43,350,374
1755831528.6157858,24,566,375
1755831528.6157858,17,741,435
1755831528.6157858,10,535,570
1755831528.6157858,8,684,533
1755831528.6157858,6,416,309
1755831528.6157858,5,344,487
1755831528.6157858,1,822,477
1755831528.6720922,60,306,215
1755831528.6720922,57,385,163
1755831528.6720922,55,330,166
1755831528.6720922,54,335,310
1755831528.6720922,53,509,350
1755831528.6720922,51,538,455
1755831528.6720922,48,614,417
1755831528.6720922,47,417,539
1755831528.6720922,43,351,373
1755831528.6720922,24,566,375
1755831528.6720922,17,746,436
1755831528.6720922,10,535,570
1755831528.6720922,8,684,532
1755831528.6720922,6,414,307
1755831528.6720922,5,345,487
1755831528.6720922,1,823,477
1755831528.7260451,60,306,216
1755831528.7260451,57,386,165
1755831528.7260451,55,326,163
1755831528.7260451,54,341,309
1755831528.7260451,53,512,349
1755831528.7260451,51,537,453
1755831528.7260451,48,614,416
1755831528.7260451,47,417,539
1755831528.7260451,43,350,370
1755831528.7260451,24,567,375
1755831528.7260451,17,750,437
1755831528.7260451,10,535,570
1755831528.7260451,8,684,532
1755831528.7260451,6,412,304
1755831528.7260451,5,345,486
1755831528.7260451,1,824,477
1755831528.7817523,60,306,216
1755831528.7817523,57,388,166
1755831528.7817523,55,325,161
1755831528.7817523,54,346,310
1755831528.7817523,53,514,348
1755831528.7817523,51,537,451
1755831528.7817523,48,615,412
1755831528.7817523,47,417,538
1755831528.7817523,43,350,368
1755831528.7817523,24,568,375
1755831528.7817523,17,754,437
1755831528.7817523,10,534,570
1755831528.7817523,8,684,532
1755831528.7817523,6,410,302
1755831528.7817523,5,345,486
1755831528.7817523,1,826,477
1755831528.8381877,63,362,188
1755831528.8381877,60,306,217
1755831528.8381877,57,389,166
1755831528.8381877,55,324,160
1755831528.8381877,54,347,309
1755831528.8381877,53,516,346
1755831528.8381877,51,537,450
1755831528.8381877,48,616,408
1755831528.8381877,47,418,537
1755831528.8381877,43,350,367
1755831528.8381877,24,570,376
1755831528.8381877,17,758,437
1755831528.8381877,10,534,570
1755831528.8381877,8,683,532
1755831528.8381877,6,408,299
1755831528.8381877,5,345,485
1755831528.8381877,1,828,477
1755831528.8962748,63,360,188
1755831528.8962748,60,306,217
1755831528.8962748,57,389,166
1755831528.8962748,55,324,159
1755831528.8962748,54,348,307
1755831528.8962748,53,517,345
1755831528.8962748,51,537,448
1755831528.8962748,48,616,406
1755831528.8962748,47,418,537
1755831528.8962748,43,352,366
1755831528.8962748,24,570,376
1755831528.8962748,17,762,437
1755831528.8962748,10,534,570
1755831528.8962748,8,683,531
1755831528.8962748,6,407,298
1755831528.8962748,5,345,485
1755831528.8962748,1,830,477
1755831528.95471,64,329,270
1755831528.95471,63,358,188
1755831528.95471,60,306,218
1755831528.95471,57,390,166
1755831528.95471,55,324,157
1755831528.95471,54,339,301
1755831528.95471,53,518,343
1755831528.95471,51,538,446
1755831528.95471,48,616,405
1755831528.95471,47,420,536
1755831528.95471,43,351,365
1755831528.95471,24,571,376
1755831528.95471,17,767,437
1755831528.95471,10,535,570
1755831528.95471,8,684,531
1755831528.95471,6,405,296
1755831528.95471,5,345,484
1755831528.95471,1,833,478
1755831529.011434,64,328,271
1755831529.011434,63,345,178
1755831529.011434,60,306,218
1755831529.011434,57,392,167
1755831529.011434,55,324,158
1755831529.011434,54,348,301
1755831529.011434,53,519,341
1755831529.011434,51,539,442
1755831529.011434,48,617,404
1755831529.011434,47,421,534
1755831529.011434,43,350,363
1755831529.011434,24,572,377
1755831529.011434,17,770,438
1755831529.011434,10,535,570
1755831529.011434,8,684,531
1755831529.011434,6,404,294
1755831529.011434,5,345,483
1755831529.011434,1,835,478
1755831529.0676713,64,329,274
1755831529.0676713,63,342,176
1755831529.0676713,60,306,219
1755831529.0676713,57,392,168
1755831529.0676713,55,325,157
1755831529.0676713,54,354,301
1755831529.0676713,53,519,339
1755831529.0676713,51,538,440
1755831529.0676713,48,618,402
1755831529.0676713,47,422,533
1755831529.0676713,43,348,361
1755831529.0676713,24,572,376
1755831529.0676713,17,773,437
1755831529.0676713,10,535,570
1755831529.0676713,8,683,530
1755831529.0676713,6,403,292
1755831529.0676713,5,345,482
1755831529.0676713,1,837,479
1755831529.1239433,64,329,274
1755831529.1239433,63,340,178
1755831529.1239433,57,393,168
1755831529.1239433,55,324,153
1755831529.1239433,54,356,301
1755831529.1239433,53,520,337
1755831529.1239433,51,538,438
1755831529.1239433,48,620,399
1755831529.1239433,47,422,533
1755831529.1239433,43,347,359
1755831529.1239433,24,573,376
1755831529.1239433,17,775,437
1755831529.1239433,10,535,570
1755831529.1239433,8,683,530
1755831529.1239433,6,403,291
1755831529.1239433,5,345,482
1755831529.1239433,1,838,479
1755831529.1777754,64,333,275
1755831529.1777754,63,335,174
1755831529.1777754,57,394,172
1755831529.1777754,55,322,149
1755831529.1777754,54,359,301
1755831529.1777754,53,520,335
1755831529.1777754,51,538,436
1755831529.1777754,48,620,394
1755831529.1777754,47,426,532
1755831529.1777754,43,347,357
1755831529.1777754,24,573,375
1755831529.1777754,17,779,437
1755831529.1777754,10,535,570
1755831529.1777754,8,683,531
1755831529.1777754,6,400,290
1755831529.1777754,5,345,481
1755831529.1777754,1,840,480
1755831529.236087,64,336,275
1755831529.236087,63,333,171
1755831529.236087,57,394,174
1755831529.236087,55,320,148
1755831529.236087,54,357,297
1755831529.236087,53,520,334
1755831529.236087,51,537,435
1755831529.236087,48,620,390
1755831529.236087,47,426,531
1755831529.236087,43,347,355
1755831529.236087,24,573,373
1755831529.236087,17,783,437
1755831529.236087,10,534,570
1755831529.236087,8,684,531
1755831529.236087,6,400,289
1755831529.236087,5,345,480
1755831529.236087,1,842,480
1755831529.29268,65,375,197
1755831529.29268,64,340,276
1755831529.29268,63,329,164
1755831529.29268,60,307,221
1755831529.29268,57,395,174
1755831529.29268,55,321,148
1755831529.29268,54,353,287
1755831529.29268,53,519,331
1755831529.29268,51,538,433
1755831529.29268,48,619,387
1755831529.29268,47,421,535
1755831529.29268,43,346,352
1755831529.29268,24,572,373
1755831529.29268,17,787,437
1755831529.29268,10,534,570
1755831529.29268,8,684,532
1755831529.29268,6,398,287
1755831529.29268,5,344,479
1755831529.29268,1,844,480
1755831529.350135,65,376,198
1755831529.350135,64,343,276
1755831529.350135,63,326,158
1755831529.350135,57,396,175
1755831529.350135,55,322,149
1755831529.350135,54,352,286
1755831529.350135,53,521,328
1755831529.350135,51,538,431
1755831529.350135,48,619,385
1755831529.350135,47,417,537
1755831529.350135,43,346,349
1755831529.350135,24,573,373
1755831529.350135,17,789,437
1755831529.350135,10,533,570
1755831529.350135,8,684,532
1755831529.350135,6,397,286
1755831529.350135,5,344,478
1755831529.350135,1,845,480
1755831529.4079463,65,377,199
1755831529.4079463,64,345,276
1755831529.4079463,63,325,153
1755831529.4079463,57,398,176
1755831529.4079463,55,319,146
1755831529.4079463,53,521,325
1755831529.4079463,51,537,428
1755831529.4079463,48,619,383
1755831529.4079463,47,416,538
1755831529.4079463,43,345,347
1755831529.4079463,24,573,372
1755831529.4079463,17,792,437
1755831529.4079463,10,532,571
1755831529.4079463,8,683,532
1755831529.4079463,6,395,282
1755831529.4079463,5,345,478
1755831529.4079463,1,846,480
1755831529.4654856,65,377,200
1755831529.4654856,64,344,273
1755831529.4654856,63,326,153
1755831529.4654856,60,307,225
1755831529.4654856,57,400,177
1755831529.4654856,55,318,145
1755831529.4654856,53,523,323
1755831529.4654856,51,537,426
1755831529.4654856,48,619,381
1755831529.4654856,47,415,538
1755831529.4654856,43,345,345
1755831529.4654856,24,574,371
1755831529.4654856,17,795,437
1755831529.4654856,10,531,571
1755831529.4654856,8,684,532
1755831529.4654856,6,393,279
1755831529.4654856,5,345,477
1755831529.4654856,1,847,480
1755831529.5232077,65,378,200
1755831529.5232077,64,345,275
1755831529.5232077,60,306,225
1755831529.5232077,57,399,177
1755831529.5232077,55,320,146
1755831529.5232077,53,524,322
1755831529.5232077,51,536,424
1755831529.5232077,48,619,379
1755831529.5232077,47,414,538
1755831529.5232077,43,344,342
1755831529.5232077,24,574,371
1755831529.5232077,17,798,437
1755831529.5232077,10,529,570
1755831529.5232077,8,684,532
1755831529.5232077,6,393,276
1755831529.5232077,5,346,477
1755831529.5232077,1,848,480
1755831529.5801523,65,379,202
1755831529.5801523,60,308,225
1755831529.5801523,57,399,176
1755831529.5801523,55,320,144
1755831529.5801523,53,524,321
1755831529.5801523,51,536,422
1755831529.5801523,48,619,376
1755831529.5801523,47,413,539
1755831529.5801523,43,344,340
1755831529.5801523,24,574,370
1755831529.5801523,17,799,437
1755831529.5801523,10,527,569
1755831529.5801523,8,684,533
1755831529.5801523,6,392,274
1755831529.5801523,5,346,477
1755831529.5801523,1,851,480
1755831529.6415665,65,380,202
1755831529.6415665,63,324,145
1755831529.6415665,60,309,226
1755831529.6415665,57,398,175
1755831529.6415665,55,319,142
1755831529.6415665,53,523,319
1755831529.6415665,51,534,417
1755831529.6415665,48,617,373
1755831529.6415665,47,412,539
1755831529.6415665,43,345,337
1755831529.6415665,24,573,370
1755831529.6415665,17,803,437
1755831529.6415665,10,526,569
1755831529.6415665,8,685,534
1755831529.6415665,6,391,272
1755831529.6415665,5,346,476
1755831529.6415665,1,853,481
1755831529.7040014,66,455,530
1755831529.7040014,65,383,202
1755831529.7040014,63,324,143
1755831529.7040014,60,314,230
1755831529.7040014,57,398,175
1755831529.7040014,55,319,141
1755831529.7040014,53,521,311
1755831529.7040014,51,534,414
1755831529.7040014,48,616,371
1755831529.7040014,47,412,539
1755831529.7040014,43,345,335
1755831529.7040014,24,572,370
1755831529.7040014,17,808,437
1755831529.7040014,10,525,568
1755831529.7040014,8,685,534
1755831529.7040014,6,391,271
1755831529.7040014,5,347,476
1755831529.7040014,1,855,481
1755831529.7605143,67,334,167
1755831529.7605143,66,456,532
1755831529.7605143,65,384,203
1755831529.7605143,60,318,230
1755831529.7605143,57,398,176
1755831529.7605143,55,319,140
1755831529.7605143,53,520,307
1755831529.7605143,51,533,411
1755831529.7605143,48,615,368
1755831529.7605143,47,412,538
1755831529.7605143,43,345,332
1755831529.7605143,24,572,370
1755831529.7605143,17,810,437
1755831529.7605143,10,523,567
1755831529.7605143,8,685,534
1755831529.7605143,6,390,269
1755831529.7605143,5,346,475
1755831529.7605143,1,855,481
1755831529.8219924,67,334,167
1755831529.8219924,66,458,532
1755831529.8219924,65,387,204
1755831529.8219924,60,315,227
1755831529.8219924,57,399,175
1755831529.8219924,55,319,139
1755831529.8219924,53,519,303
1755831529.8219924,51,531,409
1755831529.8219924,48,613,365
1755831529.8219924,47,411,537
1755831529.8219924,43,346,330
1755831529.8219924,24,573,369
1755831529.8219924,17,812,437
1755831529.8219924,10,522,565
1755831529.8219924,8,685,534
1755831529.8219924,6,391,268
1755831529.8219924,5,346,474
1755831529.8219924,1,856,481
1755831529.8790934,67,332,168
1755831529.8790934,66,460,534
1755831529.8790934,65,389,205
1755831529.8790934,60,316,226
1755831529.8790934,57,399,176
1755831529.8790934,55,318,139
1755831529.8790934,53,518,300
1755831529.8790934,51,528,404
1755831529.8790934,48,610,364
1755831529.8790934,47,411,536
1755831529.8790934,43,347,328
1755831529.8790934,24,574,369
1755831529.8790934,17,816,437
1755831529.8790934,10,522,563
1755831529.8790934,8,685,533
1755831529.8790934,6,390,268
1755831529.8790934,5,345,473
1755831529.8790934,1,856,481
1755831529.9379911,68,330,258
1755831529.9379911,67,331,168
1755831529.9379911,66,457,530
1755831529.9379911,65,391,205
1755831529.9379911,60,320,226
1755831529.9379911,57,400,176
1755831529.9379911,55,319,138
1755831529.9379911,53,515,298
1755831529.9379911,51,526,400
1755831529.9379911,48,608,361
1755831529.9379911,47,407,535
1755831529.9379911,43,347,325
1755831529.9379911,24,576,369
1755831529.9379911,17,819,437
1755831529.9379911,10,521,562
1755831529.9379911,8,685,532
1755831529.9379911,6,390,267
1755831529.9379911,5,345,472
1755831529.9379911,1,857,481
1755831529.9963143,68,330,257
1755831529.9963143,67,330,170
1755831529.9963143,66,457,528
1755831529.9963143,65,393,205
1755831529.9963143,60,322,226
1755831529.9963143,57,399,177
1755831529.9963143,55,319,139
1755831529.9963143,53,512,296
1755831529.9963143,51,524,398
1755831529.9963143,48,606,359
1755831529.9963143,47,406,535
1755831529.9963143,43,346,322
1755831529.9963143,24,575,370
1755831529.9963143,17,822,436
1755831529.9963143,10,520,561
1755831529.9963143,8,685,532
1755831529.9963143,6,391,267
1755831529.9963143,5,345,472
1755831529.9963143,1,857,481
1755831530.053349,68,335,259
1755831530.053349,67,331,169
1755831530.053349,66,462,527
1755831530.053349,65,396,205
1755831530.053349,60,324,226
1755831530.053349,57,399,177
1755831530.053349,55,321,139
1755831530.053349,53,510,294
1755831530.053349,51,520,393
1755831530.053349,48,598,351
1755831530.053349,47,405,534
1755831530.053349,43,349,321
1755831530.053349,24,577,369
1755831530.053349,17,825,437
1755831530.053349,10,518,561
1755831530.053349,8,686,532
1755831530.053349,6,391,266
1755831530.053349,5,346,471
1755831530.053349,1,857,480
1755831530.1099806,67,329,169
1755831530.1099806,66,463,526
1755831530.1099806,65,398,205
1755831530.1099806,60,325,227
1755831530.1099806,57,399,177
1755831530.1099806,55,322,139
1755831530.1099806,53,505,293
1755831530.1099806,51,517,390
1755831530.1099806,48,591,347
1755831530.1099806,47,405,534
1755831530.1099806,43,349,319
1755831530.1099806,24,577,368
1755831530.1099806,17,828,438
1755831530.1099806,10,516,560
1755831530.1099806,8,686,532
1755831530.1099806,6,391,264
1755831530.1099806,5,346,470
1755831530.1099806,1,857,480
1755831530.1679373,67,326,168
1755831530.1679373,66,464,527
1755831530.1679373,65,399,206
1755831530.1679373,60,326,227
1755831530.1679373,57,399,177
1755831530.1679373,55,320,139
1755831530.1679373,53,501,292
1755831530.1679373,51,513,386
1755831530.1679373,48,586,345
1755831530.1679373,47,404,534
1755831530.1679373,43,348,317
1755831530.1679373,24,577,367
1755831530.1679373,17,830,438
1755831530.1679373,10,514,559
1755831530.1679373,8,686,531
1755831530.1679373,6,392,264
1755831530.1679373,5,346,470
1755831530.1679373,1,858,480
1755831530.224991,67,322,169
1755831530.224991,66,464,525
1755831530.224991,65,401,206
1755831530.224991,60,326,227
1755831530.224991,57,401,177
1755831530.224991,55,318,140
1755831530.224991,53,497,289
1755831530.224991,51,510,381
1755831530.224991,48,583,342
1755831530.224991,47,404,533
1755831530.224991,43,348,315
1755831530.224991,24,577,367
1755831530.224991,17,832,438
1755831530.224991,10,512,557
1755831530.224991,8,686,532
1755831530.224991,6,392,262
1755831530.224991,5,346,469
1755831530.224991,1,859,480
1755831530.2833068,67,321,170
1755831530.2833068,66,463,524
1755831530.2833068,65,402,207
1755831530.2833068,60,327,226
1755831530.2833068,57,402,177
1755831530.2833068,55,316,141
1755831530.2833068,53,493,286
1755831530.2833068,51,504,375
1755831530.2833068,48,578,339
1755831530.2833068,47,402,532
1755831530.2833068,43,347,314
1755831530.2833068,24,578,367
1755831530.2833068,17,834,438
1755831530.2833068,10,510,555
1755831530.2833068,8,686,532
1755831530.2833068,6,392,261
1755831530.2833068,5,346,468
1755831530.2833068,1,859,480
1755831530.342365,66,463,524
1755831530.342365,65,404,207
1755831530.342365,60,327,227
1755831530.342365,57,402,177
1755831530.342365,55,316,143
1755831530.342365,53,489,284
1755831530.342365,51,500,371
1755831530.342365,48,573,337
1755831530.342365,47,402,532
1755831530.342365,43,346,314
1755831530.342365,24,578,367
1755831530.342365,17,835,438
1755831530.342365,10,507,554
1755831530.342365,8,686,532
1755831530.342365,6,392,260
1755831530.342365,5,347,467
1755831530.342365,1,859,480
1755831530.402115,66,463,524
1755831530.402115,65,407,208
1755831530.402115,60,328,227
1755831530.402115,57,401,177
1755831530.402115,53,484,282
1755831530.402115,51,496,369
1755831530.402115,48,565,336
1755831530.402115,47,400,532
1755831530.402115,43,344,313
1755831530.402115,24,580,367
1755831530.402115,17,838,439
1755831530.402115,10,507,553
1755831530.402115,8,685,531
1755831530.402115,6,392,259
1755831530.402115,5,346,467
1755831530.402115,1,860,481
1755831530.4592657,66,464,524
1755831530.4592657,65,411,208
1755831530.4592657,60,330,227
1755831530.4592657,57,401,177
1755831530.4592657,53,479,281
1755831530.4592657,51,490,365
1755831530.4592657,48,561,335
1755831530.4592657,47,399,532
1755831530.4592657,43,342,311
1755831530.4592657,24,581,367
1755831530.4592657,17,840,438
1755831530.4592657,10,506,552
1755831530.4592657,8,685,531
1755831530.4592657,6,392,257
1755831530.4592657,5,346,466
1755831530.4592657,1,860,481
1755831530.513949,67,325,173
1755831530.513949,66,466,524
1755831530.513949,65,413,208
1755831530.513949,60,330,227
1755831530.513949,57,400,177
1755831530.513949,53,476,281
1755831530.513949,51,483,362
1755831530.513949,48,555,333
1755831530.513949,47,399,531
1755831530.513949,43,340,309
1755831530.513949,24,582,367
1755831530.513949,17,844,438
1755831530.513949,10,504,551
1755831530.513949,8,685,531
1755831530.513949,6,392,256
1755831530.513949,5,346,465
1755831530.513949,1,861,481
1755831530.5713058,67,324,173
1755831530.5713058,66,468,524
1755831530.5713058,65,416,208
1755831530.5713058,60,331,226
1755831530.5713058,57,401,177
1755831530.5713058,53,473,280
1755831530.5713058,51,476,358
1755831530.5713058,48,549,333
1755831530.5713058,47,398,531
1755831530.5713058,43,339,309
1755831530.5713058,24,584,366
1755831530.5713058,17,846,439
1755831530.5713058,10,502,550
1755831530.5713058,8,685,531
1755831530.5713058,6,392,255
1755831530.5713058,5,346,464
1755831530.5713058,1,862,481
1755831530.6290934,67,324,174
1755831530.6290934,66,469,524
1755831530.6290934,65,419,207
1755831530.6290934,60,334,225
1755831530.6290934,57,401,176
1755831530.6290934,55,315,143
1755831530.6290934,53,471,279
1755831530.6290934,51,471,356
1755831530.6290934,48,541,330
1755831530.6290934,47,398,530
1755831530.6290934,43,338,308
1755831530.6290934,24,585,365
1755831530.6290934,17,848,440
1755831530.6290934,10,501,549
1755831530.6290934,8,685,530
1755831530.6290934,6,392,254
1755831530.6290934,5,345,463
1755831530.6290934,1,861,482
1755831530.688121,66,472,522
1755831530.688121,65,421,208
1755831530.688121,60,335,225
1755831530.688121,57,401,176
1755831530.688121,55,316,143
1755831530.688121,53,465,279
1755831530.688121,51,466,354
1755831530.688121,48,536,326
1755831530.688121,47,398,530
1755831530.688121,43,338,307
1755831530.688121,24,586,363
1755831530.688121,17,850,440
1755831530.688121,10,499,549
1755831530.688121,8,684,530
1755831530.688121,6,392,253
1755831530.688121,5,345,463
1755831530.688121,1,862,482
1755831530.7457447,66,478,521
1755831530.7457447,65,422,208
1755831530.7457447,60,335,225
1755831530.7457447,57,400,176
1755831530.7457447,55,316,143
1755831530.7457447,53,461,278
1755831530.7457447,51,459,351
1755831530.7457447,48,531,324
1755831530.7457447,47,397,530
1755831530.7457447,43,339,307
1755831530.7457447,24,587,362
1755831530.7457447,17,851,441
1755831530.7457447,10,498,549
1755831530.7457447,8,684,530
1755831530.7457447,6,393,252
1755831530.7457447,5,345,462
1755831530.7457447,1,862,482
1755831530.8030918,67,322,176
1755831530.8030918,65,422,207
1755831530.8030918,60,336,224
1755831530.8030918,57,401,176
1755831530.8030918,55,315,143
1755831530.8030918,53,457,277
1755831530.8030918,51,454,349
1755831530.8030918,48,527,322
1755831530.8030918,47,397,530
1755831530.8030918,43,339,306
1755831530.8030918,24,588,361
1755831530.8030918,17,853,441
1755831530.8030918,10,494,547
1755831530.8030918,8,684,531
1755831530.8030918,6,393,251
1755831530.8030918,5,345,460
1755831530.8030918,1,861,482
1755831530.8593075,67,322,175
1755831530.8593075,65,421,207
1755831530.8593075,60,338,224
1755831530.8593075,57,400,176
1755831530.8593075,55,315,143
1755831530.8593075,53,455,277
1755831530.8593075,51,450,348
1755831530.8593075,48,523,321
1755831530.8593075,47,396,529
1755831530.8593075,43,339,306
1755831530.8593075,24,588,360
1755831530.8593075,17,854,441
1755831530.8593075,10,491,547
1755831530.8593075,8,684,531
1755831530.8593075,6,393,251
1755831530.8593075,5,345,460
1755831530.8593075,1,861,482
1755831530.914501,67,322,177
1755831530.914501,65,424,207
1755831530.914501,60,342,224
1755831530.914501,57,400,176
1755831530.914501,55,315,143
1755831530.914501,53,452,276
1755831530.914501,51,444,345
1755831530.914501,48,515,318
1755831530.914501,47,395,530
1755831530.914501,43,338,306
1755831530.914501,24,590,360
1755831530.914501,17,857,443
1755831530.914501,10,489,547
1755831530.914501,8,684,531
1755831530.914501,6,393,250
1755831530.914501,5,346,457
1755831530.914501,1,863,482
1755831530.9732275,67,322,178
1755831530.9732275,65,426,208
1755831530.9732275,60,344,224
1755831530.9732275,57,400,176
1755831530.9732275,55,315,143
1755831530.9732275,53,448,275
1755831530.9732275,51,437,343
1755831530.9732275,48,509,317
1755831530.9732275,47,394,529
1755831530.9732275,43,336,305
1755831530.9732275,24,591,359
1755831530.9732275,17,858,444
1755831530.9732275,10,488,547
1755831530.9732275,8,685,531
1755831530.9732275,6,393,248
1755831530.9732275,5,346,455
1755831530.9732275,1,864,483
1755831531.0296032,65,428,208
1755831531.0296032,60,345,223
1755831531.0296032,57,399,176
1755831531.0296032,55,316,143
1755831531.0296032,53,445,273
1755831531.0296032,51,431,341
1755831531.0296032,48,504,317
1755831531.0296032,47,393,529
1755831531.0296032,43,336,304
1755831531.0296032,24,590,357
1755831531.0296032,17,859,445
1755831531.0296032,10,486,546
1755831531.0296032,8,685,531
1755831531.0296032,6,392,246
1755831531.0296032,5,346,453
1755831531.0296032,1,864,483
1755831531.0840747,65,430,208
1755831531.0840747,60,345,222
1755831531.0840747,57,399,175
1755831531.0840747,55,316,144
1755831531.0840747,53,443,273
1755831531.0840747,51,424,340
1755831531.0840747,48,499,315
1755831531.0840747,47,392,529
1755831531.0840747,43,336,303
1755831531.0840747,24,589,356
1755831531.0840747,17,862,445
1755831531.0840747,10,486,545
1755831531.0840747,8,685,531
1755831531.0840747,6,392,245
1755831531.0840747,5,346,452
1755831531.0840747,1,865,483
1755831531.1403754,67,324,180
1755831531.1403754,65,431,208
1755831531.1403754,57,399,175
1755831531.1403754,55,318,144
1755831531.1403754,53,437,272
1755831531.1403754,51,418,338
1755831531.1403754,48,493,314
1755831531.1403754,47,391,529
1755831531.1403754,43,336,302
1755831531.1403754,24,591,354
1755831531.1403754,17,864,446
1755831531.1403754,10,486,543
1755831531.1403754,8,685,531
1755831531.1403754,6,392,244
1755831531.1403754,5,346,451
1755831531.1403754,1,865,483
1755831531.1983259,67,324,180
1755831531.1983259,66,484,522
1755831531.1983259,65,432,207
1755831531.1983259,57,399,175
1755831531.1983259,55,319,144
1755831531.1983259,53,429,271
1755831531.1983259,51,413,337
1755831531.1983259,48,489,314
1755831531.1983259,47,391,528
1755831531.1983259,43,336,300
1755831531.1983259,24,592,350
1755831531.1983259,17,866,448
1755831531.1983259,10,486,542
1755831531.1983259,8,686,531
1755831531.1983259,6,392,243
1755831531.1983259,5,345,450
1755831531.1983259,1,865,483
1755831531.258108,67,324,180
1755831531.258108,66,484,521
1755831531.258108,65,434,207
1755831531.258108,57,399,175
1755831531.258108,55,320,145
1755831531.258108,53,425,271
1755831531.258108,51,408,335
1755831531.258108,48,485,312
1755831531.258108,47,390,528
1755831531.258108,43,336,297
1755831531.258108,24,594,348
1755831531.258108,17,868,449
1755831531.258108,10,486,542
1755831531.258108,8,686,531
1755831531.258108,6,391,240
1755831531.258108,5,345,449
1755831531.258108,1,865,483
1755831531.3148842,67,323,181
1755831531.3148842,66,485,520
1755831531.3148842,65,436,208
1755831531.3148842,57,400,175
1755831531.3148842,55,318,145
1755831531.3148842,53,420,271
1755831531.3148842,51,403,335
1755831531.3148842,48,482,312
1755831531.3148842,47,390,529
1755831531.3148842,43,338,297
1755831531.3148842,24,594,348
1755831531.3148842,17,870,450
1755831531.3148842,10,486,541
1755831531.3148842,8,686,531
1755831531.3148842,6,389,237
1755831531.3148842,5,344,447
1755831531.3148842,1,866,483
1755831531.3722925,67,323,181
1755831531.3722925,66,487,520
1755831531.3722925,65,437,209
1755831531.3722925,57,400,175
1755831531.3722925,55,318,145
1755831531.3722925,53,418,271
1755831531.3722925,51,396,333
1755831531.3722925,48,475,311
1755831531.3722925,47,389,528
1755831531.3722925,43,339,295
1755831531.3722925,24,593,348
1755831531.3722925,17,871,452
1755831531.3722925,10,487,541
1755831531.3722925,8,686,531
1755831531.3722925,6,388,235
1755831531.3722925,5,345,445
1755831531.3722925,1,867,484
1755831531.4251065,67,323,181
1755831531.4251065,66,488,522
1755831531.4251065,65,438,210
1755831531.4251065,57,399,175
1755831531.4251065,55,319,145
1755831531.4251065,53,416,271
1755831531.4251065,51,389,332
1755831531.4251065,48,469,310
1755831531.4251065,47,390,528
1755831531.4251065,43,339,293
1755831531.4251065,24,592,347
1755831531.4251065,17,872,453
1755831531.4251065,10,488,540
1755831531.4251065,8,686,531
1755831531.4251065,6,387,232
1755831531.4251065,5,345,444
1755831531.4251065,1,865,484
1755831531.4839542,67,323,182
1755831531.4839542,66,490,524
1755831531.4839542,65,441,211
1755831531.4839542,57,398,175
1755831531.4839542,55,320,146
1755831531.4839542,53,415,272
1755831531.4839542,51,384,331
1755831531.4839542,48,464,309
1755831531.4839542,47,388,527
1755831531.4839542,43,339,290
1755831531.4839542,24,591,346
1755831531.4839542,17,874,455
1755831531.4839542,10,488,541
1755831531.4839542,8,686,531
1755831531.4839542,6,385,231
1755831531.4839542,5,345,442
1755831531.4839542,1,864,485
1755831531.539904,67,323,183
1755831531.539904,66,491,524
1755831531.539904,65,442,212
1755831531.539904,57,398,176
1755831531.539904,53,413,272
1755831531.539904,51,381,331
1755831531.539904,48,457,308
1755831531.539904,47,387,527
1755831531.539904,43,339,288
1755831531.539904,24,586,345
1755831531.539904,17,876,456
1755831531.539904,10,487,541
1755831531.539904,8,686,531
1755831531.539904,6,384,227
1755831531.539904,5,345,440
1755831531.539904,1,864,485
1755831531.594159,67,323,183
1755831531.594159,66,493,524
1755831531.594159,65,444,212
1755831531.594159,57,398,176
1755831531.594159,53,412,272
1755831531.594159,51,376,330
1755831531.594159,48,451,307
1755831531.594159,47,386,526
1755831531.594159,43,339,285
1755831531.594159,24,582,343
1755831531.594159,17,877,458
1755831531.594159,10,486,540
1755831531.594159,8,686,531
1755831531.594159,6,384,225
1755831531.594159,5,345,437
1755831531.594159,1,865,485
1755831531.648014,67,324,184
1755831531.648014,66,494,526
1755831531.648014,65,446,212
1755831531.648014,57,399,176
1755831531.648014,55,322,150
1755831531.648014,53,408,271
1755831531.648014,51,371,329
1755831531.648014,48,447,307
1755831531.648014,47,385,526
1755831531.648014,43,339,283
1755831531.648014,24,576,341
1755831531.648014,17,878,460
1755831531.648014,10,487,540
1755831531.648014,8,686,531
1755831531.648014,6,384,223
1755831531.648014,5,345,435
1755831531.648014,1,866,485
1755831531.7058666,67,324,184
1755831531.7058666,66,494,527
1755831531.7058666,65,446,211
1755831531.7058666,57,398,176
1755831531.7058666,55,322,150
1755831531.7058666,53,405,271
1755831531.7058666,51,368,329
1755831531.7058666,48,443,306
1755831531.7058666,47,384,526
1755831531.7058666,43,338,281
1755831531.7058666,24,570,340
1755831531.7058666,17,878,461
1755831531.7058666,10,489,539
1755831531.7058666,8,685,530
1755831531.7058666,6,385,222
1755831531.7058666,5,345,434
1755831531.7058666,1,867,485
1755831531.7638848,67,325,182
1755831531.7638848,66,496,525
1755831531.7638848,65,449,212
1755831531.7638848,57,399,176
1755831531.7638848,55,320,152
1755831531.7638848,53,403,271
1755831531.7638848,51,364,330
1755831531.7638848,48,438,305
1755831531.7638848,47,383,526
1755831531.7638848,43,337,279
1755831531.7638848,24,560,339
1755831531.7638848,17,879,461
1755831531.7638848,10,491,540
1755831531.7638848,8,686,530
1755831531.7638848,6,385,221
1755831531.7638848,5,345,432
1755831531.7638848,1,866,486
1755831531.8191428,67,326,181
1755831531.8191428,66,497,526
1755831531.8191428,65,450,213
1755831531.8191428,57,399,176
1755831531.8191428,55,322,153
1755831531.8191428,53,399,271
1755831531.8191428,51,361,328
1755831531.8191428,48,433,304
1755831531.8191428,47,383,526
1755831531.8191428,43,336,277
1755831531.8191428,24,552,337
1755831531.8191428,17,881,462
1755831531.8191428,10,493,541
1755831531.8191428,8,687,530
1755831531.8191428,6,386,221
1755831531.8191428,5,345,431
1755831531.8191428,1,865,487
1755831531.875793,67,326,180
1755831531.875793,66,499,526
1755831531.875793,65,453,214
1755831531.875793,57,399,176
1755831531.875793,55,323,155
1755831531.875793,53,394,269
1755831531.875793,51,358,327
1755831531.875793,48,429,304
1755831531.875793,47,382,525
1755831531.875793,43,335,275
1755831531.875793,24,545,335
1755831531.875793,17,880,463
1755831531.875793,10,493,541
1755831531.875793,8,687,530
1755831531.875793,6,386,221
1755831531.875793,5,345,429
1755831531.875793,1,865,487
1755831531.9332485,67,326,180
1755831531.9332485,66,501,527
1755831531.9332485,65,455,214
1755831531.9332485,57,399,176
1755831531.9332485,55,324,155
1755831531.9332485,53,391,269
1755831531.9332485,51,356,326
1755831531.9332485,48,428,303
1755831531.9332485,47,382,525
1755831531.9332485,43,333,273
1755831531.9332485,24,538,334
1755831531.9332485,17,881,465
1755831531.9332485,10,493,541
1755831531.9332485,8,687,530
1755831531.9332485,6,386,219
1755831531.9332485,5,344,426
1755831531.9332485,1,864,488
1755831531.9897783,67,327,179
1755831531.9897783,66,503,528
1755831531.9897783,65,456,214
1755831531.9897783,57,399,175
1755831531.9897783,55,325,156
1755831531.9897783,53,390,268
1755831531.9897783,51,355,324
1755831531.9897783,48,426,303
1755831531.9897783,47,382,525
1755831531.9897783,43,332,268
1755831531.9897783,24,528,329
1755831531.9897783,17,882,466
1755831531.9897783,10,491,541
1755831531.9897783,8,687,531
1755831531.9897783,5,344,425
1755831531.9897783,1,863,488
1755831532.046149,67,328,179
1755831532.046149,66,507,529
1755831532.046149,65,457,214
1755831532.046149,57,400,176
1755831532.046149,55,326,157
1755831532.046149,53,388,268
1755831532.046149,51,354,322
1755831532.046149,48,423,303
1755831532.046149,47,382,525
1755831532.046149,43,332,265
1755831532.046149,24,522,326
1755831532.046149,17,882,466
1755831532.046149,10,491,540
1755831532.046149,8,687,531
1755831532.046149,5,343,423
1755831532.046149,1,863,488
1755831532.1048944,69,1053,667
1755831532.1048944,67,330,179
1755831532.1048944,66,509,529
1755831532.1048944,65,458,214
1755831532.1048944,57,400,176
1755831532.1048944,55,327,158
1755831532.1048944,51,353,321
1755831532.1048944,48,420,302
1755831532.1048944,47,381,524
1755831532.1048944,43,333,263
1755831532.1048944,24,517,325
1755831532.1048944,17,883,467
1755831532.1048944,10,491,540
1755831532.1048944,8,688,531
1755831532.1048944,5,343,420
1755831532.1048944,1,863,488
1755831532.158668,69,1053,668
1755831532.158668,67,329,180
1755831532.158668,66,508,529
1755831532.158668,65,458,216
1755831532.158668,57,399,176
1755831532.158668,55,327,157
1755831532.158668,51,353,320
1755831532.158668,48,418,302
1755831532.158668,47,382,524
1755831532.158668,43,333,262
1755831532.158668,24,512,324
1755831532.158668,17,884,469
1755831532.158668,10,488,540
1755831532.158668,8,688,531
1755831532.158668,5,343,417
1755831532.158668,1,864,489
1755831532.2127173,69,1053,667
1755831532.2127173,67,329,181
1755831532.2127173,66,510,529
1755831532.2127173,65,458,216
1755831532.2127173,57,398,176
1755831532.2127173,55,328,158
1755831532.2127173,51,352,320
1755831532.2127173,48,414,301
1755831532.2127173,47,382,524
1755831532.2127173,43,333,260
1755831532.2127173,24,507,321
1755831532.2127173,17,885,470
1755831532.2127173,10,485,540
1755831532.2127173,8,689,530
1755831532.2127173,6,377,204
1755831532.2127173,5,343,415
1755831532.2127173,1,864,489
1755831532.2683177,69,1053,666
1755831532.2683177,67,328,182
1755831532.2683177,66,513,528
1755831532.2683177,65,458,216
1755831532.2683177,57,398,176
1755831532.2683177,55,328,159
1755831532.2683177,51,351,320
1755831532.2683177,48,410,301
1755831532.2683177,47,381,523
1755831532.2683177,24,504,318
1755831532.2683177,17,886,472
1755831532.2683177,10,483,540
1755831532.2683177,8,688,530
1755831532.2683177,6,375,203
1755831532.2683177,5,343,413
1755831532.2683177,1,863,490
1755831532.325081,69,1054,666
1755831532.325081,67,329,184
1755831532.325081,66,515,529
1755831532.325081,65,459,217
1755831532.325081,57,397,176
1755831532.325081,55,328,160
1755831532.325081,51,349,320
1755831532.325081,48,404,301
1755831532.325081,47,381,523
1755831532.325081,24,499,317
1755831532.325081,17,887,474
1755831532.325081,10,483,540
1755831532.325081,8,688,531
1755831532.325081,6,373,202
1755831532.325081,5,342,410
1755831532.325081,1,863,490
1755831532.3799012,69,1054,667
1755831532.3799012,67,331,186
1755831532.3799012,66,518,528
1755831532.3799012,65,460,217
1755831532.3799012,57,398,176
1755831532.3799012,55,328,161
1755831532.3799012,51,348,319
1755831532.3799012,48,399,301
1755831532.3799012,47,381,522
1755831532.3799012,43,343,257
1755831532.3799012,24,495,315
1755831532.3799012,17,888,475
1755831532.3799012,10,486,541
1755831532.3799012,8,688,531
1755831532.3799012,6,373,201
1755831532.3799012,5,342,407
1755831532.3799012,1,863,491
1755831532.4357357,69,1054,668
1755831532.4357357,67,334,187
1755831532.4357357,66,522,526
1755831532.4357357,65,462,218
1755831532.4357357,55,328,161
1755831532.4357357,51,347,319
1755831532.4357357,48,396,300
1755831532.4357357,47,380,522
1755831532.4357357,43,342,256
1755831532.4357357,24,491,314
1755831532.4357357,17,888,475
1755831532.4357357,10,487,541
1755831532.4357357,8,688,531
1755831532.4357357,5,342,405
1755831532.4357357,1,863,491
1755831532.4910645,69,1053,667
1755831532.4910645,67,332,187
1755831532.4910645,66,524,526
1755831532.4910645,65,464,219
1755831532.4910645,55,323,161
1755831532.4910645,51,346,319
1755831532.4910645,48,394,300
1755831532.4910645,47,380,521
1755831532.4910645,24,488,312
1755831532.4910645,17,888,475
1755831532.4910645,10,487,540
1755831532.4910645,8,688,531
1755831532.4910645,5,342,402
1755831532.4910645,1,863,492
1755831532.5482097,69,1053,667
1755831532.5482097,67,332,188
1755831532.5482097,66,525,525
1755831532.5482097,65,466,219
1755831532.5482097,55,318,161
1755831532.5482097,51,344,318
1755831532.5482097,48,393,300
1755831532.5482097,47,381,521
1755831532.5482097,24,487,311
1755831532.5482097,17,889,476
1755831532.5482097,10,488,540
1755831532.5482097,8,688,531
1755831532.5482097,5,342,401
1755831532.5482097,1,862,492
1755831532.6026433,69,1052,667
1755831532.6026433,67,332,190
1755831532.6026433,66,528,525
1755831532.6026433,65,469,221
1755831532.6026433,57,400,175
1755831532.6026433,55,327,162
1755831532.6026433,51,341,318
1755831532.6026433,48,390,298
1755831532.6026433,47,381,520
1755831532.6026433,24,485,309
1755831532.6026433,17,889,479
1755831532.6026433,10,489,541
1755831532.6026433,8,687,531
1755831532.6026433,5,342,399
1755831532.6026433,1,862,492
1755831532.6610148,69,1051,667
1755831532.6610148,67,334,189
1755831532.6610148,66,529,523
1755831532.6610148,65,470,222
1755831532.6610148,57,399,176
1755831532.6610148,55,330,163
1755831532.6610148,51,340,317
1755831532.6610148,48,386,298
1755831532.6610148,47,381,520
1755831532.6610148,43,341,252
1755831532.6610148,24,482,306
1755831532.6610148,17,890,480
1755831532.6610148,10,490,541
1755831532.6610148,8,687,531
1755831532.6610148,5,342,397
1755831532.6610148,1,862,492
1755831532.7178888,69,1052,668
1755831532.7178888,66,529,523
1755831532.7178888,65,471,225
1755831532.7178888,57,400,175
1755831532.7178888,55,332,164
1755831532.7178888,51,341,314
1755831532.7178888,48,379,298
1755831532.7178888,47,381,520
1755831532.7178888,43,341,253
1755831532.7178888,24,478,304
1755831532.7178888,17,890,482
1755831532.7178888,10,490,541
1755831532.7178888,8,687,531
1755831532.7178888,5,344,396
1755831532.7178888,1,862,492
1755831532.7726665,69,1053,668
1755831532.7726665,66,530,523
1755831532.7726665,65,471,226
1755831532.7726665,57,400,174
1755831532.7726665,55,333,164
1755831532.7726665,51,341,311
1755831532.7726665,48,375,298
1755831532.7726665,47,380,520
1755831532.7726665,43,342,253
1755831532.7726665,24,475,302
1755831532.7726665,17,886,483
1755831532.7726665,10,490,542
1755831532.7726665,8,687,531
1755831532.7726665,5,344,394
1755831532.7726665,1,864,491
1755831532.829059,70,311,145
1755831532.829059,69,1052,667
1755831532.829059,66,532,524
1755831532.829059,65,471,228
1755831532.829059,57,400,174
1755831532.829059,55,331,165
1755831532.829059,51,340,311
1755831532.829059,48,375,297
1755831532.829059,47,379,520
1755831532.829059,43,342,253
1755831532.829059,24,472,300
1755831532.829059,17,883,484
1755831532.829059,10,489,542
1755831532.829059,8,688,531
1755831532.829059,5,344,392
1755831532.829059,1,866,491
1755831532.8888226,70,311,145
1755831532.8888226,69,1054,667
1755831532.8888226,66,532,524
1755831532.8888226,65,471,229
1755831532.8888226,57,403,174
1755831532.8888226,55,330,165
1755831532.8888226,51,341,311
1755831532.8888226,48,375,298
1755831532.8888226,47,378,519
1755831532.8888226,43,341,253
1755831532.8888226,24,470,299
1755831532.8888226,17,882,485
1755831532.8888226,10,489,542
1755831532.8888226,8,688,531
1755831532.8888226,5,343,390
1755831532.8888226,1,867,492
1755831532.9431546,70,311,145
1755831532.9431546,69,1055,667
1755831532.9431546,66,534,524
1755831532.9431546,65,469,231
1755831532.9431546,57,405,174
1755831532.9431546,55,330,166
1755831532.9431546,51,340,310
1755831532.9431546,47,378,519
1755831532.9431546,43,340,253
1755831532.9431546,24,469,299
1755831532.9431546,17,881,485
1755831532.9431546,10,488,541
1755831532.9431546,8,688,531
1755831532.9431546,5,343,389
1755831532.9431546,1,867,492
1755831532.9986136,70,312,145
1755831532.9986136,69,1055,667
1755831532.9986136,66,539,524
1755831532.9986136,65,467,233
1755831532.9986136,57,408,175
1755831532.9986136,55,331,167
1755831532.9986136,51,341,308
1755831532.9986136,47,377,519
1755831532.9986136,43,339,252
1755831532.9986136,24,467,299
1755831532.9986136,17,886,484
1755831532.9986136,10,488,541
1755831532.9986136,8,688,531
1755831532.9986136,5,344,388
1755831532.9986136,1,864,493
1755831533.0539963,70,313,149
1755831533.0539963,69,1055,667
1755831533.0539963,66,543,524
1755831533.0539963,65,462,234
1755831533.0539963,57,411,177
1755831533.0539963,55,333,168
1755831533.0539963,51,340,307
1755831533.0539963,47,378,519
1755831533.0539963,43,340,252
1755831533.0539963,24,466,298
1755831533.0539963,17,887,484
1755831533.0539963,10,488,541
1755831533.0539963,8,688,531
1755831533.0539963,5,344,386
1755831533.0539963,1,863,493
1755831533.1112604,70,314,149
1755831533.1112604,69,1055,667
1755831533.1112604,66,546,524
1755831533.1112604,65,459,235
1755831533.1112604,57,414,176
1755831533.1112604,55,333,168
1755831533.1112604,51,340,307
1755831533.1112604,47,378,519
1755831533.1112604,43,340,252
1755831533.1112604,24,464,297
1755831533.1112604,17,886,485
1755831533.1112604,10,488,541
1755831533.1112604,8,688,532
1755831533.1112604,5,344,384
1755831533.1112604,1,863,493
1755831533.16745,70,313,149
1755831533.16745,69,1054,667
1755831533.16745,66,548,523
1755831533.16745,65,457,237
1755831533.16745,57,413,178
1755831533.16745,55,334,168
1755831533.16745,51,338,306
1755831533.16745,47,379,518
1755831533.16745,43,340,252
1755831533.16745,24,464,297
1755831533.16745,17,886,486
1755831533.16745,10,488,540
1755831533.16745,8,687,531
1755831533.16745,5,345,383
1755831533.16745,1,863,494
1755831533.2241983,70,312,150
1755831533.2241983,69,1055,667
1755831533.2241983,66,553,524
1755831533.2241983,65,454,238
1755831533.2241983,57,415,178
1755831533.2241983,55,336,169
1755831533.2241983,51,334,305
1755831533.2241983,47,378,517
1755831533.2241983,43,341,252
1755831533.2241983,17,884,487
1755831533.2241983,10,489,540
1755831533.2241983,8,687,531
1755831533.2241983,5,345,381
1755831533.2241983,1,864,494
1755831533.2774372,70,311,151
1755831533.2774372,69,1055,667
1755831533.2774372,66,558,525
1755831533.2774372,65,451,239
1755831533.2774372,57,417,178
1755831533.2774372,55,335,172
1755831533.2774372,51,333,304
1755831533.2774372,47,378,517
1755831533.2774372,43,341,252
1755831533.2774372,17,882,488
1755831533.2774372,10,489,540
1755831533.2774372,8,687,531
1755831533.2774372,5,347,380
1755831533.2774372,1,866,494
1755831533.331721,70,310,151
1755831533.331721,69,1055,666
1755831533.331721,66,560,525
1755831533.331721,65,446,241
1755831533.331721,57,419,178
1755831533.331721,55,335,175
1755831533.331721,51,331,304
1755831533.331721,47,377,517
1755831533.331721,43,340,252
1755831533.331721,17,881,487
1755831533.331721,10,489,540
1755831533.331721,8,687,531
1755831533.331721,5,347,380
1755831533.331721,1,867,494
1755831533.3839796,70,310,152
1755831533.3839796,69,1056,666
1755831533.3839796,66,562,526
1755831533.3839796,65,442,242
1755831533.3839796,57,420,179
1755831533.3839796,55,334,176
1755831533.3839796,51,330,303
1755831533.3839796,47,377,517
1755831533.3839796,43,341,252
1755831533.3839796,17,883,487
1755831533.3839796,10,489,540
1755831533.3839796,8,687,531
1755831533.3839796,5,348,379
1755831533.3839796,1,866,495
1755831533.4381795,70,310,153
1755831533.4381795,69,1053,667
1755831533.4381795,66,564,525
1755831533.4381795,65,435,243
1755831533.4381795,57,418,180
1755831533.4381795,55,333,178
1755831533.4381795,47,376,515
1755831533.4381795,43,336,251
1755831533.4381795,17,888,485
1755831533.4381795,10,490,540
1755831533.4381795,8,686,531
1755831533.4381795,5,348,377
1755831533.4381795,1,862,496
1755831533.4911463,70,309,155
1755831533.4911463,69,1053,667
1755831533.4911463,66,567,526
1755831533.4911463,65,430,244
1755831533.4911463,57,419,181
1755831533.4911463,55,333,179
1755831533.4911463,47,376,514
1755831533.4911463,43,333,251
1755831533.4911463,17,889,485
1755831533.4911463,10,490,540
1755831533.4911463,8,686,531
1755831533.4911463,5,348,375
1755831533.4911463,1,861,496
1755831533.5464997,71,376,558
1755831533.5464997,70,308,157
1755831533.5464997,69,1054,666
1755831533.5464997,66,569,526
1755831533.5464997,65,425,245
1755831533.5464997,57,420,182
1755831533.5464997,55,330,181
1755831533.5464997,47,377,514
1755831533.5464997,43,333,252
1755831533.5464997,17,888,484
1755831533.5464997,10,490,540
1755831533.5464997,8,686,531
1755831533.5464997,5,349,374
1755831533.5464997,1,861,497
1755831533.6017828,71,377,557
1755831533.6017828,70,307,159
1755831533.6017828,69,1053,667
1755831533.6017828,66,568,526
1755831533.6017828,65,420,246
1755831533.6017828,57,421,182
1755831533.6017828,55,331,180
1755831533.6017828,47,377,514
1755831533.6017828,43,333,252
1755831533.6017828,17,887,485
1755831533.6017828,10,490,539
1755831533.6017828,8,686,531
1755831533.6017828,5,348,372
1755831533.6017828,1,861,497
1755831533.6580038,72,446,273
1755831533.6580038,70,307,160
1755831533.6580038,69,1052,667
1755831533.6580038,66,569,526
1755831533.6580038,65,415,248
1755831533.6580038,57,421,182
1755831533.6580038,55,332,181
1755831533.6580038,47,377,513
1755831533.6580038,43,333,252
1755831533.6580038,17,886,485
1755831533.6580038,10,490,539
1755831533.6580038,8,686,531
1755831533.6580038,5,347,370
1755831533.6580038,1,859,497
1755831533.7115,70,306,163
1755831533.7115,69,1053,667
1755831533.7115,66,570,526
1755831533.7115,65,410,250
1755831533.7115,57,423,183
1755831533.7115,55,333,181
1755831533.7115,47,377,513
1755831533.7115,43,332,252
1755831533.7115,17,887,485
1755831533.7115,10,490,539
1755831533.7115,8,686,531
1755831533.7115,5,347,369
1755831533.7115,1,858,498
1755831533.765154,70,305,167
1755831533.765154,66,572,525
1755831533.765154,65,403,252
1755831533.765154,57,424,185
1755831533.765154,47,377,512
1755831533.765154,17,889,482
1755831533.765154,10,489,538
1755831533.765154,8,686,531
1755831533.765154,5,347,368
1755831533.765154,1,857,498
1755831533.819751,70,307,170
1755831533.819751,66,573,525
1755831533.819751,65,395,254
1755831533.819751,57,423,185
1755831533.819751,47,376,512
1755831533.819751,17,891,481
1755831533.819751,10,488,538
1755831533.819751,8,686,530
1755831533.819751,5,347,367
1755831533.819751,1,856,498
1755831533.871234,71,376,558
1755831533.871234,70,307,172
1755831533.871234,66,574,525
1755831533.871234,65,390,254
1755831533.871234,57,423,186
1755831533.871234,47,376,510
1755831533.871234,43,333,254
1755831533.871234,17,892,480
1755831533.871234,10,485,538
1755831533.871234,8,686,530
1755831533.871234,5,347,364
1755831533.871234,1,856,499
1755831533.9265416,71,376,559
1755831533.9265416,70,308,175
1755831533.9265416,66,577,526
1755831533.9265416,65,385,255
1755831533.9265416,57,423,186
1755831533.9265416,47,376,509
1755831533.9265416,43,331,256
1755831533.9265416,17,891,479
1755831533.9265416,10,484,539
1755831533.9265416,8,686,530
1755831533.9265416,5,347,362
1755831533.9265416,1,854,499
1755831533.9833107,72,438,257
1755831533.9833107,71,376,559
1755831533.9833107,70,308,179
1755831533.9833107,66,578,525
1755831533.9833107,65,383,255
1755831533.9833107,57,422,186
1755831533.9833107,47,376,508
1755831533.9833107,43,330,257
1755831533.9833107,17,892,478
1755831533.9833107,10,483,539
1755831533.9833107,8,686,530
1755831533.9833107,5,347,361
1755831533.9833107,1,853,500
1755831534.0406656,72,438,255
1755831534.0406656,71,376,559
1755831534.0406656,70,309,183
1755831534.0406656,69,1050,668
1755831534.0406656,66,581,526
1755831534.0406656,65,379,255
1755831534.0406656,57,423,187
1755831534.0406656,47,377,507
1755831534.0406656,43,327,258
1755831534.0406656,17,891,478
1755831534.0406656,10,483,539
1755831534.0406656,8,686,529
1755831534.0406656,5,347,360
1755831534.0406656,1,853,501
1755831534.0979865,73,318,289
1755831534.0979865,72,439,254
1755831534.0979865,71,376,558
1755831534.0979865,70,309,186
1755831534.0979865,69,1050,668
1755831534.0979865,66,585,526
1755831534.0979865,65,374,256
1755831534.0979865,57,423,188
1755831534.0979865,47,377,507
1755831534.0979865,43,326,259
1755831534.0979865,17,891,477
1755831534.0979865,10,483,539
1755831534.0979865,8,685,530
1755831534.0979865,5,347,358
1755831534.0979865,1,852,501
1755831534.1553214,75,343,160
1755831534.1553214,73,318,289
1755831534.1553214,72,440,253
1755831534.1553214,70,309,189
1755831534.1553214,69,1051,668
1755831534.1553214,66,588,526
1755831534.1553214,65,371,256
1755831534.1553214,57,422,189
1755831534.1553214,47,378,505
1755831534.1553214,43,323,259
1755831534.1553214,17,890,477
1755831534.1553214,10,485,538
1755831534.1553214,8,685,530
1755831534.1553214,5,348,357
1755831534.1553214,1,852,502
1755831534.2175593,75,349,160
1755831534.2175593,73,317,289
1755831534.2175593,72,440,252
1755831534.2175593,70,310,191
1755831534.2175593,69,1052,668
1755831534.2175593,66,589,526
1755831534.2175593,65,366,258
1755831534.2175593,57,421,189
1755831534.2175593,47,379,504
1755831534.2175593,43,320,260
1755831534.2175593,17,890,477
1755831534.2175593,10,486,538
1755831534.2175593,8,685,529
1755831534.2175593,5,348,356
1755831534.2175593,1,852,502
1755831534.2746935,75,372,166
1755831534.2746935,74,326,223
1755831534.2746935,73,316,290
1755831534.2746935,72,440,251
1755831534.2746935,70,311,192
1755831534.2746935,66,593,526
1755831534.2746935,65,358,261
1755831534.2746935,57,421,189
1755831534.2746935,47,379,503
1755831534.2746935,43,318,261
1755831534.2746935,17,889,475
1755831534.2746935,10,483,537
1755831534.2746935,8,684,530
1755831534.2746935,5,347,354
1755831534.2746935,1,852,502
1755831534.3306706,75,378,167
1755831534.3306706,74,325,219
1755831534.3306706,72,441,250
1755831534.3306706,70,312,193
1755831534.3306706,66,596,526
1755831534.3306706,65,349,263
1755831534.3306706,57,420,189
1755831534.3306706,47,379,501
1755831534.3306706,43,322,261
1755831534.3306706,17,887,474
1755831534.3306706,10,480,536
1755831534.3306706,8,684,530
1755831534.3306706,5,347,352
1755831534.3306706,1,852,503
1755831534.3865037,75,380,167
1755831534.3865037,74,325,217
1755831534.3865037,72,441,249
1755831534.3865037,70,313,194
1755831534.3865037,69,1052,667
1755831534.3865037,66,597,526
1755831534.3865037,65,344,265
1755831534.3865037,57,420,190
1755831534.3865037,47,379,500
1755831534.3865037,43,330,261
1755831534.3865037,17,886,473
1755831534.3865037,10,479,536
1755831534.3865037,8,684,530
1755831534.3865037,5,347,351
1755831534.3865037,1,852,503
1755831534.441224,77,339,161
1755831534.441224,75,380,167
1755831534.441224,74,325,217
1755831534.441224,72,442,249
1755831534.441224,70,315,194
1755831534.441224,66,601,526
1755831534.441224,65,338,265
1755831534.441224,57,422,190
1755831534.441224,47,379,499
1755831534.441224,17,885,472
1755831534.441224,10,477,533
1755831534.441224,8,685,531
1755831534.441224,5,346,350
1755831534.441224,1,851,503
1755831534.499279,77,347,160
1755831534.499279,75,379,167
1755831534.499279,74,325,218
1755831534.499279,72,443,249
1755831534.499279,70,317,195
1755831534.499279,66,603,526
1755831534.499279,65,333,266
1755831534.499279,57,424,189
1755831534.499279,47,379,498
1755831534.499279,17,885,472
1755831534.499279,10,474,529
1755831534.499279,8,685,531
1755831534.499279,5,347,349
1755831534.499279,1,851,503
1755831534.5572405,75,379,170
1755831534.5572405,74,326,219
1755831534.5572405,73,323,292
1755831534.5572405,72,443,247
1755831534.5572405,70,318,195
1755831534.5572405,69,1052,667
1755831534.5572405,66,604,525
1755831534.5572405,65,330,267
1755831534.5572405,57,424,190
1755831534.5572405,47,379,496
1755831534.5572405,17,884,472
1755831534.5572405,10,471,526
1755831534.5572405,8,684,530
1755831534.5572405,5,347,347
1755831534.5572405,1,851,503
1755831534.6130505,75,379,173
1755831534.6130505,74,326,220
1755831534.6130505,73,324,292
1755831534.6130505,72,444,245
1755831534.6130505,70,318,195
1755831534.6130505,69,1052,667
1755831534.6130505,66,605,523
1755831534.6130505,65,329,268
1755831534.6130505,57,423,190
1755831534.6130505,47,380,494
1755831534.6130505,17,883,471
1755831534.6130505,10,468,525
1755831534.6130505,8,685,530
1755831534.6130505,5,348,346
1755831534.6130505,1,850,503
1755831534.6711025,75,380,172
1755831534.6711025,74,325,220
1755831534.6711025,73,328,291
1755831534.6711025,72,444,243
1755831534.6711025,70,320,196
1755831534.6711025,69,1052,667
1755831534.6711025,66,606,522
1755831534.6711025,65,326,268
1755831534.6711025,57,423,190
1755831534.6711025,47,380,491
1755831534.6711025,17,883,469
1755831534.6711025,10,465,524
1755831534.6711025,8,685,530
1755831534.6711025,5,347,344
1755831534.6711025,1,849,504
1755831534.7252288,75,379,173
1755831534.7252288,74,325,222
1755831534.7252288,72,444,242
1755831534.7252288,70,320,196
1755831534.7252288,69,1053,667
1755831534.7252288,66,608,522
1755831534.7252288,65,324,272
1755831534.7252288,57,423,190
1755831534.7252288,47,379,490
1755831534.7252288,17,881,467
1755831534.7252288,10,464,521
1755831534.7252288,8,685,529
1755831534.7252288,5,347,344
1755831534.7252288,1,849,504
1755831534.781539,75,378,174
1755831534.781539,74,323,222
1755831534.781539,72,444,241
1755831534.781539,70,321,196
1755831534.781539,69,1054,668
1755831534.781539,66,610,522
1755831534.781539,65,320,275
1755831534.781539,57,424,190
1755831534.781539,47,378,488
1755831534.781539,17,880,466
1755831534.781539,10,464,518
1755831534.781539,8,686,529
1755831534.781539,5,347,343
1755831534.781539,1,848,504
1755831534.837478,74,322,222
1755831534.837478,72,445,241
1755831534.837478,70,321,198
1755831534.837478,69,1053,667
1755831534.837478,66,611,522
1755831534.837478,65,316,275
1755831534.837478,57,424,190
1755831534.837478,47,377,486
1755831534.837478,17,879,465
1755831534.837478,10,464,516
1755831534.837478,8,686,529
1755831534.837478,5,348,342
1755831534.837478,1,848,504
1755831534.8887057,72,445,240
1755831534.8887057,70,321,198
1755831534.8887057,69,1053,666
1755831534.8887057,66,612,521
1755831534.8887057,65,314,275
1755831534.8887057,57,424,190
1755831534.8887057,47,376,483
1755831534.8887057,17,878,464
1755831534.8887057,10,463,512
1755831534.8887057,8,686,530
1755831534.8887057,5,347,340
1755831534.8887057,1,847,504
1755831534.9412563,75,377,176
1755831534.9412563,72,445,240
1755831534.9412563,70,321,198
1755831534.9412563,66,614,521
1755831534.9412563,65,313,276
1755831534.9412563,57,424,190
1755831534.9412563,47,376,481
1755831534.9412563,17,876,464
1755831534.9412563,10,460,506
1755831534.9412563,8,686,531
1755831534.9412563,5,347,338
1755831534.9412563,1,846,504
1755831534.9960868,75,378,172
1755831534.9960868,72,445,239
1755831534.9960868,70,319,204
1755831534.9960868,66,616,521
1755831534.9960868,65,314,276
1755831534.9960868,57,424,190
1755831534.9960868,47,377,480
1755831534.9960868,17,873,462
1755831534.9960868,10,459,502
1755831534.9960868,8,686,531
1755831534.9960868,5,347,337
1755831534.9960868,1,845,504
1755831535.0529199,78,334,154
1755831535.0529199,72,445,239
1755831535.0529199,70,318,207
1755831535.0529199,66,618,521
1755831535.0529199,65,315,276
1755831535.0529199,57,424,189
1755831535.0529199,47,378,477
1755831535.0529199,17,871,461
1755831535.0529199,10,459,498
1755831535.0529199,8,686,531
1755831535.0529199,5,346,337
1755831535.0529199,1,844,504
1755831535.1071606,79,331,170
1755831535.1071606,78,335,153
1755831535.1071606,72,446,239
1755831535.1071606,70,321,211
1755831535.1071606,66,621,522
1755831535.1071606,65,315,276
1755831535.1071606,57,424,189
1755831535.1071606,47,377,474
1755831535.1071606,17,869,461
1755831535.1071606,10,459,493
1755831535.1071606,8,686,531
1755831535.1071606,5,345,335
1755831535.1071606,1,845,505
1755831535.1642659,79,332,169
1755831535.1642659,78,335,153
1755831535.1642659,75,383,168
1755831535.1642659,72,447,239
1755831535.1642659,70,324,212
1755831535.1642659,69,1050,667
1755831535.1642659,66,623,522
1755831535.1642659,65,315,275
1755831535.1642659,57,424,190
1755831535.1642659,47,377,471
1755831535.1642659,17,867,460
1755831535.1642659,10,458,487
1755831535.1642659,8,686,532
1755831535.1642659,5,346,333
1755831535.1642659,1,845,505
1755831535.2207808,80,331,246
1755831535.2207808,79,332,170
1755831535.2207808,78,335,153
1755831535.2207808,75,383,168
1755831535.2207808,72,448,239
1755831535.2207808,70,326,213
1755831535.2207808,69,1052,667
1755831535.2207808,66,625,522
1755831535.2207808,65,314,275
1755831535.2207808,57,423,190
1755831535.2207808,47,376,468
1755831535.2207808,17,865,459
1755831535.2207808,10,458,482
1755831535.2207808,8,685,532
1755831535.2207808,5,345,332
1755831535.2207808,1,845,506
1755831535.276285,80,331,247
1755831535.276285,79,332,171
1755831535.276285,78,334,152
1755831535.276285,75,385,168
1755831535.276285,72,448,238
1755831535.276285,70,328,214
1755831535.276285,69,1052,668
1755831535.276285,66,627,521
1755831535.276285,65,313,275
1755831535.276285,57,423,190
1755831535.276285,47,376,465
1755831535.276285,17,858,459
1755831535.276285,10,459,476
1755831535.276285,8,685,532
1755831535.276285,5,346,331
1755831535.276285,1,844,506
1755831535.3321908,78,334,152
1755831535.3321908,75,384,169
1755831535.3321908,72,448,237
1755831535.3321908,70,330,214
1755831535.3321908,69,1052,667
1755831535.3321908,66,629,521
1755831535.3321908,65,313,274
1755831535.3321908,57,423,190
1755831535.3321908,47,376,463
1755831535.3321908,17,854,458
1755831535.3321908,10,460,473
1755831535.3321908,8,685,532
1755831535.3321908,5,346,330
1755831535.3321908,1,843,506
1755831535.3881013,78,334,152
1755831535.3881013,75,385,169
1755831535.3881013,72,448,237
1755831535.3881013,70,330,213
1755831535.3881013,69,1053,667
1755831535.3881013,66,630,520
1755831535.3881013,65,312,275
1755831535.3881013,57,423,189
1755831535.3881013,47,377,462
1755831535.3881013,17,845,459
1755831535.3881013,10,459,467
1755831535.3881013,8,685,532
1755831535.3881013,5,346,328
1755831535.3881013,1,841,506
1755831535.4432852,78,334,152
1755831535.4432852,75,385,169
1755831535.4432852,72,449,235
1755831535.4432852,70,330,213
1755831535.4432852,69,1052,668
1755831535.4432852,66,632,520
1755831535.4432852,65,312,274
1755831535.4432852,57,424,188
1755831535.4432852,47,378,460
1755831535.4432852,17,838,458
1755831535.4432852,10,458,461
1755831535.4432852,8,686,532
1755831535.4432852,5,345,327
1755831535.4432852,1,840,506
1755831535.4947314,78,335,153
1755831535.4947314,75,386,169
1755831535.4947314,72,447,235
1755831535.4947314,70,331,212
1755831535.4947314,66,632,520
1755831535.4947314,65,313,274
1755831535.4947314,57,424,188
1755831535.4947314,47,379,457
1755831535.4947314,17,835,458
1755831535.4947314,10,457,457
1755831535.4947314,8,686,532
1755831535.4947314,5,346,328
1755831535.4947314,1,840,506
1755831535.5511107,78,335,153
1755831535.5511107,75,386,169
1755831535.5511107,72,446,231
1755831535.5511107,70,333,211
1755831535.5511107,66,633,519
1755831535.5511107,65,314,273
1755831535.5511107,57,426,188
1755831535.5511107,47,378,454
1755831535.5511107,17,833,458
1755831535.5511107,10,456,453
1755831535.5511107,8,686,532
1755831535.5511107,5,346,328
1755831535.5511107,1,840,507
1755831535.6032014,78,335,153
1755831535.6032014,75,388,169
1755831535.6032014,72,445,230
1755831535.6032014,70,335,210
1755831535.6032014,69,1051,668
1755831535.6032014,66,636,519
1755831535.6032014,65,315,273
1755831535.6032014,57,428,188
1755831535.6032014,47,377,450
1755831535.6032014,17,831,458
1755831535.6032014,10,455,448
1755831535.6032014,8,686,531
1755831535.6032014,5,346,326
1755831535.6032014,1,839,507
1755831535.6583185,78,335,154
1755831535.6583185,75,388,168
1755831535.6583185,72,445,229
1755831535.6583185,70,335,209
1755831535.6583185,66,641,520
1755831535.6583185,65,314,272
1755831535.6583185,57,429,188
1755831535.6583185,47,377,447
1755831535.6583185,17,828,458
1755831535.6583185,10,454,444
1755831535.6583185,8,685,531
1755831535.6583185,5,345,324
1755831535.6583185,1,839,507
1755831535.7122586,78,335,155
1755831535.7122586,75,388,167
1755831535.7122586,72,444,228
1755831535.7122586,70,336,208
1755831535.7122586,66,645,520
1755831535.7122586,65,317,271
1755831535.7122586,57,430,187
1755831535.7122586,47,377,443
1755831535.7122586,17,826,458
1755831535.7122586,10,453,441
1755831535.7122586,8,685,531
1755831535.7122586,5,344,321
1755831535.7122586,1,838,506
1755831535.7650201,78,334,156
1755831535.7650201,75,388,167
1755831535.7650201,72,443,227
1755831535.7650201,70,337,207
1755831535.7650201,66,650,521
1755831535.7650201,65,315,270
1755831535.7650201,57,430,187
1755831535.7650201,47,378,439
1755831535.7650201,17,823,458
1755831535.7650201,10,454,437
1755831535.7650201,8,685,530
1755831535.7650201,5,344,319
1755831535.7650201,1,838,506
1755831535.8211293,78,333,156
1755831535.8211293,75,389,167
1755831535.8211293,72,442,226
1755831535.8211293,70,337,206
1755831535.8211293,66,651,522
1755831535.8211293,65,315,270
1755831535.8211293,57,433,186
1755831535.8211293,47,379,438
1755831535.8211293,17,820,459
1755831535.8211293,10,454,432
1755831535.8211293,8,685,530
1755831535.8211293,5,344,318
1755831535.8211293,1,837,507
1755831535.8782184,83,379,230
1755831535.8782184,82,333,251
1755831535.8782184,78,331,156
1755831535.8782184,75,389,167
1755831535.8782184,72,440,225
1755831535.8782184,70,337,206
1755831535.8782184,66,653,523
1755831535.8782184,65,314,270
1755831535.8782184,57,434,185
1755831535.8782184,47,380,437
1755831535.8782184,17,817,459
1755831535.8782184,10,454,429
1755831535.8782184,8,685,531
1755831535.8782184,5,345,319
1755831535.8782184,1,836,507
1755831535.9344742,78,328,159
1755831535.9344742,75,391,167
1755831535.9344742,72,438,225
1755831535.9344742,70,337,204
1755831535.9344742,66,654,521
1755831535.9344742,65,313,269
1755831535.9344742,57,436,183
1755831535.9344742,47,380,434
1755831535.9344742,17,814,460
1755831535.9344742,10,451,424
1755831535.9344742,8,685,531
1755831535.9344742,5,345,319
1755831535.9344742,1,837,507
1755831535.9881916,78,327,160
1755831535.9881916,75,394,167
1755831535.9881916,72,436,224
1755831535.9881916,70,338,203
1755831535.9881916,66,656,520
1755831535.9881916,65,312,269
1755831535.9881916,57,437,183
1755831535.9881916,47,381,431
1755831535.9881916,17,811,460
1755831535.9881916,10,450,419
1755831535.9881916,8,685,531
1755831535.9881916,5,345,320
1755831535.9881916,1,837,507
1755831536.0412498,78,327,162
1755831536.0412498,75,396,167
1755831536.0412498,72,434,223
1755831536.0412498,66,657,520
1755831536.0412498,65,313,269
1755831536.0412498,57,437,182
1755831536.0412498,47,381,427
1755831536.0412498,17,807,460
1755831536.0412498,10,450,414
1755831536.0412498,8,686,531
1755831536.0412498,5,343,317
1755831536.0412498,1,837,507
1755831536.0940344,78,328,164
1755831536.0940344,75,398,167
1755831536.0940344,72,433,222
1755831536.0940344,66,659,519
1755831536.0940344,65,314,267
1755831536.0940344,57,437,182
1755831536.0940344,47,381,423
1755831536.0940344,17,798,460
1755831536.0940344,10,450,411
1755831536.0940344,8,685,530
1755831536.0940344,1,836,508
1755831536.14907,78,329,164
1755831536.14907,75,399,167
1755831536.14907,72,432,222
1755831536.14907,70,338,199
1755831536.14907,66,661,519
1755831536.14907,65,315,267
1755831536.14907,57,440,184
1755831536.14907,47,381,421
1755831536.14907,17,793,459
1755831536.14907,10,449,408
1755831536.14907,8,684,529
1755831536.14907,1,836,508
1755831536.203108,84,847,462
1755831536.203108,75,401,167
1755831536.203108,72,425,219
1755831536.203108,70,338,198
1755831536.203108,66,665,517
1755831536.203108,65,313,267
1755831536.203108,57,445,186
1755831536.203108,47,381,418
1755831536.203108,17,783,460
1755831536.203108,10,446,400
1755831536.203108,8,681,527
1755831536.203108,5,342,333
1755831536.203108,1,835,508
1755831536.2550278,84,847,463
1755831536.2550278,82,335,240
1755831536.2550278,75,401,168
1755831536.2550278,72,423,218
1755831536.2550278,70,338,197
1755831536.2550278,66,666,516
1755831536.2550278,65,313,266
1755831536.2550278,57,447,186
1755831536.2550278,47,381,417
1755831536.2550278,17,779,460
1755831536.2550278,10,445,397
1755831536.2550278,8,682,526
1755831536.2550278,5,343,339
1755831536.2550278,1,835,509
1755831536.3136992,85,1050,668
1755831536.3136992,82,334,239
1755831536.3136992,75,401,168
1755831536.3136992,72,421,218
1755831536.3136992,70,338,197
1755831536.3136992,66,666,515
1755831536.3136992,65,313,266
1755831536.3136992,57,451,188
1755831536.3136992,47,382,414
1755831536.3136992,17,773,461
1755831536.3136992,10,445,393
1755831536.3136992,8,681,526
1755831536.3136992,5,344,343
1755831536.3136992,1,835,509
1755831536.3709784,87,663,566
1755831536.3709784,82,335,242
1755831536.3709784,75,401,168
1755831536.3709784,72,422,219
1755831536.3709784,70,338,199
1755831536.3709784,66,670,516
1755831536.3709784,65,315,262
1755831536.3709784,57,454,190
1755831536.3709784,47,384,408
1755831536.3709784,17,763,459
1755831536.3709784,10,445,385
1755831536.3709784,5,346,348
1755831536.3709784,1,835,509
1755831536.425934,87,662,567
1755831536.425934,84,848,463
1755831536.425934,82,335,243
1755831536.425934,75,400,169
1755831536.425934,72,423,220
1755831536.425934,70,338,201
1755831536.425934,66,672,517
1755831536.425934,65,315,261
1755831536.425934,57,456,191
1755831536.425934,47,384,405
1755831536.425934,17,760,458
1755831536.425934,10,445,382
1755831536.425934,5,347,349
1755831536.425934,1,835,509
1755831536.48293,75,401,171
1755831536.48293,70,337,202
1755831536.48293,66,672,515
1755831536.48293,47,385,403
1755831536.48293,17,757,457
1755831536.48293,10,444,376
1755831536.48293,5,348,351
1755831536.48293,1,835,509
1755831536.5360415,86,338,308
1755831536.5360415,75,402,173
1755831536.5360415,70,338,200
1755831536.5360415,66,671,514
1755831536.5360415,47,387,399
1755831536.5360415,17,746,455
1755831536.5360415,10,444,370
1755831536.5360415,5,349,353
1755831536.5360415,1,834,510
1755831536.589205,86,336,308
1755831536.589205,85,1049,668
1755831536.589205,75,402,174
1755831536.589205,70,338,200
1755831536.589205,66,671,514
1755831536.589205,57,468,197
1755831536.589205,47,387,397
1755831536.589205,17,741,454
1755831536.589205,10,444,367
1755831536.589205,5,350,354
1755831536.589205,1,834,510
1755831536.6396723,85,1050,668
1755831536.6396723,70,338,199
1755831536.6396723,66,669,513
1755831536.6396723,47,389,394
1755831536.6396723,17,734,451
1755831536.6396723,10,443,364
1755831536.6396723,5,351,355
1755831536.6396723,1,834,510
1755831536.694671,85,1051,667
1755831536.694671,70,337,199
1755831536.694671,66,665,496
1755831536.694671,47,390,392
1755831536.694671,17,723,448
1755831536.694671,10,442,359
1755831536.694671,5,350,357
1755831536.694671,1,833,509
1755831536.7493687,85,1051,666
1755831536.7493687,75,408,177
1755831536.7493687,70,337,199
1755831536.7493687,66,664,490
1755831536.7493687,57,480,203
1755831536.7493687,47,390,391
1755831536.7493687,17,719,447
1755831536.7493687,10,442,357
1755831536.7493687,8,682,533
1755831536.7493687,5,351,358
1755831536.7493687,1,833,509
1755831536.802162,85,1052,667
1755831536.802162,70,337,199
1755831536.802162,66,663,487
1755831536.802162,47,390,390
1755831536.802162,17,713,445
1755831536.802162,10,441,353
1755831536.802162,8,683,534
1755831536.802162,5,352,359
1755831536.802162,1,833,509
1755831536.8551104,86,332,312
1755831536.8551104,85,1052,667
1755831536.8551104,70,339,199
1755831536.8551104,66,664,481
1755831536.8551104,47,391,386
1755831536.8551104,17,702,438
1755831536.8551104,10,442,347
1755831536.8551104,8,684,533
1755831536.8551104,5,349,360
1755831536.8551104,1,833,509
1755831536.9081585,86,332,313
1755831536.9081585,85,1051,667
1755831536.9081585,75,411,180
1755831536.9081585,70,340,197
1755831536.9081585,66,664,477
1755831536.9081585,47,392,384
1755831536.9081585,17,695,434
1755831536.9081585,10,441,343
1755831536.9081585,8,684,532
1755831536.9081585,5,348,361
1755831536.9081585,1,832,509
1755831536.9589279,88,329,230
1755831536.9589279,86,330,314
1755831536.9589279,85,1051,668
1755831536.9589279,75,411,180
1755831536.9589279,70,340,196
1755831536.9589279,66,663,475
1755831536.9589279,47,392,382
1755831536.9589279,17,692,433
1755831536.9589279,10,441,341
1755831536.9589279,8,685,533
1755831536.9589279,5,348,362
1755831536.9589279,1,832,509
1755831537.010952,88,333,233
1755831537.010952,86,328,316
1755831537.010952,85,1050,669
1755831537.010952,70,340,196
1755831537.010952,66,659,472
1755831537.010952,47,393,381
1755831537.010952,17,682,427
1755831537.010952,10,441,334
1755831537.010952,8,685,532
1755831537.010952,5,348,365
1755831537.010952,1,833,508
1755831537.0632994,89,369,272
1755831537.0632994,88,334,233
1755831537.0632994,86,328,318
1755831537.0632994,85,1050,669
1755831537.0632994,70,339,195
1755831537.0632994,66,656,469
1755831537.0632994,47,393,380
1755831537.0632994,17,675,422
1755831537.0632994,10,441,329
1755831537.0632994,8,684,532
1755831537.0632994,5,349,366
1755831537.0632994,1,833,508
1755831537.1182303,89,369,272
1755831537.1182303,88,334,233
1755831537.1182303,86,328,318
1755831537.1182303,85,1050,668
1755831537.1182303,70,337,194
1755831537.1182303,66,655,468
1755831537.1182303,47,394,379
1755831537.1182303,17,672,420
1755831537.1182303,10,441,327
1755831537.1182303,8,684,532
1755831537.1182303,5,349,367
1755831537.1182303,1,833,508
1755831537.1714091,89,376,269
1755831537.1714091,88,334,233
1755831537.1714091,86,327,320
1755831537.1714091,85,1050,669
1755831537.1714091,70,337,193
1755831537.1714091,66,654,461
1755831537.1714091,47,394,378
1755831537.1714091,17,661,415
1755831537.1714091,10,442,326
1755831537.1714091,8,684,532
1755831537.1714091,5,349,366
1755831537.1714091,1,832,508
1755831537.223765,89,380,267
1755831537.223765,88,334,233
1755831537.223765,86,320,328
1755831537.223765,85,1049,668
1755831537.223765,75,426,190
1755831537.223765,70,336,191
1755831537.223765,66,653,457
1755831537.223765,47,394,378
1755831537.223765,17,652,412
1755831537.223765,10,442,322
1755831537.223765,8,683,531
1755831537.223765,5,350,367
1755831537.223765,1,832,508
1755831537.277421,89,383,266
1755831537.277421,88,334,232
1755831537.277421,86,318,332
1755831537.277421,85,1050,668
1755831537.277421,75,428,191
1755831537.277421,70,334,191
1755831537.277421,66,653,455
1755831537.277421,47,395,377
1755831537.277421,17,649,410
1755831537.277421,10,442,320
1755831537.277421,8,683,532
1755831537.277421,5,351,367
1755831537.277421,1,832,507
1755831537.3313463,90,529,238
1755831537.3313463,89,387,264
1755831537.3313463,88,334,233
1755831537.3313463,86,319,335
1755831537.3313463,85,1052,666
1755831537.3313463,75,431,193
1755831537.3313463,70,332,188
1755831537.3313463,66,649,450
1755831537.3313463,47,395,374
1755831537.3313463,17,638,402
1755831537.3313463,10,442,315
1755831537.3313463,8,683,532
1755831537.3313463,5,350,364
1755831537.3313463,1,831,507
1755831537.3930209,91,325,306
1755831537.3930209,90,530,241
1755831537.3930209,89,390,261
1755831537.3930209,88,333,233
1755831537.3930209,86,319,338
1755831537.3930209,85,1053,667
1755831537.3930209,75,434,195
1755831537.3930209,70,331,187
1755831537.3930209,66,645,446
1755831537.3930209,47,395,374
1755831537.3930209,17,631,397
1755831537.3930209,10,442,311
1755831537.3930209,8,684,533
1755831537.3930209,5,350,362
1755831537.3930209,1,831,507
1755831537.450772,91,324,305
1755831537.450772,90,533,245
1755831537.450772,89,391,260
1755831537.450772,88,333,231
1755831537.450772,86,318,342
1755831537.450772,85,1054,669
1755831537.450772,75,436,197
1755831537.450772,70,331,187
1755831537.450772,66,644,444
1755831537.450772,47,397,369
1755831537.450772,17,627,394
1755831537.450772,10,442,310
1755831537.450772,8,683,533
1755831537.450772,1,831,507
1755831537.5106008,91,323,305
1755831537.5106008,90,535,247
1755831537.5106008,89,393,258
1755831537.5106008,88,333,230
1755831537.5106008,86,318,350
1755831537.5106008,85,1051,669
1755831537.5106008,75,439,201
1755831537.5106008,70,332,186
1755831537.5106008,66,640,440
1755831537.5106008,47,398,366
1755831537.5106008,17,618,388
1755831537.5106008,10,442,306
1755831537.5106008,8,683,533
1755831537.5106008,1,831,507
1755831537.5641258,91,322,304
1755831537.5641258,90,537,248
1755831537.5641258,89,395,257
1755831537.5641258,88,332,229
1755831537.5641258,86,318,353
1755831537.5641258,85,1051,668
1755831537.5641258,75,441,204
1755831537.5641258,70,332,186
1755831537.5641258,66,638,436
1755831537.5641258,47,399,364
1755831537.5641258,17,612,384
1755831537.5641258,10,442,304
1755831537.5641258,8,682,532
1755831537.5641258,1,830,507
1755831537.621023,91,321,304
1755831537.621023,90,538,249
1755831537.621023,89,396,254
1755831537.621023,88,332,228
1755831537.621023,86,318,356
1755831537.621023,85,1052,668
1755831537.621023,70,332,186
1755831537.621023,66,637,434
1755831537.621023,47,399,362
1755831537.621023,17,609,383
1755831537.621023,10,442,303
1755831537.621023,8,682,532
1755831537.621023,1,830,507
1755831537.685029,91,320,305
1755831537.685029,90,539,250
1755831537.685029,89,397,251
1755831537.685029,88,334,227
1755831537.685029,86,320,359
1755831537.685029,85,1053,669
1755831537.685029,70,333,184
1755831537.685029,66,630,428
1755831537.685029,47,399,361
1755831537.685029,17,599,377
1755831537.685029,10,442,300
1755831537.685029,8,682,533
1755831537.685029,1,830,507
1755831537.7380981,91,320,305
1755831537.7380981,90,541,251
1755831537.7380981,89,398,250
1755831537.7380981,88,334,226
1755831537.7380981,86,322,360
1755831537.7380981,85,1053,669
1755831537.7380981,70,334,184
1755831537.7380981,66,628,424
1755831537.7380981,47,400,359
1755831537.7380981,17,592,373
1755831537.7380981,10,442,298
1755831537.7380981,8,683,533
1755831537.7380981,1,829,506
1755831537.7928326,91,319,305
1755831537.7928326,90,542,252
1755831537.7928326,89,398,248
1755831537.7928326,88,333,225
1755831537.7928326,86,330,363
1755831537.7928326,85,1053,669
1755831537.7928326,70,332,183
1755831537.7928326,66,623,419
1755831537.7928326,47,400,359
1755831537.7928326,17,588,370
1755831537.7928326,10,442,295
1755831537.7928326,8,683,533
1755831537.7928326,1,829,506
1755831537.8472073,91,319,305
1755831537.8472073,90,545,254
1755831537.8472073,89,398,247
1755831537.8472073,88,331,224
1755831537.8472073,86,330,364
1755831537.8472073,85,1052,669
1755831537.8472073,75,431,215
1755831537.8472073,70,332,180
1755831537.8472073,66,618,415
1755831537.8472073,47,401,356
1755831537.8472073,17,584,366
1755831537.8472073,10,442,295
1755831537.8472073,8,683,533
1755831537.8472073,1,828,506
1755831537.903378,91,318,305
1755831537.903378,90,547,255
1755831537.903378,89,398,246
1755831537.903378,88,331,223
1755831537.903378,86,341,359
1755831537.903378,85,1051,668
1755831537.903378,70,333,179
1755831537.903378,66,616,412
1755831537.903378,47,401,354
1755831537.903378,17,577,362
1755831537.903378,10,442,295
1755831537.903378,8,683,533
1755831537.903378,1,827,506
1755831537.9545577,91,318,305
1755831537.9545577,90,549,258
1755831537.9545577,89,398,244
1755831537.9545577,88,332,222
1755831537.9545577,86,347,354
1755831537.9545577,85,1054,668
1755831537.9545577,70,333,178
1755831537.9545577,66,611,408
1755831537.9545577,47,401,352
1755831537.9545577,17,573,359
1755831537.9545577,10,442,292
1755831537.9545577,8,683,533
1755831537.9545577,1,827,505
1755831538.0058303,91,318,305
1755831538.0058303,90,552,261
1755831538.0058303,89,398,243
1755831538.0058303,88,332,220
1755831538.0058303,86,352,349
1755831538.0058303,85,1055,668
1755831538.0058303,70,332,176
1755831538.0058303,66,608,406
1755831538.0058303,47,401,352
1755831538.0058303,17,564,356
1755831538.0058303,10,443,289
1755831538.0058303,8,683,533
1755831538.0058303,1,826,505
1755831538.0638003,91,317,304
1755831538.0638003,90,555,263
1755831538.0638003,89,401,239
1755831538.0638003,88,328,216
1755831538.0638003,86,355,347
1755831538.0638003,85,1054,668
1755831538.0638003,75,427,223
1755831538.0638003,70,332,175
1755831538.0638003,66,605,403
1755831538.0638003,47,402,350
1755831538.0638003,17,558,353
1755831538.0638003,10,444,287
1755831538.0638003,8,683,532
1755831538.0638003,1,826,505
1755831538.1216502,93,323,376
1755831538.1216502,91,318,303
1755831538.1216502,90,557,264
1755831538.1216502,89,404,238
1755831538.1216502,88,327,214
1755831538.1216502,86,356,344
1755831538.1216502,85,1054,667
1755831538.1216502,75,425,223
1755831538.1216502,70,331,174
1755831538.1216502,66,602,400
1755831538.1216502,47,403,349
1755831538.1216502,17,553,350
1755831538.1216502,10,444,286
1755831538.1216502,8,682,532
1755831538.1216502,1,826,504
1755831538.1763942,94,469,227
1755831538.1763942,93,323,377
1755831538.1763942,91,317,303
1755831538.1763942,90,560,266
1755831538.1763942,89,402,239
1755831538.1763942,88,328,214
1755831538.1763942,86,357,342
1755831538.1763942,85,1054,667
1755831538.1763942,75,426,224
1755831538.1763942,70,330,173
1755831538.1763942,66,600,397
1755831538.1763942,47,404,346
1755831538.1763942,17,549,347
1755831538.1763942,10,444,284
1755831538.1763942,8,682,533
1755831538.1763942,1,826,504
1755831538.2337582,94,472,230
1755831538.2337582,91,317,303
1755831538.2337582,90,562,270
1755831538.2337582,89,400,239
1755831538.2337582,88,329,215
1755831538.2337582,86,357,340
1755831538.2337582,85,1054,666
1755831538.2337582,70,333,173
1755831538.2337582,66,597,393
1755831538.2337582,47,405,345
1755831538.2337582,17,546,344
1755831538.2337582,10,445,284
1755831538.2337582,8,682,533
1755831538.2337582,1,826,503
1755831538.289692,91,316,302
1755831538.289692,90,565,273
1755831538.289692,89,401,238
1755831538.289692,88,330,214
1755831538.289692,86,356,338
1755831538.289692,85,1051,666
1755831538.289692,70,332,172
1755831538.289692,66,594,391
1755831538.289692,47,405,344
1755831538.289692,17,541,340
1755831538.289692,10,446,282
1755831538.289692,8,681,533
1755831538.289692,1,826,503
1755831538.3440456,91,316,302
1755831538.3440456,90,566,274
1755831538.3440456,89,403,239
1755831538.3440456,88,330,213
1755831538.3440456,86,357,337
1755831538.3440456,85,1052,668
1755831538.3440456,70,331,170
1755831538.3440456,66,592,388
1755831538.3440456,47,406,343
1755831538.3440456,17,537,336
1755831538.3440456,10,446,280
1755831538.3440456,8,681,533
1755831538.3440456,1,826,502
1755831538.4025803,91,317,302
1755831538.4025803,90,568,274
1755831538.4025803,89,405,239
1755831538.4025803,88,330,212
1755831538.4025803,86,357,334
1755831538.4025803,85,1052,669
1755831538.4025803,70,331,169
1755831538.4025803,66,588,385
1755831538.4025803,47,406,341
1755831538.4025803,17,535,335
1755831538.4025803,10,445,280
1755831538.4025803,8,681,532
1755831538.4025803,1,826,502
1755831538.4577484,91,317,300
1755831538.4577484,90,571,276
1755831538.4577484,89,408,239
1755831538.4577484,88,330,210
1755831538.4577484,86,358,333
1755831538.4577484,85,1052,668
1755831538.4577484,70,329,165
1755831538.4577484,66,587,383
1755831538.4577484,47,406,339
1755831538.4577484,17,530,331
1755831538.4577484,10,445,279
1755831538.4577484,8,681,532
1755831538.4577484,1,826,502
1755831538.512534,93,325,376
1755831538.512534,91,314,298
1755831538.512534,90,574,279
1755831538.512534,89,415,238
1755831538.512534,88,329,210
1755831538.512534,86,362,331
1755831538.512534,85,1052,668
1755831538.512534,70,329,163
1755831538.512534,66,584,381
1755831538.512534,47,406,338
1755831538.512534,17,525,328
1755831538.512534,10,448,277
1755831538.512534,8,680,531
1755831538.512534,1,825,502
1755831538.5703778,91,312,297
1755831538.5703778,90,576,281
1755831538.5703778,88,330,209
1755831538.5703778,85,1052,668
1755831538.5703778,70,327,163
1755831538.5703778,66,583,378
1755831538.5703778,47,406,336
1755831538.5703778,17,518,325
1755831538.5703778,10,449,277
1755831538.5703778,8,681,531
1755831538.5703778,1,825,502
1755831538.6262088,95,341,322
1755831538.6262088,91,312,296
1755831538.6262088,90,578,283
1755831538.6262088,88,329,208
1755831538.6262088,85,1047,668
1755831538.6262088,70,328,164
1755831538.6262088,66,584,377
1755831538.6262088,47,407,335
1755831538.6262088,17,514,323
1755831538.6262088,10,450,277
1755831538.6262088,8,681,531
1755831538.6262088,1,823,501
1755831538.6808715,95,339,328
1755831538.6808715,91,314,296
1755831538.6808715,90,584,286
1755831538.6808715,89,429,229
1755831538.6808715,88,329,207
1755831538.6808715,85,1048,667
1755831538.6808715,75,486,245
1755831538.6808715,70,328,162
1755831538.6808715,66,581,375
1755831538.6808715,47,407,335
1755831538.6808715,17,511,321
1755831538.6808715,10,453,276
1755831538.6808715,8,681,532
1755831538.6808715,1,824,501
1755831538.7373102,95,339,331
1755831538.7373102,91,315,294
1755831538.7373102,90,587,289
1755831538.7373102,89,430,229
1755831538.7373102,88,325,205
1755831538.7373102,85,1051,668
1755831538.7373102,75,489,246
1755831538.7373102,70,328,161
1755831538.7373102,66,580,373
1755831538.7373102,47,407,333
1755831538.7373102,17,507,319
1755831538.7373102,10,455,276
1755831538.7373102,8,681,531
1755831538.7373102,1,823,500
1755831538.7938561,95,339,334
1755831538.7938561,91,316,293
1755831538.7938561,90,589,290
1755831538.7938561,89,430,228
1755831538.7938561,88,326,204
1755831538.7938561,85,1051,668
1755831538.7938561,75,492,249
1755831538.7938561,70,327,161
1755831538.7938561,66,579,371
1755831538.7938561,47,408,332
1755831538.7938561,17,504,316
1755831538.7938561,10,458,275
1755831538.7938561,8,681,532
1755831538.7938561,1,823,500
1755831538.8483405,95,338,336
1755831538.8483405,91,314,293
1755831538.8483405,90,595,292
1755831538.8483405,89,432,226
1755831538.8483405,88,327,203
1755831538.8483405,85,1050,668
1755831538.8483405,75,494,250
1755831538.8483405,70,328,161
1755831538.8483405,66,578,370
1755831538.8483405,47,410,330
1755831538.8483405,17,501,314
1755831538.8483405,10,459,275
1755831538.8483405,8,681,532
1755831538.8483405,1,823,500
1755831538.9033802,95,338,340
1755831538.9033802,91,313,292
1755831538.9033802,90,600,293
1755831538.9033802,88,328,202
1755831538.9033802,85,1051,667
1755831538.9033802,75,495,253
1755831538.9033802,70,328,161
1755831538.9033802,66,578,368
1755831538.9033802,47,411,328
1755831538.9033802,17,497,313
1755831538.9033802,10,462,276
1755831538.9033802,8,681,531
1755831538.9033802,1,822,500
1755831538.9563181,95,337,344
1755831538.9563181,91,313,292
1755831538.9563181,90,604,294
1755831538.9563181,88,328,202
1755831538.9563181,85,1047,667
1755831538.9563181,70,327,161
1755831538.9563181,66,578,367
1755831538.9563181,47,412,326
1755831538.9563181,17,494,311
1755831538.9563181,10,472,275
1755831538.9563181,8,681,531
1755831538.9563181,1,822,499
1755831539.0125883,95,335,346
1755831539.0125883,91,312,291
1755831539.0125883,90,607,295
1755831539.0125883,88,329,202
1755831539.0125883,85,1049,667
1755831539.0125883,70,328,161
1755831539.0125883,66,576,365
1755831539.0125883,47,414,325
1755831539.0125883,17,490,309
1755831539.0125883,10,478,275
1755831539.0125883,8,681,530
1755831539.0125883,1,822,499
1755831539.0678244,96,364,306
1755831539.0678244,95,331,347
1755831539.0678244,91,312,290
1755831539.0678244,90,611,296
1755831539.0678244,88,330,201
1755831539.0678244,85,1051,666
1755831539.0678244,75,502,266
1755831539.0678244,70,329,161
1755831539.0678244,66,576,363
1755831539.0678244,47,416,324
1755831539.0678244,17,490,307
1755831539.0678244,10,486,272
1755831539.0678244,8,681,530
1755831539.0678244,1,822,499
1755831539.121787,96,365,302
1755831539.121787,95,332,347
1755831539.121787,91,312,290
1755831539.121787,90,614,298
1755831539.121787,88,329,201
1755831539.121787,85,1052,667
1755831539.121787,75,502,267
1755831539.121787,70,329,159
1755831539.121787,66,576,361
1755831539.121787,47,416,323
1755831539.121787,17,488,306
1755831539.121787,10,492,269
1755831539.121787,8,681,531
1755831539.121787,1,822,499
1755831539.1771276,96,367,298
1755831539.1771276,95,330,349
1755831539.1771276,91,312,289
1755831539.1771276,90,616,299
1755831539.1771276,88,328,200
1755831539.1771276,85,1052,668
1755831539.1771276,75,505,269
1755831539.1771276,66,575,360
1755831539.1771276,47,416,322
1755831539.1771276,17,486,305
1755831539.1771276,10,497,270
1755831539.1771276,8,681,531
1755831539.1771276,1,822,499
1755831539.2328854,96,367,295
1755831539.2328854,95,329,350
1755831539.2328854,91,313,287
1755831539.2328854,90,619,300
1755831539.2328854,88,327,199
1755831539.2328854,85,1052,668
1755831539.2328854,75,508,271
1755831539.2328854,66,575,358
1755831539.2328854,47,417,322
1755831539.2328854,17,483,304
1755831539.2328854,8,681,531
1755831539.2328854,1,822,498
1755831539.2879984,98,334,368
1755831539.2879984,96,367,294
1755831539.2879984,95,329,350
1755831539.2879984,91,312,287
1755831539.2879984,90,621,301
1755831539.2879984,88,327,199
1755831539.2879984,85,1052,668
1755831539.2879984,75,508,272
1755831539.2879984,70,328,158
1755831539.2879984,66,574,357
1755831539.2879984,47,417,320
1755831539.2879984,17,480,303
1755831539.2879984,8,681,530
1755831539.2879984,1,822,498
1755831539.3473384,98,334,367
1755831539.3473384,96,367,291
1755831539.3473384,95,328,350
1755831539.3473384,91,311,286
1755831539.3473384,90,624,302
1755831539.3473384,88,327,199
1755831539.3473384,85,1052,668
1755831539.3473384,75,502,273
1755831539.3473384,66,574,355
1755831539.3473384,47,418,320
1755831539.3473384,17,474,301
1755831539.3473384,8,681,530
1755831539.3473384,1,821,498
1755831539.4032333,98,335,367
1755831539.4032333,96,367,286
1755831539.4032333,95,328,350
1755831539.4032333,91,312,285
1755831539.4032333,90,627,302
1755831539.4032333,88,327,199
1755831539.4032333,85,1051,668
1755831539.4032333,75,507,276
1755831539.4032333,66,574,354
1755831539.4032333,47,419,318
1755831539.4032333,17,470,299
1755831539.4032333,8,681,530
1755831539.4032333,1,821,498
1755831539.459069,98,335,366
1755831539.459069,97,380,184
1755831539.459069,96,367,285
1755831539.459069,95,329,349
1755831539.459069,91,312,284
1755831539.459069,90,632,303
1755831539.459069,88,326,198
1755831539.459069,85,1051,668
1755831539.459069,75,513,277
1755831539.459069,66,573,353
1755831539.459069,47,420,317
1755831539.459069,17,464,297
1755831539.459069,8,681,531
1755831539.459069,1,821,497
1755831539.5172932,98,337,365
1755831539.5172932,97,381,185
1755831539.5172932,96,367,281
1755831539.5172932,95,330,346
1755831539.5172932,91,311,282
1755831539.5172932,90,638,305
1755831539.5172932,88,326,196
1755831539.5172932,85,1050,668
1755831539.5172932,75,515,280
1755831539.5172932,70,321,164
1755831539.5172932,66,571,352
1755831539.5172932,47,421,316
1755831539.5172932,17,457,293
1755831539.5172932,8,682,532
1755831539.5172932,1,820,497
1755831539.5723739,98,340,364
1755831539.5723739,97,384,188
1755831539.5723739,96,368,277
1755831539.5723739,95,330,343
1755831539.5723739,91,310,282
1755831539.5723739,90,641,307
1755831539.5723739,88,326,195
1755831539.5723739,75,519,283
1755831539.5723739,70,323,167
1755831539.5723739,66,571,351
1755831539.5723739,47,421,316
1755831539.5723739,17,454,291
1755831539.5723739,8,682,532
1755831539.5723739,1,819,496
1755831539.6282053,100,446,211
1755831539.6282053,98,341,364
1755831539.6282053,97,387,191
1755831539.6282053,96,368,271
1755831539.6282053,95,328,340
1755831539.6282053,91,309,281
1755831539.6282053,90,644,307
1755831539.6282053,88,326,196
1755831539.6282053,75,523,286
1755831539.6282053,70,323,169
1755831539.6282053,66,571,349
1755831539.6282053,47,422,316
1755831539.6282053,17,451,288
1755831539.6282053,8,682,532
1755831539.6282053,1,819,496
1755831539.681195,100,449,211
1755831539.681195,98,343,365
1755831539.681195,97,387,192
1755831539.681195,96,368,269
1755831539.681195,95,327,339
1755831539.681195,91,309,281
1755831539.681195,90,649,309
1755831539.681195,88,327,196
1755831539.681195,85,1051,669
1755831539.681195,75,526,289
1755831539.681195,66,572,347
1755831539.681195,47,422,315
1755831539.681195,17,450,286
1755831539.681195,8,682,533
1755831539.681195,1,819,496
1755831539.7352545,100,453,210
1755831539.7352545,98,345,366
1755831539.7352545,97,388,193
1755831539.7352545,96,369,266
1755831539.7352545,95,328,338
1755831539.7352545,91,310,280
1755831539.7352545,90,653,311
1755831539.7352545,88,327,197
1755831539.7352545,85,1050,668
1755831539.7352545,75,529,291
1755831539.7352545,66,573,347
1755831539.7352545,47,423,315
1755831539.7352545,17,449,284
1755831539.7352545,8,682,533
1755831539.7352545,1,819,495
1755831539.7898753,100,457,209
1755831539.7898753,98,347,366
1755831539.7898753,97,389,195
1755831539.7898753,96,369,262
1755831539.7898753,95,331,338
1755831539.7898753,91,310,279
1755831539.7898753,90,656,313
1755831539.7898753,88,329,197
1755831539.7898753,75,533,293
1755831539.7898753,70,327,166
1755831539.7898753,66,575,346
1755831539.7898753,47,423,314
1755831539.7898753,17,446,282
1755831539.7898753,8,681,533
1755831539.7898753,1,819,495
1755831539.8436341,100,459,209
1755831539.8436341,98,349,366
1755831539.8436341,97,390,198
1755831539.8436341,96,369,260
1755831539.8436341,95,331,338
1755831539.8436341,91,310,277
1755831539.8436341,90,658,314
1755831539.8436341,88,330,197
1755831539.8436341,75,534,294
1755831539.8436341,70,328,166
1755831539.8436341,66,576,346
1755831539.8436341,47,423,314
1755831539.8436341,17,445,280
1755831539.8436341,8,681,533
1755831539.8436341,1,819,495
1755831539.9033005,98,351,365
1755831539.9033005,97,390,200
1755831539.9033005,96,369,258
1755831539.9033005,95,332,337
1755831539.9033005,91,310,276
1755831539.9033005,90,661,315
1755831539.9033005,88,328,196
1755831539.9033005,85,1051,666
1755831539.9033005,75,538,294
1755831539.9033005,70,328,171
1755831539.9033005,66,575,344
1755831539.9033005,47,424,312
1755831539.9033005,17,444,278
1755831539.9033005,8,682,533
1755831539.9033005,1,819,495
1755831539.9573333,98,357,362
1755831539.9573333,97,390,202
1755831539.9573333,96,369,256
1755831539.9573333,95,333,337
1755831539.9573333,91,309,275
1755831539.9573333,90,664,317
1755831539.9573333,88,327,195
1755831539.9573333,85,1051,667
1755831539.9573333,75,544,294
1755831539.9573333,70,325,178
1755831539.9573333,66,572,343
1755831539.9573333,47,424,312
1755831539.9573333,17,444,274
1755831539.9573333,8,681,533
1755831539.9573333,1,820,494
1755831540.0153065,98,363,360
1755831540.0153065,97,391,204
1755831540.0153065,96,370,254
1755831540.0153065,95,330,336
1755831540.0153065,91,309,274
1755831540.0153065,90,669,318
1755831540.0153065,88,325,195
1755831540.0153065,85,1051,668
1755831540.0153065,75,550,296
1755831540.0153065,70,324,180
1755831540.0153065,66,570,340
1755831540.0153065,47,425,311
1755831540.0153065,17,444,272
1755831540.0153065,8,680,533
1755831540.0153065,1,819,494
1755831540.0734076,101,328,149
1755831540.0734076,98,368,358
1755831540.0734076,97,391,204
1755831540.0734076,96,370,254
1755831540.0734076,95,330,335
1755831540.0734076,91,309,272
1755831540.0734076,90,673,319
1755831540.0734076,88,324,196
1755831540.0734076,85,1051,668
1755831540.0734076,75,554,296
1755831540.0734076,70,324,180
1755831540.0734076,66,568,338
1755831540.0734076,47,426,310
1755831540.0734076,17,442,270
1755831540.0734076,8,679,533
1755831540.0734076,1,819,494
1755831540.129343,98,371,357
1755831540.129343,97,392,205
1755831540.129343,96,369,249
1755831540.129343,95,329,334
1755831540.129343,91,308,270
1755831540.129343,90,675,321
1755831540.129343,88,325,197
1755831540.129343,85,1050,667
1755831540.129343,75,560,297
1755831540.129343,70,326,179
1755831540.129343,66,568,337
1755831540.129343,47,426,310
1755831540.129343,17,443,269
1755831540.129343,8,680,533
1755831540.129343,1,819,494
1755831540.1894505,98,374,356
1755831540.1894505,97,393,206
1755831540.1894505,96,367,244
1755831540.1894505,95,329,332
1755831540.1894505,91,307,269
1755831540.1894505,90,683,323
1755831540.1894505,88,324,199
1755831540.1894505,85,1051,668
1755831540.1894505,75,568,299
1755831540.1894505,70,326,176
1755831540.1894505,66,569,338
1755831540.1894505,47,425,310
1755831540.1894505,17,441,266
1755831540.1894505,8,679,532
1755831540.1894505,1,820,494
1755831540.244976,102,382,173
1755831540.244976,98,378,354
1755831540.244976,97,394,208
1755831540.244976,96,367,239
1755831540.244976,95,329,328
1755831540.244976,91,306,268
1755831540.244976,90,688,324
1755831540.244976,88,324,201
1755831540.244976,85,1052,668
1755831540.244976,75,576,301
1755831540.244976,70,323,174
1755831540.244976,66,571,340
1755831540.244976,47,426,309
1755831540.244976,17,440,263
1755831540.244976,8,679,532
1755831540.244976,1,819,493
1755831540.3036435,102,382,172
1755831540.3036435,98,381,351
1755831540.3036435,97,394,208
1755831540.3036435,96,366,238
1755831540.3036435,95,330,326
1755831540.3036435,91,306,267
1755831540.3036435,90,692,325
1755831540.3036435,88,323,202
1755831540.3036435,85,1053,667
1755831540.3036435,75,581,303
1755831540.3036435,70,322,174
1755831540.3036435,66,572,341
1755831540.3036435,47,427,308
1755831540.3036435,17,440,262
1755831540.3036435,8,679,532
1755831540.3036435,1,818,493
1755831540.3683507,102,385,171
1755831540.3683507,98,385,349
1755831540.3683507,97,397,209
1755831540.3683507,96,365,236
1755831540.3683507,95,331,325
1755831540.3683507,91,305,266
1755831540.3683507,90,696,327
1755831540.3683507,88,326,203
1755831540.3683507,75,587,305
1755831540.3683507,70,322,173
1755831540.3683507,66,575,343
1755831540.3683507,47,427,308
1755831540.3683507,17,441,261
1755831540.3683507,8,679,532
1755831540.3683507,1,818,493
1755831540.425445,102,386,171
1755831540.425445,100,515,221
1755831540.425445,98,390,347
1755831540.425445,97,397,209
1755831540.425445,96,365,236
1755831540.425445,95,330,322
1755831540.425445,91,304,265
1755831540.425445,90,699,328
1755831540.425445,88,327,203
1755831540.425445,75,591,306
1755831540.425445,70,322,173
1755831540.425445,66,576,343
1755831540.425445,47,428,308
1755831540.425445,17,442,260
1755831540.425445,8,680,532
1755831540.425445,1,818,493
1755831540.48412,102,384,170
1755831540.48412,100,521,222
1755831540.48412,98,396,345
1755831540.48412,97,398,209
1755831540.48412,96,366,236
1755831540.48412,95,329,320
1755831540.48412,91,306,265
1755831540.48412,90,702,329
1755831540.48412,88,327,205
1755831540.48412,85,1052,667
1755831540.48412,75,595,305
1755831540.48412,70,322,171
1755831540.48412,66,577,343
1755831540.48412,47,428,307
1755831540.48412,17,443,259
1755831540.48412,8,679,532
1755831540.48412,1,818,493
1755831540.5422547,104,367,339
1755831540.5422547,102,385,170
1755831540.5422547,100,526,223
1755831540.5422547,98,400,342
1755831540.5422547,97,398,209
1755831540.5422547,96,366,235
1755831540.5422547,95,329,319
1755831540.5422547,91,306,265
1755831540.5422547,90,703,330
1755831540.5422547,88,328,206
1755831540.5422547,85,1053,667
1755831540.5422547,75,598,305
1755831540.5422547,70,322,170
1755831540.5422547,66,579,342
1755831540.5422547,47,427,307
1755831540.5422547,17,444,259
1755831540.5422547,8,679,533
1755831540.5422547,1,818,492
1755831540.5979233,105,319,144
1755831540.5979233,104,367,335
1755831540.5979233,102,386,172
1755831540.5979233,100,530,224
1755831540.5979233,98,405,341
1755831540.5979233,97,400,209
1755831540.5979233,95,330,317
1755831540.5979233,91,305,264
1755831540.5979233,90,706,330
1755831540.5979233,88,328,207
1755831540.5979233,75,601,305
1755831540.5979233,70,322,169
1755831540.5979233,66,581,343
1755831540.5979233,47,427,307
1755831540.5979233,17,445,258
1755831540.5979233,8,679,533
1755831540.5979233,1,819,492
1755831540.6580112,104,368,333
1755831540.6580112,102,387,172
1755831540.6580112,100,536,226
1755831540.6580112,98,408,340
1755831540.6580112,97,402,208
1755831540.6580112,95,332,315
1755831540.6580112,91,304,264
1755831540.6580112,90,708,332
1755831540.6580112,88,329,208
1755831540.6580112,75,604,307
1755831540.6580112,70,323,169
1755831540.6580112,66,584,343
1755831540.6580112,47,427,306
1755831540.6580112,17,446,256
1755831540.6580112,8,679,532
1755831540.6580112,1,819,492
1755831540.7176201,104,367,331
1755831540.7176201,102,388,171
1755831540.7176201,100,541,228
1755831540.7176201,98,413,338
1755831540.7176201,97,402,207
1755831540.7176201,95,332,313
1755831540.7176201,91,303,263
1755831540.7176201,90,711,334
1755831540.7176201,88,329,209
1755831540.7176201,75,609,309
1755831540.7176201,70,323,168
1755831540.7176201,66,585,343
1755831540.7176201,47,428,306
1755831540.7176201,17,448,256
1755831540.7176201,8,678,532
1755831540.7176201,1,819,491
1755831540.775593,105,320,144
1755831540.775593,104,367,328
1755831540.775593,102,388,172
1755831540.775593,100,548,231
1755831540.775593,98,419,336
1755831540.775593,97,403,207
1755831540.775593,95,332,311
1755831540.775593,91,303,263
1755831540.775593,90,715,335
1755831540.775593,88,329,210
1755831540.775593,75,614,310
1755831540.775593,70,324,169
1755831540.775593,66,586,345
1755831540.775593,47,427,306
1755831540.775593,17,448,256
1755831540.775593,8,678,532
1755831540.775593,1,818,491
1755831540.8330452,106,327,346
1755831540.8330452,104,370,324
1755831540.8330452,102,390,173
1755831540.8330452,100,556,233
1755831540.8330452,98,424,335
1755831540.8330452,97,403,207
1755831540.8330452,95,332,310
1755831540.8330452,91,305,262
1755831540.8330452,90,717,335
1755831540.8330452,88,328,212
1755831540.8330452,75,621,312
1755831540.8330452,70,322,168
1755831540.8330452,66,584,346
1755831540.8330452,47,426,306
1755831540.8330452,17,448,256
1755831540.8330452,8,680,533
1755831540.8330452,1,819,491
1755831540.8908923,106,328,350
1755831540.8908923,104,373,321
1755831540.8908923,102,392,175
1755831540.8908923,100,562,233
1755831540.8908923,98,429,334
1755831540.8908923,97,403,208
1755831540.8908923,96,369,228
1755831540.8908923,95,331,309
1755831540.8908923,91,305,261
1755831540.8908923,90,720,335
1755831540.8908923,88,328,212
1755831540.8908923,75,625,314
1755831540.8908923,70,323,168
1755831540.8908923,66,583,347
1755831540.8908923,47,425,306
1755831540.8908923,17,448,256
1755831540.8908923,8,680,532
1755831540.8908923,1,820,490
1755831540.9479966,106,328,353
1755831540.9479966,104,374,319
1755831540.9479966,102,393,175
1755831540.9479966,100,570,235
1755831540.9479966,98,432,333
1755831540.9479966,97,403,208
1755831540.9479966,95,332,307
1755831540.9479966,91,305,261
1755831540.9479966,90,725,337
1755831540.9479966,88,328,214
1755831540.9479966,75,629,315
1755831540.9479966,70,325,168
1755831540.9479966,66,582,347
1755831540.9479966,47,425,305
1755831540.9479966,17,447,255
1755831540.9479966,8,680,532
1755831540.9479966,1,820,490
1755831541.0051367,107,624,343
1755831541.0051367,106,329,355
1755831541.0051367,104,376,317
1755831541.0051367,102,399,176
1755831541.0051367,100,577,238
1755831541.0051367,98,440,329
1755831541.0051367,97,406,208
1755831541.0051367,95,331,305
1755831541.0051367,91,306,261
1755831541.0051367,90,728,338
1755831541.0051367,88,328,215
1755831541.0051367,75,633,316
1755831541.0051367,70,325,169
1755831541.0051367,66,583,347
1755831541.0051367,47,426,305
1755831541.0051367,17,447,255
1755831541.0051367,8,680,532
1755831541.0051367,1,820,490
1755831541.0621736,107,628,343
1755831541.0621736,106,331,358
1755831541.0621736,104,379,315
1755831541.0621736,102,398,177
1755831541.0621736,100,583,240
1755831541.0621736,98,446,325
1755831541.0621736,97,409,208
1755831541.0621736,95,329,302
1755831541.0621736,91,306,261
1755831541.0621736,90,732,338
1755831541.0621736,88,327,218
1755831541.0621736,75,637,317
1755831541.0621736,70,326,170
1755831541.0621736,66,583,348
1755831541.0621736,47,428,304
1755831541.0621736,17,447,254
1755831541.0621736,8,680,532
1755831541.0621736,1,819,490
1755831541.1225903,107,627,342
1755831541.1225903,106,332,361
1755831541.1225903,104,381,311
1755831541.1225903,102,395,176
1755831541.1225903,100,590,244
1755831541.1225903,98,451,323
1755831541.1225903,97,410,208
1755831541.1225903,96,367,225
1755831541.1225903,95,330,300
1755831541.1225903,91,306,260
1755831541.1225903,90,735,338
1755831541.1225903,88,328,219
1755831541.1225903,75,639,316
1755831541.1225903,70,327,170
1755831541.1225903,66,584,348
1755831541.1225903,47,429,305
1755831541.1225903,17,447,254
1755831541.1225903,8,680,532
1755831541.1225903,1,819,490
1755831541.1841633,107,634,340
1755831541.1841633,106,332,363
1755831541.1841633,104,384,307
1755831541.1841633,102,401,177
1755831541.1841633,100,599,247
1755831541.1841633,98,455,321
1755831541.1841633,97,410,208
1755831541.1841633,96,366,224
1755831541.1841633,95,330,298
1755831541.1841633,91,305,260
1755831541.1841633,90,739,339
1755831541.1841633,88,329,221
1755831541.1841633,75,642,326
1755831541.1841633,70,327,170
1755831541.1841633,66,585,348
1755831541.1841633,47,429,305
1755831541.1841633,17,448,256
1755831541.1841633,8,679,532
1755831541.1841633,1,819,490
1755831541.2429996,107,639,340
1755831541.2429996,106,333,364
1755831541.2429996,104,386,304
1755831541.2429996,102,403,178
1755831541.2429996,100,606,250
1755831541.2429996,98,460,319
1755831541.2429996,97,410,207
1755831541.2429996,95,330,297
1755831541.2429996,91,306,260
1755831541.2429996,90,743,340
1755831541.2429996,88,328,219
1755831541.2429996,75,645,332
1755831541.2429996,70,327,171
1755831541.2429996,66,586,348
1755831541.2429996,47,430,304
1755831541.2429996,17,448,257
1755831541.2429996,8,679,533
1755831541.2429996,1,820,489
1755831541.3031895,107,643,339
1755831541.3031895,106,333,366
1755831541.3031895,104,386,302
1755831541.3031895,102,405,178
1755831541.3031895,100,611,254
1755831541.3031895,98,464,318
1755831541.3031895,97,411,207
1755831541.3031895,95,331,296
1755831541.3031895,91,305,260
1755831541.3031895,90,746,342
1755831541.3031895,88,330,216
1755831541.3031895,75,648,334
1755831541.3031895,70,327,171
1755831541.3031895,66,586,347
1755831541.3031895,47,429,304
1755831541.3031895,17,448,257
1755831541.3031895,8,679,533
1755831541.3031895,1,820,489
1755831541.3642135,107,643,341
1755831541.3642135,106,334,368
1755831541.3642135,104,386,300
1755831541.3642135,102,404,179
1755831541.3642135,100,616,257
1755831541.3642135,98,470,317
1755831541.3642135,97,411,207
1755831541.3642135,95,330,295
1755831541.3642135,91,304,260
1755831541.3642135,90,749,342
1755831541.3642135,88,330,212
1755831541.3642135,75,657,331
1755831541.3642135,70,327,171
1755831541.3642135,66,586,347
1755831541.3642135,47,429,303
1755831541.3642135,17,448,258
1755831541.3642135,8,677,533
1755831541.3642135,1,820,489
1755831541.4223425,107,643,341
1755831541.4223425,106,336,370
1755831541.4223425,104,386,298
1755831541.4223425,102,404,179
1755831541.4223425,100,621,259
1755831541.4223425,98,473,316
1755831541.4223425,97,413,209
1755831541.4223425,95,329,294
1755831541.4223425,91,302,259
1755831541.4223425,90,753,342
1755831541.4223425,75,664,329
1755831541.4223425,70,327,172
1755831541.4223425,66,587,346
1755831541.4223425,47,429,303
1755831541.4223425,17,451,258
1755831541.4223425,8,677,534
1755831541.4223425,1,821,489
1755831541.4803476,107,656,340
1755831541.4803476,106,337,372
1755831541.4803476,104,386,297
1755831541.4803476,102,405,181
1755831541.4803476,100,626,262
1755831541.4803476,98,482,314
1755831541.4803476,97,414,209
1755831541.4803476,95,328,292
1755831541.4803476,91,302,258
1755831541.4803476,90,755,343
1755831541.4803476,75,668,329
1755831541.4803476,70,328,172
1755831541.4803476,66,587,346
1755831541.4803476,47,429,303
1755831541.4803476,17,451,260
1755831541.4803476,8,677,533
1755831541.4803476,1,821,488
1755831541.5397406,107,661,340
1755831541.5397406,106,338,375
1755831541.5397406,104,389,294
1755831541.5397406,102,406,179
1755831541.5397406,100,631,266
1755831541.5397406,98,486,312
1755831541.5397406,97,415,208
1755831541.5397406,95,329,291
1755831541.5397406,91,302,259
1755831541.5397406,90,759,343
1755831541.5397406,75,676,329
1755831541.5397406,70,328,172
1755831541.5397406,66,588,345
1755831541.5397406,47,429,302
1755831541.5397406,17,451,260
1755831541.5397406,8,677,533
1755831541.5397406,1,820,488
1755831541.5986772,107,664,341
1755831541.5986772,106,340,376
1755831541.5986772,104,392,290
1755831541.5986772,102,405,179
1755831541.5986772,100,636,269
1755831541.5986772,98,491,311
1755831541.5986772,97,416,209
1755831541.5986772,95,328,289
1755831541.5986772,91,302,258
1755831541.5986772,90,763,343
1755831541.5986772,75,682,327
1755831541.5986772,70,328,173
1755831541.5986772,66,589,344
1755831541.5986772,47,429,303
1755831541.5986772,17,453,258
1755831541.5986772,8,677,534
1755831541.5986772,1,820,488
1755831541.6609676,107,669,341
1755831541.6609676,106,341,378
1755831541.6609676,104,393,288
1755831541.6609676,102,407,178
1755831541.6609676,100,643,274
1755831541.6609676,98,495,310
1755831541.6609676,97,416,209
1755831541.6609676,95,328,287
1755831541.6609676,91,302,257
1755831541.6609676,90,765,344
1755831541.6609676,75,686,326
1755831541.6609676,70,329,173
1755831541.6609676,66,589,343
1755831541.6609676,47,430,302
1755831541.6609676,17,454,258
1755831541.6609676,8,677,534
1755831541.6609676,1,820,488
1755831541.7223885,107,676,339
1755831541.7223885,106,341,381
1755831541.7223885,104,396,285
1755831541.7223885,102,409,177
1755831541.7223885,100,648,276
1755831541.7223885,98,499,310
1755831541.7223885,97,417,209
1755831541.7223885,95,329,286
1755831541.7223885,91,302,257
1755831541.7223885,90,767,344
1755831541.7223885,75,686,325
1755831541.7223885,70,329,173
1755831541.7223885,66,591,342
1755831541.7223885,47,429,301
1755831541.7223885,17,454,258
1755831541.7223885,8,677,533
1755831541.7223885,1,821,488
1755831541.7918205,107,680,338
1755831541.7918205,106,341,384
1755831541.7918205,104,399,282
1755831541.7918205,102,410,176
1755831541.7918205,100,653,278
1755831541.7918205,98,506,307
1755831541.7918205,97,417,208
1755831541.7918205,95,328,283
1755831541.7918205,91,302,257
1755831541.7918205,90,770,345
1755831541.7918205,75,686,324
1755831541.7918205,70,330,174
1755831541.7918205,66,592,340
1755831541.7918205,47,430,301
1755831541.7918205,17,453,257
1755831541.7918205,8,677,533
1755831541.7918205,1,821,488
1755831541.8480496,107,681,339
1755831541.8480496,106,341,386
1755831541.8480496,104,400,280
1755831541.8480496,102,410,176
1755831541.8480496,100,659,282
1755831541.8480496,98,511,306
1755831541.8480496,97,418,208
1755831541.8480496,91,302,257
1755831541.8480496,90,775,347
1755831541.8480496,75,688,324
1755831541.8480496,70,330,174
1755831541.8480496,66,592,339
1755831541.8480496,47,430,301
1755831541.8480496,17,454,257
1755831541.8480496,8,676,533
1755831541.8480496,1,821,488
1755831541.9042985,107,684,339
1755831541.9042985,106,340,387
1755831541.9042985,104,400,278
1755831541.9042985,102,411,175
1755831541.9042985,100,664,284
1755831541.9042985,98,515,306
1755831541.9042985,97,420,207
1755831541.9042985,91,305,257
1755831541.9042985,90,779,348
1755831541.9042985,75,691,327
1755831541.9042985,70,331,176
1755831541.9042985,66,591,336
1755831541.9042985,47,431,301
1755831541.9042985,17,456,257
1755831541.9042985,8,677,533
1755831541.9042985,1,822,488
1755831541.9616764,107,687,339
1755831541.9616764,106,341,390
1755831541.9616764,104,400,275
1755831541.9616764,102,411,175
1755831541.9616764,100,671,287
1755831541.9616764,98,520,304
1755831541.9616764,97,421,207
1755831541.9616764,91,304,256
1755831541.9616764,90,781,349
1755831541.9616764,75,698,324
1755831541.9616764,70,332,177
1755831541.9616764,66,590,335
1755831541.9616764,47,432,301
1755831541.9616764,17,456,256
1755831541.9616764,8,677,533
1755831541.9616764,1,822,488
1755831542.0213645,107,692,339
1755831542.0213645,106,343,392
1755831542.0213645,104,400,274
1755831542.0213645,102,412,175
1755831542.0213645,100,678,289
1755831542.0213645,98,525,303
1755831542.0213645,97,422,207
1755831542.0213645,91,304,256
1755831542.0213645,90,784,349
1755831542.0213645,75,699,324
1755831542.0213645,70,330,178
1755831542.0213645,66,591,333
1755831542.0213645,47,433,300
1755831542.0213645,17,458,256
1755831542.0213645,8,677,533
1755831542.0213645,1,822,488
1755831542.0787587,107,696,338
1755831542.0787587,106,345,396
1755831542.0787587,104,400,272
1755831542.0787587,102,414,174
1755831542.0787587,100,682,292
1755831542.0787587,98,531,302
1755831542.0787587,97,422,206
1755831542.0787587,91,303,256
1755831542.0787587,90,787,349
1755831542.0787587,70,329,178
1755831542.0787587,66,592,331
1755831542.0787587,47,432,300
1755831542.0787587,17,459,255
1755831542.0787587,8,677,533
1755831542.0787587,1,822,487
1755831542.1356804,107,700,340
1755831542.1356804,106,347,398
1755831542.1356804,104,400,270
1755831542.1356804,102,414,172
1755831542.1356804,100,689,293
1755831542.1356804,98,540,301
1755831542.1356804,97,422,206
1755831542.1356804,91,302,255
1755831542.1356804,90,791,351
1755831542.1356804,70,328,178
1755831542.1356804,66,593,330
1755831542.1356804,47,432,299
1755831542.1356804,17,462,254
1755831542.1356804,8,677,534
1755831542.1356804,1,821,487
1755831542.194275,109,1054,667
1755831542.194275,107,705,341
1755831542.194275,106,349,400
1755831542.194275,104,400,268
1755831542.194275,102,415,172
1755831542.194275,100,695,293
1755831542.194275,98,545,301
1755831542.194275,97,423,206
1755831542.194275,95,336,287
1755831542.194275,91,301,254
1755831542.194275,90,793,352
1755831542.194275,75,711,317
1755831542.194275,70,329,178
1755831542.194275,66,593,329
1755831542.194275,47,432,299
1755831542.194275,17,463,253
1755831542.194275,8,677,533
1755831542.194275,1,821,487
1755831542.2497573,109,1052,668
1755831542.2497573,107,708,342
1755831542.2497573,106,350,403
1755831542.2497573,104,400,267
1755831542.2497573,102,414,172
1755831542.2497573,100,702,295
1755831542.2497573,98,552,300
1755831542.2497573,97,424,206
1755831542.2497573,95,336,289
1755831542.2497573,91,301,255
1755831542.2497573,90,797,353
1755831542.2497573,70,330,179
1755831542.2497573,66,594,326
1755831542.2497573,47,431,298
1755831542.2497573,17,463,254
1755831542.2497573,8,677,533
1755831542.2497573,1,821,486
1755831542.3079345,109,1053,669
1755831542.3079345,107,712,344
1755831542.3079345,106,350,405
1755831542.3079345,104,404,263
1755831542.3079345,102,414,172
1755831542.3079345,100,706,296
1755831542.3079345,98,560,299
1755831542.3079345,97,425,206
1755831542.3079345,95,336,290
1755831542.3079345,91,301,255
1755831542.3079345,90,800,354
1755831542.3079345,70,329,179
1755831542.3079345,66,595,324
1755831542.3079345,47,431,297
1755831542.3079345,17,463,254
1755831542.3079345,8,677,534
1755831542.3079345,1,821,486
1755831542.3648324,107,713,346
1755831542.3648324,106,352,408
1755831542.3648324,104,406,261
1755831542.3648324,102,416,172
1755831542.3648324,100,712,297
1755831542.3648324,98,563,299
1755831542.3648324,97,426,205
1755831542.3648324,95,335,290
1755831542.3648324,91,302,254
1755831542.3648324,90,803,355
1755831542.3648324,70,326,180
1755831542.3648324,66,595,322
1755831542.3648324,47,432,297
1755831542.3648324,17,463,254
1755831542.3648324,8,676,534
1755831542.3648324,1,822,486
1755831542.4230766,107,713,348
1755831542.4230766,106,354,409
1755831542.4230766,104,407,258
1755831542.4230766,102,415,172
1755831542.4230766,100,715,298
1755831542.4230766,98,567,298
1755831542.4230766,97,426,205
1755831542.4230766,95,333,293
1755831542.4230766,91,303,254
1755831542.4230766,90,805,356
1755831542.4230766,75,722,312
1755831542.4230766,70,324,180
1755831542.4230766,66,595,322
1755831542.4230766,47,432,297
1755831542.4230766,17,464,254
1755831542.4230766,8,677,534
1755831542.4230766,1,822,486
1755831542.4803498,107,715,349
1755831542.4803498,106,357,411
1755831542.4803498,104,407,256
1755831542.4803498,102,415,171
1755831542.4803498,100,721,299
1755831542.4803498,98,569,298
1755831542.4803498,97,426,205
1755831542.4803498,95,332,294
1755831542.4803498,91,304,254
1755831542.4803498,90,808,357
1755831542.4803498,75,726,311
1755831542.4803498,70,325,179
1755831542.4803498,66,596,320
1755831542.4803498,47,433,296
1755831542.4803498,17,467,255
1755831542.4803498,8,678,534
1755831542.4803498,1,823,485
1755831542.540834,111,327,138
1755831542.540834,109,1054,668
1755831542.540834,107,716,351
1755831542.540834,106,359,412
1755831542.540834,104,407,254
1755831542.540834,102,417,169
1755831542.540834,100,725,300
1755831542.540834,98,572,298
1755831542.540834,97,429,205
1755831542.540834,91,304,254
1755831542.540834,90,812,358
1755831542.540834,75,731,311
1755831542.540834,70,324,179
1755831542.540834,66,598,319
1755831542.540834,47,434,295
1755831542.540834,17,468,256
1755831542.540834,8,678,534
1755831542.540834,1,823,485
1755831542.59914,107,718,354
1755831542.59914,106,362,413
1755831542.59914,104,408,251
1755831542.59914,102,417,168
1755831542.59914,100,725,297
1755831542.59914,98,579,297
1755831542.59914,97,430,206
1755831542.59914,91,303,254
1755831542.59914,90,816,359
1755831542.59914,75,735,312
1755831542.59914,70,325,179
1755831542.59914,66,603,318
1755831542.59914,47,434,295
1755831542.59914,17,470,258
1755831542.59914,8,677,534
1755831542.59914,1,825,486
1755831542.657933,107,720,356
1755831542.657933,106,365,413
1755831542.657933,104,407,250
1755831542.657933,102,418,168
1755831542.657933,100,727,296
1755831542.657933,98,587,294
1755831542.657933,97,430,207
1755831542.657933,91,302,254
1755831542.657933,90,818,360
1755831542.657933,75,738,311
1755831542.657933,70,325,179
1755831542.657933,66,607,316
1755831542.657933,47,434,295
1755831542.657933,17,471,259
1755831542.657933,8,676,534
1755831542.657933,1,825,486
1755831542.7153137,112,745,335
1755831542.7153137,107,722,357
1755831542.7153137,106,368,414
1755831542.7153137,104,408,249
1755831542.7153137,102,418,168
1755831542.7153137,100,737,300
1755831542.7153137,98,595,294
1755831542.7153137,97,432,206
1755831542.7153137,91,301,253
1755831542.7153137,90,823,361
1755831542.7153137,75,743,312
1755831542.7153137,70,326,180
1755831542.7153137,66,609,315
1755831542.7153137,47,434,295
1755831542.7153137,17,471,259
1755831542.7153137,8,676,535
1755831542.7153137,1,825,486
1755831542.7773755,112,747,335
1755831542.7773755,107,724,359
1755831542.7773755,106,371,414
1755831542.7773755,104,407,249
1755831542.7773755,102,420,167
1755831542.7773755,100,736,295
1755831542.7773755,98,599,293
1755831542.7773755,97,434,204
1755831542.7773755,91,300,253
1755831542.7773755,90,827,362
1755831542.7773755,75,747,310
1755831542.7773755,70,326,181
1755831542.7773755,66,610,315
1755831542.7773755,47,434,294
1755831542.7773755,17,473,260
1755831542.7773755,8,676,534
1755831542.7773755,1,825,485
1755831542.8388476,112,749,335
1755831542.8388476,109,1053,667
1755831542.8388476,107,725,360
1755831542.8388476,106,374,414
1755831542.8388476,104,407,248
1755831542.8388476,102,421,168
1755831542.8388476,100,738,293
1755831542.8388476,98,602,292
1755831542.8388476,97,435,204
1755831542.8388476,91,300,253
1755831542.8388476,90,831,363
1755831542.8388476,75,751,309
1755831542.8388476,70,326,182
1755831542.8388476,66,613,314
1755831542.8388476,47,434,294
1755831542.8388476,17,474,261
1755831542.8388476,8,676,535
1755831542.8388476,1,824,486
1755831542.8978362,112,754,336
1755831542.8978362,107,728,361
1755831542.8978362,106,378,413
1755831542.8978362,104,406,247
1755831542.8978362,102,423,169
1755831542.8978362,100,740,290
1755831542.8978362,98,609,297
1755831542.8978362,97,437,203
1755831542.8978362,91,300,253
1755831542.8978362,90,834,364
1755831542.8978362,75,754,307
1755831542.8978362,70,325,182
1755831542.8978362,66,615,311
1755831542.8978362,47,434,294
1755831542.8978362,17,475,262
1755831542.8978362,8,676,535
1755831542.8978362,1,824,486
1755831542.9583058,112,759,337
1755831542.9583058,107,732,363
1755831542.9583058,106,380,413
1755831542.9583058,104,405,246
1755831542.9583058,102,425,168
1755831542.9583058,100,741,288
1755831542.9583058,98,618,291
1755831542.9583058,97,437,203
1755831542.9583058,91,301,254
1755831542.9583058,90,839,364
1755831542.9583058,75,758,306
1755831542.9583058,70,324,182
1755831542.9583058,66,619,311
1755831542.9583058,47,434,294
1755831542.9583058,17,477,263
1755831542.9583058,8,677,535
1755831542.9583058,1,824,486
1755831543.0146642,113,328,238
1755831543.0146642,112,761,338
1755831543.0146642,109,1052,668
1755831543.0146642,107,735,365
1755831543.0146642,106,384,411
1755831543.0146642,104,405,245
1755831543.0146642,102,426,168
1755831543.0146642,100,743,286
1755831543.0146642,98,622,289
1755831543.0146642,97,438,203
1755831543.0146642,91,300,254
1755831543.0146642,90,843,365
1755831543.0146642,75,761,308
1755831543.0146642,70,323,179
1755831543.0146642,66,623,310
1755831543.0146642,47,436,293
1755831543.0146642,17,478,264
1755831543.0146642,8,677,535
1755831543.0146642,1,823,486
1755831543.0728946,113,328,235
1755831543.0728946,112,763,338
1755831543.0728946,109,1054,668
1755831543.0728946,107,738,367
1755831543.0728946,106,387,410
1755831543.0728946,104,404,245
1755831543.0728946,102,427,168
1755831543.0728946,100,748,284
1755831543.0728946,98,624,287
1755831543.0728946,97,440,203
1755831543.0728946,91,300,254
1755831543.0728946,90,846,366
1755831543.0728946,75,764,308
1755831543.0728946,70,323,175
1755831543.0728946,66,626,310
1755831543.0728946,47,436,293
1755831543.0728946,17,478,264
1755831543.0728946,8,676,535
1755831543.0728946,1,823,486
1755831543.1323726,113,327,235
1755831543.1323726,112,765,338
1755831543.1323726,109,1054,668
1755831543.1323726,107,739,369
1755831543.1323726,106,389,408
1755831543.1323726,104,403,244
1755831543.1323726,102,427,168
1755831543.1323726,100,749,282
1755831543.1323726,98,629,285
1755831543.1323726,97,440,202
1755831543.1323726,91,300,253
1755831543.1323726,90,850,366
1755831543.1323726,75,766,308
1755831543.1323726,70,323,172
1755831543.1323726,66,631,310
1755831543.1323726,47,436,293
1755831543.1323726,17,479,265
1755831543.1323726,8,675,535
1755831543.1323726,1,823,486
1755831543.1898084,113,329,232
1755831543.1898084,112,767,339
1755831543.1898084,109,1053,669
1755831543.1898084,107,741,370
1755831543.1898084,106,393,406
1755831543.1898084,104,403,244
1755831543.1898084,102,430,168
1755831543.1898084,100,749,283
1755831543.1898084,98,636,284
1755831543.1898084,97,441,202
1755831543.1898084,91,300,253
1755831543.1898084,90,853,366
1755831543.1898084,75,769,308
1755831543.1898084,70,323,169
1755831543.1898084,66,633,309
1755831543.1898084,47,435,292
1755831543.1898084,17,479,264
1755831543.1898084,8,676,535
1755831543.1898084,1,823,486
1755831543.2492456,113,329,229
1755831543.2492456,112,768,338
1755831543.2492456,109,1052,668
1755831543.2492456,107,742,371
1755831543.2492456,106,395,404
1755831543.2492456,104,403,244
1755831543.2492456,100,749,282
1755831543.2492456,97,441,202
1755831543.2492456,91,301,252
1755831543.2492456,90,855,366
1755831543.2492456,75,770,307
1755831543.2492456,70,323,170
1755831543.2492456,66,636,308
1755831543.2492456,47,435,293
1755831543.2492456,17,480,263
1755831543.2492456,8,676,535
1755831543.2492456,1,823,486
1755831543.3084302,113,331,228
1755831543.3084302,109,1053,668
1755831543.3084302,107,743,373
1755831543.3084302,106,397,404
1755831543.3084302,104,405,242
1755831543.3084302,100,751,281
1755831543.3084302,97,443,201
1755831543.3084302,91,301,252
1755831543.3084302,90,860,366
1755831543.3084302,75,772,307
1755831543.3084302,70,323,169
1755831543.3084302,66,639,307
1755831543.3084302,47,435,293
1755831543.3084302,17,488,268
1755831543.3084302,8,675,535
1755831543.3084302,1,823,486
1755831543.369694,114,325,192
1755831543.369694,113,330,227
1755831543.369694,109,1054,668
1755831543.369694,107,744,374
1755831543.369694,106,398,403
1755831543.369694,104,406,241
1755831543.369694,100,752,280
1755831543.369694,97,443,201
1755831543.369694,91,301,252
1755831543.369694,90,864,367
1755831543.369694,75,774,306
1755831543.369694,70,323,170
1755831543.369694,66,643,306
1755831543.369694,47,435,293
1755831543.369694,17,497,273
1755831543.369694,8,675,535
1755831543.369694,1,823,486
1755831543.4290817,114,325,195
1755831543.4290817,113,329,226
1755831543.4290817,107,747,376
1755831543.4290817,106,402,398
1755831543.4290817,104,406,240
1755831543.4290817,102,439,170
1755831543.4290817,100,753,278
1755831543.4290817,98,654,281
1755831543.4290817,97,443,201
1755831543.4290817,91,301,252
1755831543.4290817,90,867,366
1755831543.4290817,75,779,305
1755831543.4290817,70,323,169
1755831543.4290817,66,647,304
1755831543.4290817,47,437,292
1755831543.4290817,17,501,275
1755831543.4290817,8,675,535
1755831543.4290817,1,822,486
1755831543.4906693,114,325,195
1755831543.4906693,113,329,224
1755831543.4906693,107,749,378
1755831543.4906693,106,403,395
1755831543.4906693,104,407,239
1755831543.4906693,102,441,169
1755831543.4906693,100,752,278
1755831543.4906693,97,444,200
1755831543.4906693,91,302,252
1755831543.4906693,90,872,366
1755831543.4906693,75,783,305
1755831543.4906693,70,322,170
1755831543.4906693,66,651,303
1755831543.4906693,47,438,292
1755831543.4906693,17,504,277
1755831543.4906693,8,675,535
1755831543.4906693,1,823,486
1755831543.548236,114,326,196
1755831543.548236,113,329,223
1755831543.548236,112,774,342
1755831543.548236,109,1053,668
1755831543.548236,107,750,380
1755831543.548236,106,405,392
1755831543.548236,104,407,238
1755831543.548236,102,441,168
1755831543.548236,97,445,200
1755831543.548236,91,303,252
1755831543.548236,90,875,366
1755831543.548236,75,786,306
1755831543.548236,70,322,170
1755831543.548236,66,653,301
1755831543.548236,47,439,291
1755831543.548236,17,506,279
1755831543.548236,8,674,535
1755831543.548236,1,823,486
1755831543.608,114,326,196
1755831543.608,113,331,223
1755831543.608,112,774,342
1755831543.608,109,1054,669
1755831543.608,107,753,383
1755831543.608,106,405,390
1755831543.608,104,407,238
1755831543.608,102,443,167
1755831543.608,97,446,198
1755831543.608,91,303,252
1755831543.608,90,878,365
1755831543.608,75,789,306
1755831543.608,70,321,171
1755831543.608,66,657,299
1755831543.608,47,439,291
1755831543.608,17,508,280
1755831543.608,8,673,535
1755831543.608,1,823,486
1755831543.664383,114,326,196
1755831543.664383,113,331,224
1755831543.664383,112,774,343
1755831543.664383,109,1053,669
1755831543.664383,107,754,385
1755831543.664383,106,408,386
1755831543.664383,104,407,237
1755831543.664383,97,447,197
1755831543.664383,91,304,252
1755831543.664383,90,881,365
1755831543.664383,75,793,306
1755831543.664383,70,321,172
1755831543.664383,66,662,299
1755831543.664383,47,441,291
1755831543.664383,17,511,283
1755831543.664383,8,674,535
1755831543.664383,1,823,485
1755831543.724921,116,372,168
1755831543.724921,114,327,197
1755831543.724921,113,332,223
1755831543.724921,112,774,343
1755831543.724921,109,1053,669
1755831543.724921,107,755,387
1755831543.724921,106,409,383
1755831543.724921,104,407,237
1755831543.724921,97,447,198
1755831543.724921,91,305,253
1755831543.724921,90,883,365
1755831543.724921,75,796,306
1755831543.724921,70,321,170
1755831543.724921,66,664,299
1755831543.724921,47,441,291
1755831543.724921,17,513,284
1755831543.724921,8,674,535
1755831543.724921,1,824,485
1755831543.7866416,116,372,168
1755831543.7866416,114,330,197
1755831543.7866416,113,332,222
1755831543.7866416,112,774,342
1755831543.7866416,109,1054,669
1755831543.7866416,107,759,389
1755831543.7866416,106,410,381
1755831543.7866416,104,408,237
1755831543.7866416,100,755,272
1755831543.7866416,97,447,197
1755831543.7866416,91,306,253
1755831543.7866416,90,885,364
1755831543.7866416,75,801,307
1755831543.7866416,70,322,170
1755831543.7866416,66,665,300
1755831543.7866416,47,443,291
1755831543.7866416,17,515,285
1755831543.7866416,8,675,535
1755831543.7866416,1,823,485
1755831543.8436275,116,371,169
1755831543.8436275,114,330,198
1755831543.8436275,113,333,221
1755831543.8436275,112,773,343
1755831543.8436275,109,1053,669
1755831543.8436275,107,760,390
1755831543.8436275,106,412,376
1755831543.8436275,104,408,236
1755831543.8436275,97,446,197
1755831543.8436275,91,306,253
1755831543.8436275,90,887,364
1755831543.8436275,75,804,309
1755831543.8436275,70,322,169
1755831543.8436275,66,668,299
1755831543.8436275,47,444,291
1755831543.8436275,17,519,286
1755831543.8436275,8,674,535
1755831543.8436275,1,823,485
1755831543.90305,117,336,361
1755831543.90305,116,372,169
1755831543.90305,114,330,198
1755831543.90305,112,772,343
1755831543.90305,109,1052,668
1755831543.90305,107,763,392
1755831543.90305,106,412,372
1755831543.90305,104,408,236
1755831543.90305,97,448,196
1755831543.90305,91,308,253
1755831543.90305,90,887,363
1755831543.90305,75,807,310
1755831543.90305,70,322,170
1755831543.90305,66,673,298
1755831543.90305,47,446,292
1755831543.90305,17,520,288
1755831543.90305,8,674,534
1755831543.90305,1,823,486
1755831543.9638782,117,337,362
1755831543.9638782,116,372,168
1755831543.9638782,114,330,198
1755831543.9638782,112,771,343
1755831543.9638782,109,1052,668
1755831543.9638782,107,765,394
1755831543.9638782,106,413,369
1755831543.9638782,104,407,236
1755831543.9638782,97,448,195
1755831543.9638782,91,308,253
1755831543.9638782,90,888,363
1755831543.9638782,75,808,312
1755831543.9638782,70,322,171
1755831543.9638782,66,677,297
1755831543.9638782,47,446,293
1755831543.9638782,17,522,288
1755831543.9638782,8,674,534
1755831543.9638782,1,823,486
1755831544.0260415,118,690,272
1755831544.0260415,117,338,364
1755831544.0260415,116,371,168
1755831544.0260415,114,330,197
1755831544.0260415,113,329,217
1755831544.0260415,112,769,343
1755831544.0260415,109,1052,668
1755831544.0260415,107,766,395
1755831544.0260415,106,414,364
1755831544.0260415,104,406,236
1755831544.0260415,97,448,195
1755831544.0260415,91,308,253
1755831544.0260415,90,888,362
1755831544.0260415,75,810,313
1755831544.0260415,70,322,169
1755831544.0260415,66,680,296
1755831544.0260415,47,448,293
1755831544.0260415,17,524,290
1755831544.0260415,8,674,534
1755831544.0260415,1,823,486
1755831544.087096,118,694,270
1755831544.087096,117,338,367
1755831544.087096,116,372,168
1755831544.087096,113,330,213
1755831544.087096,112,768,344
1755831544.087096,109,1053,667
1755831544.087096,107,769,397
1755831544.087096,106,415,361
1755831544.087096,104,404,236
1755831544.087096,97,448,195
1755831544.087096,91,308,253
1755831544.087096,90,890,361
1755831544.087096,75,812,314
1755831544.087096,70,323,168
1755831544.087096,66,682,296
1755831544.087096,47,451,294
1755831544.087096,17,527,291
1755831544.087096,8,673,534
1755831544.087096,1,823,486
1755831544.1506662,118,701,270
1755831544.1506662,117,339,368
1755831544.1506662,116,375,171
1755831544.1506662,112,767,344
1755831544.1506662,109,1054,668
1755831544.1506662,107,772,398
1755831544.1506662,106,416,357
1755831544.1506662,104,402,235
1755831544.1506662,97,448,195
1755831544.1506662,91,308,253
1755831544.1506662,90,891,360
1755831544.1506662,75,813,315
1755831544.1506662,66,683,297
1755831544.1506662,47,454,294
1755831544.1506662,17,530,293
1755831544.1506662,8,673,534
1755831544.1506662,1,823,486
1755831544.2078063,118,706,271
1755831544.2078063,117,340,370
1755831544.2078063,116,375,172
1755831544.2078063,112,766,344
1755831544.2078063,109,1054,669
1755831544.2078063,107,774,401
1755831544.2078063,106,416,355
1755831544.2078063,104,403,235
1755831544.2078063,97,449,196
1755831544.2078063,91,308,253
1755831544.2078063,90,892,359
1755831544.2078063,66,684,298
1755831544.2078063,47,456,294
1755831544.2078063,17,534,294
1755831544.2078063,8,673,533
1755831544.2078063,1,823,486
1755831544.2672453,118,712,269
1755831544.2672453,117,342,370
1755831544.2672453,112,764,344
1755831544.2672453,109,1053,668
1755831544.2672453,107,777,402
1755831544.2672453,106,418,351
1755831544.2672453,102,450,162
1755831544.2672453,97,449,196
1755831544.2672453,91,308,253
1755831544.2672453,90,892,357
1755831544.2672453,66,684,297
1755831544.2672453,47,459,295
1755831544.2672453,17,538,295
1755831544.2672453,8,673,533
1755831544.2672453,1,822,487
1755831544.3243117,118,715,267
1755831544.3243117,117,344,371
1755831544.3243117,112,761,345
1755831544.3243117,109,1052,666
1755831544.3243117,107,780,404
1755831544.3243117,106,419,349
1755831544.3243117,97,450,196
1755831544.3243117,91,308,253
1755831544.3243117,90,891,357
1755831544.3243117,66,687,298
1755831544.3243117,47,462,297
1755831544.3243117,17,542,296
1755831544.3243117,8,673,534
1755831544.3243117,1,822,487
1755831544.381614,118,716,266
1755831544.381614,117,346,371
1755831544.381614,112,758,346
1755831544.381614,109,1053,668
1755831544.381614,107,781,405
1755831544.381614,106,419,344
1755831544.381614,97,450,196
1755831544.381614,91,308,252
1755831544.381614,66,689,297
1755831544.381614,47,465,298
1755831544.381614,17,546,297
1755831544.381614,8,674,534
1755831544.381614,1,823,487
1755831544.4392734,118,719,266
1755831544.4392734,117,347,370
1755831544.4392734,112,756,347
1755831544.4392734,109,1053,668
1755831544.4392734,107,784,406
1755831544.4392734,106,420,341
1755831544.4392734,97,450,196
1755831544.4392734,91,307,252
1755831544.4392734,70,322,173
1755831544.4392734,66,690,297
1755831544.4392734,47,466,300
1755831544.4392734,17,547,298
1755831544.4392734,8,674,533
1755831544.4392734,1,823,487
1755831544.4958916,118,722,266
1755831544.4958916,117,348,371
1755831544.4958916,112,754,348
1755831544.4958916,109,1053,668
1755831544.4958916,107,785,408
1755831544.4958916,106,420,339
1755831544.4958916,97,449,195
1755831544.4958916,91,307,252
1755831544.4958916,90,890,352
1755831544.4958916,70,321,174
1755831544.4958916,66,690,297
1755831544.4958916,47,469,301
1755831544.4958916,17,549,299
1755831544.4958916,8,673,533
1755831544.4958916,1,824,487
1755831544.5524397,118,725,266
1755831544.5524397,117,349,371
1755831544.5524397,112,752,348
1755831544.5524397,109,1054,667
1755831544.5524397,107,786,409
1755831544.5524397,106,420,337
1755831544.5524397,97,451,195
1755831544.5524397,91,308,253
1755831544.5524397,90,890,351
1755831544.5524397,70,322,176
1755831544.5524397,66,692,297
1755831544.5524397,47,469,301
1755831544.5524397,17,554,300
1755831544.5524397,8,673,534
1755831544.5524397,1,824,487
1755831544.6115994,118,728,267
1755831544.6115994,117,351,372
1755831544.6115994,112,748,349
1755831544.6115994,109,1054,668
1755831544.6115994,107,788,411
1755831544.6115994,106,420,333
1755831544.6115994,97,451,195
1755831544.6115994,91,308,252
1755831544.6115994,90,890,350
1755831544.6115994,75,831,329
1755831544.6115994,70,322,177
1755831544.6115994,66,693,297
1755831544.6115994,47,472,302
1755831544.6115994,17,556,300
1755831544.6115994,8,674,534
1755831544.6115994,1,824,487
1755831544.6680295,118,734,269
1755831544.6680295,117,352,372
1755831544.6680295,112,743,348
1755831544.6680295,109,1053,668
1755831544.6680295,107,790,413
1755831544.6680295,106,420,330
1755831544.6680295,97,451,195
1755831544.6680295,91,308,253
1755831544.6680295,90,890,349
1755831544.6680295,75,833,331
1755831544.6680295,70,322,178
1755831544.6680295,66,693,297
1755831544.6680295,47,473,304
1755831544.6680295,17,558,301
1755831544.6680295,8,674,534
1755831544.6680295,1,824,487
1755831544.7244103,120,817,293
1755831544.7244103,118,740,271
1755831544.7244103,117,354,371
1755831544.7244103,112,739,349
1755831544.7244103,109,1053,668
1755831544.7244103,107,791,415
1755831544.7244103,106,421,328
1755831544.7244103,97,453,195
1755831544.7244103,91,308,253
1755831544.7244103,90,890,347
1755831544.7244103,75,833,333
1755831544.7244103,70,322,178
1755831544.7244103,66,697,297
1755831544.7244103,47,475,305
1755831544.7244103,17,565,303
1755831544.7244103,8,674,534
1755831544.7244103,1,824,487
1755831544.781952,121,404,234
1755831544.781952,120,821,296
1755831544.781952,118,745,274
1755831544.781952,117,356,372
1755831544.781952,112,735,349
1755831544.781952,109,1052,668
1755831544.781952,107,793,417
1755831544.781952,106,422,325
1755831544.781952,97,454,194
1755831544.781952,91,309,253
1755831544.781952,90,889,346
1755831544.781952,75,835,338
1755831544.781952,70,325,178
1755831544.781952,66,698,298
1755831544.781952,47,477,306
1755831544.781952,17,571,305
1755831544.781952,8,675,534
1755831544.781952,1,824,487
