timestamp,fish_id,x_coordinate,y_coordinate
1755830762.351921,14,322,230
1755830762.351921,13,346,174
1755830762.351921,12,341,322
1755830762.351921,11,321,207
1755830762.351921,10,644,577
1755830762.351921,9,393,201
1755830762.351921,8,666,540
1755830762.351921,7,323,272
1755830762.351921,6,383,344
1755830762.351921,5,383,478
1755830762.351921,4,260,495
1755830762.351921,3,345,404
1755830762.351921,2,278,417
1755830762.351921,1,488,370
1755830765.791064,13,345,170
1755830765.791064,12,342,322
1755830765.791064,11,321,207
1755830765.791064,10,644,577
1755830765.791064,9,393,200
1755830765.791064,8,666,540
1755830765.791064,7,323,273
1755830765.791064,6,383,341
1755830765.791064,5,382,478
1755830765.791064,4,260,496
1755830765.791064,3,346,403
1755830765.791064,2,277,417
1755830765.791064,1,488,370
1755830765.896177,13,345,173
1755830765.896177,12,340,321
1755830765.896177,11,321,207
1755830765.896177,10,645,577
1755830765.896177,9,392,201
1755830765.896177,8,666,539
1755830765.896177,7,323,274
1755830765.896177,6,384,338
1755830765.896177,5,380,479
1755830765.896177,4,259,499
1755830765.896177,3,348,402
1755830765.896177,2,277,417
1755830765.896177,1,490,371
1755830765.9760175,13,346,173
1755830765.9760175,12,336,318
1755830765.9760175,11,322,206
1755830765.9760175,10,645,577
1755830765.9760175,9,391,200
1755830765.9760175,8,666,538
1755830765.9760175,7,325,274
1755830765.9760175,6,384,336
1755830765.9760175,5,378,480
1755830765.9760175,4,256,501
1755830765.9760175,3,349,400
1755830765.9760175,2,276,418
1755830765.9760175,1,491,372
1755830766.0453563,13,345,171
1755830766.0453563,11,322,206
1755830766.0453563,10,644,578
1755830766.0453563,9,390,200
1755830766.0453563,8,666,538
1755830766.0453563,7,327,275
1755830766.0453563,6,383,333
1755830766.0453563,5,377,480
1755830766.0453563,4,255,502
1755830766.0453563,3,349,399
1755830766.0453563,2,276,419
1755830766.0453563,1,492,373
1755830766.1170137,13,344,169
1755830766.1170137,11,322,205
1755830766.1170137,10,644,579
1755830766.1170137,9,390,200
1755830766.1170137,8,667,538
1755830766.1170137,7,329,276
1755830766.1170137,6,385,336
1755830766.1170137,5,377,480
1755830766.1170137,4,254,502
1755830766.1170137,3,349,398
1755830766.1170137,2,277,419
1755830766.1170137,1,493,373
1755830766.1750762,12,332,322
1755830766.1750762,11,321,205
1755830766.1750762,10,644,579
1755830766.1750762,9,391,200
1755830766.1750762,8,667,538
1755830766.1750762,7,330,276
1755830766.1750762,6,384,336
1755830766.1750762,5,377,480
1755830766.1750762,4,254,502
1755830766.1750762,3,349,396
1755830766.1750762,2,276,420
1755830766.1750762,1,493,374
1755830766.2419326,15,1049,667
1755830766.2419326,12,332,323
1755830766.2419326,11,322,203
1755830766.2419326,10,644,579
1755830766.2419326,9,391,200
1755830766.2419326,8,667,538
1755830766.2419326,7,329,278
1755830766.2419326,6,387,342
1755830766.2419326,5,376,481
1755830766.2419326,4,253,504
1755830766.2419326,3,349,395
1755830766.2419326,2,275,422
1755830766.2419326,1,496,374
1755830766.3044431,15,1049,668
1755830766.3044431,13,344,169
1755830766.3044431,12,332,324
1755830766.3044431,11,323,202
1755830766.3044431,10,644,579
1755830766.3044431,9,389,199
1755830766.3044431,8,668,537
1755830766.3044431,7,329,281
1755830766.3044431,6,387,342
1755830766.3044431,5,375,482
1755830766.3044431,4,252,504
1755830766.3044431,3,350,393
1755830766.3044431,2,273,423
1755830766.3044431,1,497,375
1755830766.3645105,15,1049,667
1755830766.3645105,13,344,170
1755830766.3645105,12,332,324
1755830766.3645105,11,323,202
1755830766.3645105,10,644,579
1755830766.3645105,9,388,199
1755830766.3645105,8,669,537
1755830766.3645105,7,328,282
1755830766.3645105,6,383,339
1755830766.3645105,5,374,482
1755830766.3645105,4,252,505
1755830766.3645105,3,350,391
1755830766.3645105,2,272,424
1755830766.3645105,1,498,376
1755830766.4285066,13,342,170
1755830766.4285066,12,331,324
1755830766.4285066,11,324,202
1755830766.4285066,10,644,580
1755830766.4285066,9,387,199
1755830766.4285066,8,669,537
1755830766.4285066,7,329,284
1755830766.4285066,6,383,338
1755830766.4285066,5,374,483
1755830766.4285066,4,251,505
1755830766.4285066,3,350,391
1755830766.4285066,2,272,426
1755830766.4285066,1,500,376
1755830766.4920318,13,339,169
1755830766.4920318,12,330,322
1755830766.4920318,11,324,202
1755830766.4920318,10,643,579
1755830766.4920318,9,386,199
1755830766.4920318,8,669,537
1755830766.4920318,7,329,284
1755830766.4920318,6,385,340
1755830766.4920318,5,373,483
1755830766.4920318,4,251,506
1755830766.4920318,3,350,389
1755830766.4920318,2,271,428
1755830766.4920318,1,502,377
1755830766.5533333,13,338,169
1755830766.5533333,12,328,321
1755830766.5533333,11,324,202
1755830766.5533333,10,643,578
1755830766.5533333,9,385,199
1755830766.5533333,8,670,536
1755830766.5533333,7,330,286
1755830766.5533333,6,386,342
1755830766.5533333,5,373,483
1755830766.5533333,4,251,507
1755830766.5533333,3,349,387
1755830766.5533333,2,271,429
1755830766.5533333,1,504,378
1755830766.6129358,13,338,169
1755830766.6129358,12,327,320
1755830766.6129358,11,325,201
1755830766.6129358,10,643,579
1755830766.6129358,9,385,199
1755830766.6129358,8,670,537
1755830766.6129358,7,329,287
1755830766.6129358,6,387,344
1755830766.6129358,5,372,484
1755830766.6129358,4,252,509
1755830766.6129358,3,347,385
1755830766.6129358,2,271,429
1755830766.6129358,1,506,379
1755830766.6726038,16,324,225
1755830766.6726038,13,337,168
1755830766.6726038,12,327,320
1755830766.6726038,11,325,200
1755830766.6726038,10,643,578
1755830766.6726038,9,386,199
1755830766.6726038,8,671,537
1755830766.6726038,7,329,287
1755830766.6726038,6,389,345
1755830766.6726038,5,372,483
1755830766.6726038,4,252,510
1755830766.6726038,3,346,383
1755830766.6726038,2,270,430
1755830766.6726038,1,507,380
1755830766.7321167,13,334,166
1755830766.7321167,12,326,319
1755830766.7321167,11,325,199
1755830766.7321167,10,644,578
1755830766.7321167,9,385,198
1755830766.7321167,8,672,537
1755830766.7321167,7,333,287
1755830766.7321167,6,391,348
1755830766.7321167,5,371,484
1755830766.7321167,4,252,511
1755830766.7321167,3,344,380
1755830766.7321167,2,270,430
1755830766.7321167,1,509,380
1755830766.7935445,13,333,165
1755830766.7935445,12,326,319
1755830766.7935445,11,325,199
1755830766.7935445,10,644,579
1755830766.7935445,9,386,198
1755830766.7935445,8,671,536
1755830766.7935445,7,335,288
1755830766.7935445,6,393,349
1755830766.7935445,5,369,484
1755830766.7935445,4,253,511
1755830766.7935445,3,343,378
1755830766.7935445,2,270,431
1755830766.7935445,1,510,380
1755830766.8538542,13,333,164
1755830766.8538542,11,326,199
1755830766.8538542,10,644,578
1755830766.8538542,9,387,198
1755830766.8538542,8,671,536
1755830766.8538542,7,336,288
1755830766.8538542,6,394,350
1755830766.8538542,5,369,484
1755830766.8538542,4,253,511
1755830766.8538542,3,342,376
1755830766.8538542,2,269,432
1755830766.8538542,1,512,381
1755830766.9102626,13,332,164
1755830766.9102626,11,326,199
1755830766.9102626,10,644,578
1755830766.9102626,9,386,198
1755830766.9102626,8,671,537
1755830766.9102626,7,336,288
1755830766.9102626,6,395,351
1755830766.9102626,5,369,484
1755830766.9102626,4,254,512
1755830766.9102626,3,342,375
1755830766.9102626,2,268,434
1755830766.9102626,1,512,382
1755830766.9715164,13,333,164
1755830766.9715164,11,326,199
1755830766.9715164,10,644,578
1755830766.9715164,9,385,197
1755830766.9715164,8,672,537
1755830766.9715164,7,334,289
1755830766.9715164,6,396,352
1755830766.9715164,5,368,485
1755830766.9715164,4,255,513
1755830766.9715164,3,342,373
1755830766.9715164,2,268,436
1755830766.9715164,1,514,383
1755830767.027568,17,377,390
1755830767.027568,13,333,163
1755830767.027568,11,326,200
1755830767.027568,10,644,578
1755830767.027568,9,383,197
1755830767.027568,8,672,537
1755830767.027568,7,333,290
1755830767.027568,6,398,355
1755830767.027568,5,368,485
1755830767.027568,4,255,513
1755830767.027568,3,342,369
1755830767.027568,2,267,438
1755830767.027568,1,515,383
1755830767.0844576,18,324,231
1755830767.0844576,17,379,391
1755830767.0844576,13,333,163
1755830767.0844576,11,326,199
1755830767.0844576,10,645,578
1755830767.0844576,9,382,197
1755830767.0844576,8,672,536
1755830767.0844576,7,334,290
1755830767.0844576,6,403,361
1755830767.0844576,5,368,485
1755830767.0844576,4,255,513
1755830767.0844576,3,341,366
1755830767.0844576,2,268,439
1755830767.0844576,1,516,384
1755830767.1411,18,324,233
1755830767.1411,17,383,390
1755830767.1411,13,332,162
1755830767.1411,11,326,199
1755830767.1411,10,646,577
1755830767.1411,9,381,197
1755830767.1411,8,673,537
1755830767.1411,7,334,291
1755830767.1411,6,405,364
1755830767.1411,5,368,486
1755830767.1411,4,257,513
1755830767.1411,3,341,364
1755830767.1411,2,268,440
1755830767.1411,1,518,385
1755830767.198543,18,324,234
1755830767.198543,17,386,392
1755830767.198543,11,326,198
1755830767.198543,10,646,577
1755830767.198543,9,383,197
1755830767.198543,8,673,537
1755830767.198543,7,334,292
1755830767.198543,6,409,367
1755830767.198543,5,368,486
1755830767.198543,4,258,513
1755830767.198543,3,342,363
1755830767.198543,2,268,441
1755830767.198543,1,520,385
1755830767.253647,18,323,235
1755830767.253647,17,387,395
1755830767.253647,11,326,198
1755830767.253647,10,646,577
1755830767.253647,9,384,197
1755830767.253647,8,674,537
1755830767.253647,7,335,294
1755830767.253647,6,412,370
1755830767.253647,5,368,486
1755830767.253647,4,258,514
1755830767.253647,3,342,361
1755830767.253647,2,268,442
1755830767.253647,1,522,385
1755830767.3085248,18,323,236
1755830767.3085248,17,386,397
1755830767.3085248,13,330,162
1755830767.3085248,11,326,197
1755830767.3085248,10,646,577
1755830767.3085248,9,383,197
1755830767.3085248,8,674,537
1755830767.3085248,7,335,297
1755830767.3085248,6,414,373
1755830767.3085248,5,368,486
1755830767.3085248,4,258,514
1755830767.3085248,3,342,360
1755830767.3085248,2,268,444
1755830767.3085248,1,523,385
1755830767.3624737,18,323,232
1755830767.3624737,17,386,400
1755830767.3624737,11,325,197
1755830767.3624737,10,647,577
1755830767.3624737,9,383,198
1755830767.3624737,8,674,537
1755830767.3624737,7,332,299
1755830767.3624737,6,418,378
1755830767.3624737,5,367,487
1755830767.3624737,4,258,515
1755830767.3624737,3,342,358
1755830767.3624737,2,268,446
1755830767.3624737,1,524,386
1755830767.4188771,18,323,231
1755830767.4188771,17,389,402
1755830767.4188771,11,325,196
1755830767.4188771,10,646,576
1755830767.4188771,9,383,198
1755830767.4188771,8,674,537
1755830767.4188771,7,330,302
1755830767.4188771,6,422,382
1755830767.4188771,5,367,487
1755830767.4188771,4,259,515
1755830767.4188771,3,342,356
1755830767.4188771,2,268,447
1755830767.4188771,1,525,387
1755830767.4746652,18,324,230
1755830767.4746652,17,391,405
1755830767.4746652,11,324,196
1755830767.4746652,10,646,576
1755830767.4746652,9,383,198
1755830767.4746652,8,674,537
1755830767.4746652,7,329,304
1755830767.4746652,6,424,387
1755830767.4746652,5,366,487
1755830767.4746652,4,258,515
1755830767.4746652,3,342,354
1755830767.4746652,2,269,449
1755830767.4746652,1,527,388
1755830767.530741,18,324,229
1755830767.530741,17,393,409
1755830767.530741,11,324,195
1755830767.530741,10,646,576
1755830767.530741,9,383,198
1755830767.530741,8,675,537
1755830767.530741,7,329,304
1755830767.530741,6,426,390
1755830767.530741,5,366,486
1755830767.530741,4,258,516
1755830767.530741,3,343,352
1755830767.530741,2,269,451
1755830767.530741,1,529,388
1755830767.5885074,18,324,229
1755830767.5885074,17,392,410
1755830767.5885074,11,324,193
1755830767.5885074,10,645,576
1755830767.5885074,9,384,198
1755830767.5885074,8,675,536
1755830767.5885074,7,328,304
1755830767.5885074,6,429,394
1755830767.5885074,5,366,487
1755830767.5885074,4,259,516
1755830767.5885074,3,342,351
1755830767.5885074,2,269,453
1755830767.5885074,1,532,389
1755830767.6468837,18,325,229
1755830767.6468837,17,395,412
1755830767.6468837,13,328,162
1755830767.6468837,11,325,190
1755830767.6468837,10,645,576
1755830767.6468837,9,384,197
1755830767.6468837,8,676,536
1755830767.6468837,7,327,304
1755830767.6468837,6,431,397
1755830767.6468837,5,366,487
1755830767.6468837,3,342,349
1755830767.6468837,2,269,455
1755830767.6468837,1,534,390
1755830767.704684,18,325,227
1755830767.704684,17,398,417
1755830767.704684,13,329,162
1755830767.704684,11,325,189
1755830767.704684,10,645,576
1755830767.704684,9,384,197
1755830767.704684,8,676,536
1755830767.704684,7,327,306
1755830767.704684,6,433,400
1755830767.704684,5,366,487
1755830767.704684,3,341,348
1755830767.704684,2,269,458
1755830767.704684,1,536,391
1755830767.7668698,21,323,273
1755830767.7668698,18,326,229
1755830767.7668698,17,399,420
1755830767.7668698,13,331,163
1755830767.7668698,11,325,188
1755830767.7668698,10,646,577
1755830767.7668698,9,384,197
1755830767.7668698,8,675,536
1755830767.7668698,7,328,307
1755830767.7668698,6,435,402
1755830767.7668698,5,365,487
1755830767.7668698,3,342,347
1755830767.7668698,2,269,460
1755830767.7668698,1,537,391
1755830767.825555,21,322,272
1755830767.825555,18,326,229
1755830767.825555,17,401,424
1755830767.825555,13,329,164
1755830767.825555,11,326,186
1755830767.825555,10,646,578
1755830767.825555,9,384,197
1755830767.825555,8,675,536
1755830767.825555,7,329,308
1755830767.825555,6,437,405
1755830767.825555,5,365,488
1755830767.825555,3,342,346
1755830767.825555,2,269,461
1755830767.825555,1,538,392
1755830767.880363,21,320,272
1755830767.880363,18,325,228
1755830767.880363,17,405,426
1755830767.880363,13,327,164
1755830767.880363,11,326,185
1755830767.880363,10,646,578
1755830767.880363,9,385,197
1755830767.880363,8,675,536
1755830767.880363,7,328,308
1755830767.880363,6,440,410
1755830767.880363,5,364,489
1755830767.880363,3,343,345
1755830767.880363,2,269,462
1755830767.880363,1,539,393
1755830767.9479325,21,319,270
1755830767.9479325,18,326,228
1755830767.9479325,17,407,428
1755830767.9479325,13,326,165
1755830767.9479325,11,326,185
1755830767.9479325,10,647,579
1755830767.9479325,9,386,197
1755830767.9479325,8,675,536
1755830767.9479325,7,328,308
1755830767.9479325,6,443,413
1755830767.9479325,5,365,490
1755830767.9479325,4,270,517
1755830767.9479325,3,343,345
1755830767.9479325,2,269,463
1755830767.9479325,1,541,394
1755830768.0049334,21,318,269
1755830768.0049334,18,326,227
1755830768.0049334,17,410,430
1755830768.0049334,11,326,185
1755830768.0049334,10,647,579
1755830768.0049334,9,387,197
1755830768.0049334,8,676,537
1755830768.0049334,7,328,306
1755830768.0049334,6,445,415
1755830768.0049334,5,363,491
1755830768.0049334,4,272,517
1755830768.0049334,3,343,344
1755830768.0049334,2,269,465
1755830768.0049334,1,542,395
1755830768.06261,21,318,268
1755830768.06261,18,325,226
1755830768.06261,17,414,433
1755830768.06261,11,325,184
1755830768.06261,10,647,579
1755830768.06261,9,388,198
1755830768.06261,8,677,537
1755830768.06261,7,327,304
1755830768.06261,6,446,416
1755830768.06261,5,362,491
1755830768.06261,4,275,518
1755830768.06261,3,343,343
1755830768.06261,2,269,466
1755830768.06261,1,543,396
1755830768.1209223,21,318,266
1755830768.1209223,18,325,227
1755830768.1209223,17,417,435
1755830768.1209223,11,325,183
1755830768.1209223,10,647,579
1755830768.1209223,9,390,199
1755830768.1209223,8,677,536
1755830768.1209223,7,327,302
1755830768.1209223,6,449,418
1755830768.1209223,5,363,491
1755830768.1209223,4,277,518
1755830768.1209223,3,344,343
1755830768.1209223,2,269,467
1755830768.1209223,1,544,397
1755830768.1806462,23,366,165
1755830768.1806462,21,318,264
1755830768.1806462,18,327,228
1755830768.1806462,17,420,438
1755830768.1806462,11,325,184
1755830768.1806462,10,648,579
1755830768.1806462,9,392,200
1755830768.1806462,8,676,536
1755830768.1806462,7,327,300
1755830768.1806462,6,453,420
1755830768.1806462,5,363,491
1755830768.1806462,4,279,519
1755830768.1806462,3,345,343
1755830768.1806462,2,269,468
1755830768.1806462,1,547,397
1755830768.2384992,23,365,164
1755830768.2384992,21,319,263
1755830768.2384992,18,327,227
1755830768.2384992,17,422,440
1755830768.2384992,11,325,184
1755830768.2384992,10,648,580
1755830768.2384992,9,393,201
1755830768.2384992,8,677,536
1755830768.2384992,7,326,300
1755830768.2384992,6,458,423
1755830768.2384992,5,362,491
1755830768.2384992,4,281,520
1755830768.2384992,3,345,343
1755830768.2384992,2,270,469
1755830768.2384992,1,550,398
1755830768.2986288,21,317,260
1755830768.2986288,18,328,227
1755830768.2986288,17,425,443
1755830768.2986288,13,324,161
1755830768.2986288,11,325,184
1755830768.2986288,10,649,580
1755830768.2986288,9,394,201
1755830768.2986288,8,677,536
1755830768.2986288,7,326,301
1755830768.2986288,6,463,426
1755830768.2986288,5,361,491
1755830768.2986288,4,282,520
1755830768.2986288,3,345,342
1755830768.2986288,2,270,471
1755830768.2986288,1,553,399
1755830768.353945,21,318,259
1755830768.353945,18,329,227
1755830768.353945,17,429,445
1755830768.353945,11,324,183
1755830768.353945,10,649,581
1755830768.353945,9,393,202
1755830768.353945,8,677,535
1755830768.353945,7,326,300
1755830768.353945,6,467,429
1755830768.353945,5,360,492
1755830768.353945,4,286,521
1755830768.353945,3,344,342
1755830768.353945,2,271,471
1755830768.353945,1,555,400
1755830768.410833,24,422,399
1755830768.410833,21,318,258
1755830768.410833,18,329,227
1755830768.410833,17,431,446
1755830768.410833,11,325,183
1755830768.410833,10,649,581
1755830768.410833,9,393,203
1755830768.410833,8,678,535
1755830768.410833,7,326,300
1755830768.410833,6,470,431
1755830768.410833,5,359,492
1755830768.410833,4,288,522
1755830768.410833,3,343,342
1755830768.410833,2,271,472
1755830768.410833,1,557,400
1755830768.4687552,24,422,402
1755830768.4687552,21,316,255
1755830768.4687552,18,329,226
1755830768.4687552,17,435,449
1755830768.4687552,13,325,157
1755830768.4687552,11,325,185
1755830768.4687552,10,648,583
1755830768.4687552,9,395,206
1755830768.4687552,8,679,535
1755830768.4687552,7,324,295
1755830768.4687552,6,472,433
1755830768.4687552,5,359,493
1755830768.4687552,4,294,521
1755830768.4687552,3,345,342
1755830768.4687552,2,272,472
1755830768.4687552,1,558,401
1755830768.525177,24,424,406
1755830768.525177,21,316,254
1755830768.525177,18,328,225
1755830768.525177,17,438,451
1755830768.525177,13,325,159
1755830768.525177,11,324,185
1755830768.525177,10,646,584
1755830768.525177,9,395,207
1755830768.525177,8,679,535
1755830768.525177,6,474,433
1755830768.525177,5,358,493
1755830768.525177,4,297,522
1755830768.525177,3,346,341
1755830768.525177,2,272,473
1755830768.525177,1,559,402
1755830768.5815938,24,424,409
1755830768.5815938,21,316,252
1755830768.5815938,18,328,225
1755830768.5815938,17,441,453
1755830768.5815938,13,325,159
1755830768.5815938,11,324,185
1755830768.5815938,10,644,584
1755830768.5815938,9,395,208
1755830768.5815938,8,680,534
1755830768.5815938,6,476,435
1755830768.5815938,5,357,493
1755830768.5815938,4,300,522
1755830768.5815938,3,347,341
1755830768.5815938,2,274,473
1755830768.5815938,1,561,402
1755830768.639306,24,425,411
1755830768.639306,21,317,252
1755830768.639306,18,327,225
1755830768.639306,17,444,455
1755830768.639306,13,325,159
1755830768.639306,11,324,185
1755830768.639306,10,642,584
1755830768.639306,9,395,210
1755830768.639306,8,680,533
1755830768.639306,6,478,438
1755830768.639306,5,356,493
1755830768.639306,4,303,524
1755830768.639306,3,347,342
1755830768.639306,2,274,473
1755830768.639306,1,562,403
1755830768.718963,25,365,294
1755830768.718963,24,426,413
1755830768.718963,21,317,251
1755830768.718963,18,327,225
1755830768.718963,17,449,455
1755830768.718963,13,325,158
1755830768.718963,11,324,185
1755830768.718963,10,642,585
1755830768.718963,9,394,212
1755830768.718963,8,680,533
1755830768.718963,6,480,440
1755830768.718963,5,356,493
1755830768.718963,4,308,523
1755830768.718963,3,347,343
1755830768.718963,2,275,473
1755830768.718963,1,563,404
1755830768.797518,25,369,298
1755830768.797518,24,426,414
1755830768.797518,21,314,250
1755830768.797518,18,327,225
1755830768.797518,17,457,454
1755830768.797518,11,324,186
1755830768.797518,10,643,586
1755830768.797518,9,394,212
1755830768.797518,8,680,533
1755830768.797518,6,481,442
1755830768.797518,5,356,492
1755830768.797518,4,312,522
1755830768.797518,3,346,343
1755830768.797518,2,275,474
1755830768.797518,1,563,405
1755830768.8584802,25,365,301
1755830768.8584802,24,426,414
1755830768.8584802,21,314,248
1755830768.8584802,18,326,225
1755830768.8584802,17,461,454
1755830768.8584802,11,324,186
1755830768.8584802,10,644,586
1755830768.8584802,9,393,213
1755830768.8584802,8,680,533
1755830768.8584802,6,482,445
1755830768.8584802,5,357,492
1755830768.8584802,4,317,522
1755830768.8584802,3,346,344
1755830768.8584802,2,276,475
1755830768.8584802,1,566,405
1755830768.9187381,25,367,304
1755830768.9187381,24,425,415
1755830768.9187381,21,318,246
1755830768.9187381,18,326,225
1755830768.9187381,17,468,452
1755830768.9187381,11,324,185
1755830768.9187381,10,643,586
1755830768.9187381,9,390,214
1755830768.9187381,8,681,532
1755830768.9187381,6,483,447
1755830768.9187381,5,358,492
1755830768.9187381,4,322,521
1755830768.9187381,3,346,344
1755830768.9187381,2,277,478
1755830768.9187381,1,567,406
1755830768.9725027,25,367,306
1755830768.9725027,24,425,417
1755830768.9725027,21,321,244
1755830768.9725027,18,326,225
1755830768.9725027,11,324,185
1755830768.9725027,10,641,587
1755830768.9725027,9,387,214
1755830768.9725027,8,681,532
1755830768.9725027,6,483,449
1755830768.9725027,5,358,492
1755830768.9725027,4,328,521
1755830768.9725027,3,346,345
1755830768.9725027,2,278,479
1755830768.9725027,1,568,407
1755830769.0275202,25,369,307
1755830769.0275202,24,425,418
1755830769.0275202,21,322,242
1755830769.0275202,18,325,226
1755830769.0275202,11,323,185
1755830769.0275202,10,640,587
1755830769.0275202,9,387,215
1755830769.0275202,8,681,533
1755830769.0275202,6,488,450
1755830769.0275202,5,358,492
1755830769.0275202,4,332,520
1755830769.0275202,3,345,346
1755830769.0275202,2,278,480
1755830769.0275202,1,570,407
1755830769.083439,25,370,308
1755830769.083439,24,425,420
1755830769.083439,21,322,238
1755830769.083439,18,324,227
1755830769.083439,17,474,457
1755830769.083439,11,323,186
1755830769.083439,10,637,587
1755830769.083439,9,390,216
1755830769.083439,8,681,533
1755830769.083439,6,493,450
1755830769.083439,5,358,492
1755830769.083439,4,336,521
1755830769.083439,3,344,346
1755830769.083439,2,278,481
1755830769.083439,1,571,408
1755830769.1422086,25,370,308
1755830769.1422086,24,427,422
1755830769.1422086,18,324,228
1755830769.1422086,17,481,457
1755830769.1422086,11,324,186
1755830769.1422086,10,635,588
1755830769.1422086,9,393,218
1755830769.1422086,8,681,533
1755830769.1422086,6,498,451
1755830769.1422086,5,359,492
1755830769.1422086,4,339,520
1755830769.1422086,3,344,346
1755830769.1422086,2,278,481
1755830769.1422086,1,574,409
1755830769.1977954,24,427,422
1755830769.1977954,18,323,230
1755830769.1977954,17,485,458
1755830769.1977954,11,324,186
1755830769.1977954,10,634,588
1755830769.1977954,9,396,218
1755830769.1977954,8,682,533
1755830769.1977954,6,499,452
1755830769.1977954,5,359,491
1755830769.1977954,4,345,520
1755830769.1977954,3,343,347
1755830769.1977954,2,279,481
1755830769.1977954,1,575,410
1755830769.2529874,24,427,424
1755830769.2529874,17,484,461
1755830769.2529874,11,324,186
1755830769.2529874,10,632,588
1755830769.2529874,9,398,218
1755830769.2529874,8,682,533
1755830769.2529874,6,502,452
1755830769.2529874,5,358,490
1755830769.2529874,4,349,520
1755830769.2529874,3,343,349
1755830769.2529874,2,280,482
1755830769.2529874,1,576,412
1755830769.3086162,24,427,426
1755830769.3086162,21,325,232
1755830769.3086162,17,486,465
1755830769.3086162,11,324,185
1755830769.3086162,10,632,588
1755830769.3086162,8,682,532
1755830769.3086162,6,506,452
1755830769.3086162,5,356,491
1755830769.3086162,4,357,521
1755830769.3086162,3,343,350
1755830769.3086162,2,280,483
1755830769.3086162,1,578,413
1755830769.3654382,24,428,429
1755830769.3654382,21,324,234
1755830769.3654382,17,487,467
1755830769.3654382,11,324,185
1755830769.3654382,10,631,588
1755830769.3654382,8,682,532
1755830769.3654382,6,509,453
1755830769.3654382,5,352,491
1755830769.3654382,4,364,521
1755830769.3654382,3,342,351
1755830769.3654382,2,280,483
1755830769.3654382,1,579,414
1755830769.4215646,24,428,431
1755830769.4215646,21,322,233
1755830769.4215646,17,488,468
1755830769.4215646,11,324,184
1755830769.4215646,10,631,587
1755830769.4215646,9,401,222
1755830769.4215646,8,683,531
1755830769.4215646,6,516,452
1755830769.4215646,5,352,492
1755830769.4215646,4,369,521
1755830769.4215646,2,280,483
1755830769.4215646,1,581,415
1755830769.475573,24,428,433
1755830769.475573,21,320,231
1755830769.475573,17,491,468
1755830769.475573,11,324,184
1755830769.475573,10,631,588
1755830769.475573,9,402,223
1755830769.475573,8,683,531
1755830769.475573,6,520,452
1755830769.475573,5,352,491
1755830769.475573,4,373,522
1755830769.475573,2,281,483
1755830769.475573,1,582,416
1755830769.531937,24,428,434
1755830769.531937,21,319,230
1755830769.531937,17,493,469
1755830769.531937,11,324,183
1755830769.531937,10,629,587
1755830769.531937,9,404,223
1755830769.531937,8,684,531
1755830769.531937,6,523,452
1755830769.531937,5,353,491
1755830769.531937,4,376,522
1755830769.531937,2,281,483
1755830769.531937,1,583,417
1755830769.5855057,26,330,155
1755830769.5855057,24,428,435
1755830769.5855057,21,319,227
1755830769.5855057,17,496,470
1755830769.5855057,11,324,182
1755830769.5855057,10,627,587
1755830769.5855057,9,406,223
1755830769.5855057,8,683,532
1755830769.5855057,6,526,451
1755830769.5855057,5,353,491
1755830769.5855057,4,381,521
1755830769.5855057,2,281,483
1755830769.5855057,1,586,417
1755830769.6395404,26,326,154
1755830769.6395404,24,428,437
1755830769.6395404,21,319,226
1755830769.6395404,17,499,469
1755830769.6395404,11,323,182
1755830769.6395404,10,624,588
1755830769.6395404,9,407,224
1755830769.6395404,8,683,532
1755830769.6395404,6,527,450
1755830769.6395404,5,353,491
1755830769.6395404,4,391,520
1755830769.6395404,2,281,483
1755830769.6395404,1,587,417
1755830769.695856,27,1042,668
1755830769.695856,24,428,438
1755830769.695856,21,318,224
1755830769.695856,17,502,469
1755830769.695856,11,323,182
1755830769.695856,10,622,588
1755830769.695856,9,403,226
1755830769.695856,8,683,531
1755830769.695856,6,529,450
1755830769.695856,5,353,491
1755830769.695856,4,398,520
1755830769.695856,2,282,484
1755830769.695856,1,589,418
1755830769.7512205,24,429,440
1755830769.7512205,21,317,223
1755830769.7512205,17,505,471
1755830769.7512205,11,322,182
1755830769.7512205,10,620,588
1755830769.7512205,9,404,226
1755830769.7512205,8,685,532
1755830769.7512205,6,535,448
1755830769.7512205,5,353,491
1755830769.7512205,4,403,520
1755830769.7512205,2,282,484
1755830769.7512205,1,591,418
1755830769.80367,24,429,442
1755830769.80367,21,316,221
1755830769.80367,17,509,472
1755830769.80367,11,322,182
1755830769.80367,10,619,588
1755830769.80367,9,406,227
1755830769.80367,8,685,532
1755830769.80367,6,540,447
1755830769.80367,5,353,491
1755830769.80367,4,411,520
1755830769.80367,2,282,484
1755830769.80367,1,593,419
1755830769.859697,27,1046,669
1755830769.859697,24,430,444
1755830769.859697,21,316,219
1755830769.859697,17,513,472
1755830769.859697,11,322,180
1755830769.859697,10,619,588
1755830769.859697,9,407,228
1755830769.859697,8,685,532
1755830769.859697,6,543,445
1755830769.859697,5,353,491
1755830769.859697,4,417,519
1755830769.859697,2,282,485
1755830769.859697,1,595,420
1755830769.917025,28,328,152
1755830769.917025,27,1045,669
1755830769.917025,24,432,447
1755830769.917025,21,316,216
1755830769.917025,17,515,473
1755830769.917025,11,322,179
1755830769.917025,10,618,588
1755830769.917025,9,408,229
1755830769.917025,8,685,532
1755830769.917025,6,548,444
1755830769.917025,5,353,492
1755830769.917025,4,426,520
1755830769.917025,2,282,485
1755830769.917025,1,596,421
1755830769.971829,28,328,152
1755830769.971829,27,1046,669
1755830769.971829,24,433,451
1755830769.971829,21,316,214
1755830769.971829,17,519,473
1755830769.971829,11,322,179
1755830769.971829,10,618,588
1755830769.971829,9,408,231
1755830769.971829,8,685,532
1755830769.971829,6,551,443
1755830769.971829,5,353,492
1755830769.971829,4,431,520
1755830769.971829,2,283,485
1755830769.971829,1,597,422
1755830770.0296059,24,434,456
1755830770.0296059,21,315,211
1755830770.0296059,17,522,473
1755830770.0296059,10,617,588
1755830770.0296059,9,408,232
1755830770.0296059,8,685,531
1755830770.0296059,6,555,443
1755830770.0296059,5,352,492
1755830770.0296059,4,437,521
1755830770.0296059,2,283,485
1755830770.0296059,1,602,423
1755830770.0841784,24,436,458
1755830770.0841784,21,316,209
1755830770.0841784,17,526,472
1755830770.0841784,10,616,588
1755830770.0841784,9,408,233
1755830770.0841784,8,686,531
1755830770.0841784,6,556,442
1755830770.0841784,5,352,492
1755830770.0841784,4,442,521
1755830770.0841784,2,283,485
1755830770.0841784,1,604,424
1755830770.1516476,24,436,458
1755830770.1516476,21,315,208
1755830770.1516476,17,530,472
1755830770.1516476,10,616,587
1755830770.1516476,9,410,234
1755830770.1516476,8,686,531
1755830770.1516476,6,559,441
1755830770.1516476,5,352,493
1755830770.1516476,4,445,522
1755830770.1516476,2,283,485
1755830770.1516476,1,606,424
1755830770.2052884,24,438,459
1755830770.2052884,21,317,206
1755830770.2052884,17,532,472
1755830770.2052884,10,614,587
1755830770.2052884,9,410,236
1755830770.2052884,8,685,531
1755830770.2052884,6,562,439
1755830770.2052884,5,352,492
1755830770.2052884,4,451,522
1755830770.2052884,2,284,485
1755830770.2052884,1,609,425
1755830770.2614992,24,439,459
1755830770.2614992,21,315,205
1755830770.2614992,17,534,472
1755830770.2614992,11,317,175
1755830770.2614992,10,613,587
1755830770.2614992,9,411,237
1755830770.2614992,8,685,530
1755830770.2614992,6,563,438
1755830770.2614992,5,352,492
1755830770.2614992,4,458,522
1755830770.2614992,2,284,485
1755830770.2614992,1,612,426
1755830770.3186076,24,440,460
1755830770.3186076,21,313,203
1755830770.3186076,17,538,471
1755830770.3186076,11,320,174
1755830770.3186076,10,612,587
1755830770.3186076,9,412,239
1755830770.3186076,8,686,530
1755830770.3186076,6,563,437
1755830770.3186076,5,352,492
1755830770.3186076,4,463,522
1755830770.3186076,2,284,485
1755830770.3186076,1,614,427
1755830770.375356,24,440,462
1755830770.375356,21,311,201
1755830770.375356,17,542,471
1755830770.375356,11,320,176
1755830770.375356,10,610,587
1755830770.375356,9,410,239
1755830770.375356,8,686,530
1755830770.375356,6,565,435
1755830770.375356,5,352,493
1755830770.375356,4,469,523
1755830770.375356,2,284,485
1755830770.375356,1,618,427
1755830770.4303334,24,441,463
1755830770.4303334,21,311,198
1755830770.4303334,17,545,471
1755830770.4303334,11,323,177
1755830770.4303334,10,609,587
1755830770.4303334,9,409,239
1755830770.4303334,8,686,530
1755830770.4303334,6,568,434
1755830770.4303334,5,351,493
1755830770.4303334,4,473,524
1755830770.4303334,2,284,485
1755830770.4303334,1,621,428
1755830770.4853778,33,326,154
1755830770.4853778,32,368,165
1755830770.4853778,24,441,464
1755830770.4853778,21,312,194
1755830770.4853778,17,549,470
1755830770.4853778,11,323,182
1755830770.4853778,10,608,588
1755830770.4853778,9,409,240
1755830770.4853778,8,687,530
1755830770.4853778,6,570,432
1755830770.4853778,5,351,493
1755830770.4853778,4,477,525
1755830770.4853778,2,285,485
1755830770.4853778,1,624,428
1755830770.5392637,31,329,398
1755830770.5392637,24,441,466
1755830770.5392637,21,311,192
1755830770.5392637,17,551,469
1755830770.5392637,10,608,588
1755830770.5392637,8,687,531
1755830770.5392637,6,575,429
1755830770.5392637,5,351,493
1755830770.5392637,4,482,526
1755830770.5392637,2,286,484
1755830770.5392637,1,627,429
1755830770.5917,31,330,400
1755830770.5917,24,441,468
1755830770.5917,21,311,190
1755830770.5917,17,554,469
1755830770.5917,10,607,588
1755830770.5917,8,687,530
1755830770.5917,6,577,428
1755830770.5917,5,351,493
1755830770.5917,4,488,527
1755830770.5917,2,286,484
1755830770.5917,1,630,430
1755830770.6451159,31,332,411
1755830770.6451159,24,441,469
1755830770.6451159,21,310,187
1755830770.6451159,17,558,468
1755830770.6451159,10,606,588
1755830770.6451159,8,687,530
1755830770.6451159,6,581,425
1755830770.6451159,5,351,492
1755830770.6451159,4,494,527
1755830770.6451159,2,286,484
1755830770.6451159,1,633,430
1755830770.6993713,31,332,416
1755830770.6993713,24,441,471
1755830770.6993713,21,312,185
1755830770.6993713,17,561,467
1755830770.6993713,10,606,588
1755830770.6993713,8,687,530
1755830770.6993713,6,583,424
1755830770.6993713,5,351,492
1755830770.6993713,4,499,528
1755830770.6993713,2,287,484
1755830770.6993713,1,634,431
1755830770.7539563,31,332,419
1755830770.7539563,24,442,472
1755830770.7539563,21,311,184
1755830770.7539563,17,564,466
1755830770.7539563,10,605,588
1755830770.7539563,8,687,530
1755830770.7539563,6,585,422
1755830770.7539563,5,351,491
1755830770.7539563,4,502,528
1755830770.7539563,2,288,484
1755830770.7539563,1,636,432
1755830770.8083937,31,333,419
1755830770.8083937,24,443,472
1755830770.8083937,21,309,184
1755830770.8083937,17,566,465
1755830770.8083937,10,604,588
1755830770.8083937,8,687,530
1755830770.8083937,6,586,420
1755830770.8083937,5,350,491
1755830770.8083937,4,507,530
1755830770.8083937,2,288,484
1755830770.8083937,1,637,433
1755830770.8633945,34,329,394
1755830770.8633945,31,331,422
1755830770.8633945,24,443,473
1755830770.8633945,21,310,183
1755830770.8633945,17,569,464
1755830770.8633945,10,603,588
1755830770.8633945,8,687,532
1755830770.8633945,6,589,418
1755830770.8633945,5,350,491
1755830770.8633945,4,512,532
1755830770.8633945,2,288,483
1755830770.8633945,1,638,433
1755830770.91964,34,329,400
1755830770.91964,31,331,424
1755830770.91964,24,443,475
1755830770.91964,21,310,182
1755830770.91964,17,572,463
1755830770.91964,10,602,588
1755830770.91964,8,687,532
1755830770.91964,6,590,417
1755830770.91964,5,350,491
1755830770.91964,4,518,534
1755830770.91964,2,289,483
1755830770.91964,1,640,434
1755830770.9729402,34,330,395
1755830770.9729402,31,331,428
1755830770.9729402,24,442,476
1755830770.9729402,21,309,181
1755830770.9729402,17,574,462
1755830770.9729402,10,601,588
1755830770.9729402,8,688,532
1755830770.9729402,6,591,416
1755830770.9729402,5,350,491
1755830770.9729402,4,522,535
1755830770.9729402,2,289,483
1755830770.9729402,1,642,434
1755830771.0278132,35,352,425
1755830771.0278132,34,330,394
1755830771.0278132,31,332,429
1755830771.0278132,24,442,476
1755830771.0278132,21,310,181
1755830771.0278132,17,577,461
1755830771.0278132,10,601,588
1755830771.0278132,8,688,531
1755830771.0278132,6,591,415
1755830771.0278132,5,349,491
1755830771.0278132,4,525,536
1755830771.0278132,2,288,483
1755830771.0278132,1,644,435
1755830771.0830152,35,355,427
1755830771.0830152,34,329,393
1755830771.0830152,31,331,430
1755830771.0830152,24,441,477
1755830771.0830152,21,311,179
1755830771.0830152,17,578,460
1755830771.0830152,10,600,588
1755830771.0830152,8,688,531
1755830771.0830152,6,593,414
1755830771.0830152,5,349,492
1755830771.0830152,4,528,537
1755830771.0830152,2,288,483
1755830771.0830152,1,647,435
1755830771.1402438,35,356,428
1755830771.1402438,34,330,393
1755830771.1402438,31,329,432
1755830771.1402438,24,439,479
1755830771.1402438,21,312,178
1755830771.1402438,17,580,460
1755830771.1402438,10,599,588
1755830771.1402438,8,688,531
1755830771.1402438,6,594,413
1755830771.1402438,5,349,492
1755830771.1402438,4,532,536
1755830771.1402438,2,288,483
1755830771.1402438,1,649,435
1755830771.1968853,35,357,431
1755830771.1968853,34,330,395
1755830771.1968853,31,329,435
1755830771.1968853,24,440,479
1755830771.1968853,21,312,177
1755830771.1968853,17,583,459
1755830771.1968853,10,599,588
1755830771.1968853,8,688,531
1755830771.1968853,6,596,412
1755830771.1968853,5,349,492
1755830771.1968853,4,536,537
1755830771.1968853,2,287,483
1755830771.1968853,1,650,436
1755830771.2522736,37,1050,667
1755830771.2522736,35,357,433
1755830771.2522736,34,330,395
1755830771.2522736,31,328,438
1755830771.2522736,24,439,480
1755830771.2522736,21,312,176
1755830771.2522736,17,585,458
1755830771.2522736,10,598,588
1755830771.2522736,8,688,531
1755830771.2522736,6,597,411
1755830771.2522736,5,350,492
1755830771.2522736,4,540,538
1755830771.2522736,2,288,484
1755830771.2522736,1,651,437
1755830771.310247,37,1049,668
1755830771.310247,35,358,435
1755830771.310247,34,330,396
1755830771.310247,31,327,440
1755830771.310247,24,438,480
1755830771.310247,17,587,457
1755830771.310247,10,599,588
1755830771.310247,8,688,531
1755830771.310247,6,597,410
1755830771.310247,5,350,492
1755830771.310247,4,542,539
1755830771.310247,2,287,484
1755830771.310247,1,653,438
1755830771.3644726,35,358,439
1755830771.3644726,34,330,396
1755830771.3644726,31,327,441
1755830771.3644726,24,437,480
1755830771.3644726,17,590,455
1755830771.3644726,10,598,588
1755830771.3644726,8,688,531
1755830771.3644726,6,598,408
1755830771.3644726,5,350,492
1755830771.3644726,4,545,540
1755830771.3644726,2,287,484
1755830771.3644726,1,655,439
1755830771.4185767,35,357,442
1755830771.4185767,34,330,399
1755830771.4185767,31,327,441
1755830771.4185767,24,437,481
1755830771.4185767,17,593,455
1755830771.4185767,10,598,588
1755830771.4185767,8,689,533
1755830771.4185767,6,599,407
1755830771.4185767,5,350,492
1755830771.4185767,4,548,541
1755830771.4185767,2,288,483
1755830771.4185767,1,657,440
1755830771.473265,37,1049,669
1755830771.473265,35,357,444
1755830771.473265,34,331,400
1755830771.473265,31,328,440
1755830771.473265,24,436,481
1755830771.473265,17,595,454
1755830771.473265,10,597,587
1755830771.473265,8,689,533
1755830771.473265,6,599,407
1755830771.473265,5,350,492
1755830771.473265,4,550,542
1755830771.473265,2,288,482
1755830771.473265,1,659,441
1755830771.5300524,37,1050,670
1755830771.5300524,35,355,447
1755830771.5300524,34,330,403
1755830771.5300524,31,328,440
1755830771.5300524,24,436,480
1755830771.5300524,17,596,453
1755830771.5300524,10,597,587
1755830771.5300524,8,689,534
1755830771.5300524,6,599,406
1755830771.5300524,5,350,492
1755830771.5300524,4,552,544
1755830771.5300524,2,288,482
1755830771.5300524,1,661,442
1755830771.5855768,37,1048,669
1755830771.5855768,35,353,449
1755830771.5855768,34,330,404
1755830771.5855768,31,327,440
1755830771.5855768,24,433,480
1755830771.5855768,21,310,161
1755830771.5855768,17,599,452
1755830771.5855768,10,596,587
1755830771.5855768,8,689,533
1755830771.5855768,6,599,405
1755830771.5855768,5,350,492
1755830771.5855768,4,554,545
1755830771.5855768,2,288,483
1755830771.5855768,1,663,442
1755830771.6397948,37,1049,669
1755830771.6397948,35,351,450
1755830771.6397948,34,330,406
1755830771.6397948,31,328,439
1755830771.6397948,24,433,479
1755830771.6397948,21,311,164
1755830771.6397948,17,599,450
1755830771.6397948,10,595,587
1755830771.6397948,8,689,535
1755830771.6397948,6,599,404
1755830771.6397948,5,349,492
1755830771.6397948,4,558,547
1755830771.6397948,2,288,483
1755830771.6397948,1,665,443
1755830771.6966622,39,392,303
1755830771.6966622,37,1050,669
1755830771.6966622,35,351,450
1755830771.6966622,34,330,407
1755830771.6966622,31,328,438
1755830771.6966622,24,433,478
1755830771.6966622,21,314,166
1755830771.6966622,17,598,449
1755830771.6966622,10,596,588
1755830771.6966622,8,689,535
1755830771.6966622,6,599,403
1755830771.6966622,5,349,492
1755830771.6966622,4,560,548
1755830771.6966622,2,288,483
1755830771.6966622,1,666,443
1755830771.7547326,39,390,305
1755830771.7547326,37,1049,669
1755830771.7547326,35,351,450
1755830771.7547326,34,331,408
1755830771.7547326,31,328,438
1755830771.7547326,24,432,478
1755830771.7547326,21,317,167
1755830771.7547326,17,597,448
1755830771.7547326,10,595,588
1755830771.7547326,8,689,536
1755830771.7547326,6,599,402
1755830771.7547326,5,349,491
1755830771.7547326,4,562,548
1755830771.7547326,2,289,483
1755830771.7547326,1,668,444
1755830771.8101978,39,389,308
1755830771.8101978,37,1048,669
1755830771.8101978,35,351,450
1755830771.8101978,34,332,409
1755830771.8101978,31,329,438
1755830771.8101978,24,431,477
1755830771.8101978,21,317,165
1755830771.8101978,17,596,447
1755830771.8101978,10,595,587
1755830771.8101978,8,689,536
1755830771.8101978,6,599,400
1755830771.8101978,5,350,491
1755830771.8101978,4,562,549
1755830771.8101978,2,289,483
1755830771.8101978,1,670,445
1755830771.8683991,39,388,311
1755830771.8683991,37,1048,669
1755830771.8683991,35,349,452
1755830771.8683991,34,333,409
1755830771.8683991,31,332,438
1755830771.8683991,24,431,477
1755830771.8683991,21,318,165
1755830771.8683991,17,596,445
1755830771.8683991,10,595,587
1755830771.8683991,8,689,534
1755830771.8683991,6,598,399
1755830771.8683991,5,349,490
1755830771.8683991,4,563,549
1755830771.8683991,2,290,483
1755830771.8683991,1,671,446
1755830771.9224358,39,386,313
1755830771.9224358,37,1047,669
1755830771.9224358,35,348,452
1755830771.9224358,34,335,409
1755830771.9224358,31,332,437
1755830771.9224358,24,431,476
1755830771.9224358,21,317,167
1755830771.9224358,17,596,443
1755830771.9224358,10,595,587
1755830771.9224358,8,689,533
1755830771.9224358,6,597,399
1755830771.9224358,5,349,490
1755830771.9224358,4,564,550
1755830771.9224358,2,290,484
1755830771.9224358,1,672,447
1755830771.979115,39,384,315
1755830771.979115,37,1047,669
1755830771.979115,35,348,453
1755830771.979115,34,336,408
1755830771.979115,31,332,435
1755830771.979115,24,430,476
1755830771.979115,21,318,168
1755830771.979115,17,597,443
1755830771.979115,10,593,587
1755830771.979115,8,689,532
1755830771.979115,6,596,399
1755830771.979115,5,349,490
1755830771.979115,4,563,552
1755830771.979115,2,289,484
1755830771.979115,1,673,447
1755830772.0391448,39,383,317
1755830772.0391448,37,1048,668
1755830772.0391448,35,349,453
1755830772.0391448,34,337,407
1755830772.0391448,31,332,435
1755830772.0391448,24,430,475
1755830772.0391448,21,317,167
1755830772.0391448,17,597,442
1755830772.0391448,10,591,587
1755830772.0391448,8,689,532
1755830772.0391448,6,597,398
1755830772.0391448,5,349,489
1755830772.0391448,4,564,552
1755830772.0391448,2,288,484
1755830772.0391448,1,675,448
1755830772.095419,39,381,321
1755830772.095419,37,1050,668
1755830772.095419,35,350,454
1755830772.095419,34,336,408
1755830772.095419,31,332,435
1755830772.095419,24,429,474
1755830772.095419,21,317,162
1755830772.095419,17,597,441
1755830772.095419,10,589,587
1755830772.095419,8,689,533
1755830772.095419,6,595,397
1755830772.095419,5,350,489
1755830772.095419,4,566,552
1755830772.095419,2,289,484
1755830772.095419,1,676,448
1755830772.1523068,39,380,324
1755830772.1523068,37,1050,668
1755830772.1523068,35,350,454
1755830772.1523068,34,335,410
1755830772.1523068,31,331,435
1755830772.1523068,24,428,473
1755830772.1523068,21,317,162
1755830772.1523068,17,598,440
1755830772.1523068,10,588,587
1755830772.1523068,8,689,533
1755830772.1523068,6,596,396
1755830772.1523068,5,350,489
1755830772.1523068,4,564,553
1755830772.1523068,2,290,484
1755830772.1523068,1,678,449
1755830772.2107582,37,1048,668
1755830772.2107582,35,351,454
1755830772.2107582,34,334,411
1755830772.2107582,31,332,433
1755830772.2107582,24,428,472
1755830772.2107582,21,321,168
1755830772.2107582,17,599,438
1755830772.2107582,10,588,587
1755830772.2107582,8,689,534
1755830772.2107582,6,596,395
1755830772.2107582,5,351,489
1755830772.2107582,4,565,555
1755830772.2107582,2,290,485
1755830772.2107582,1,679,449
1755830772.2735972,37,1049,668
1755830772.2735972,35,351,455
1755830772.2735972,34,336,412
1755830772.2735972,31,332,434
1755830772.2735972,24,428,470
1755830772.2735972,17,600,437
1755830772.2735972,10,587,588
1755830772.2735972,8,689,535
1755830772.2735972,6,596,394
1755830772.2735972,5,350,489
1755830772.2735972,4,567,557
1755830772.2735972,2,290,486
1755830772.2735972,1,682,450
1755830772.3544297,37,1049,667
1755830772.3544297,35,350,455
1755830772.3544297,34,338,412
1755830772.3544297,31,333,434
1755830772.3544297,24,429,469
1755830772.3544297,17,601,435
1755830772.3544297,10,585,588
1755830772.3544297,8,689,535
1755830772.3544297,6,596,393
1755830772.3544297,5,350,489
1755830772.3544297,4,568,557
1755830772.3544297,2,291,486
1755830772.3544297,1,683,450
1755830772.4305508,37,1050,668
1755830772.4305508,35,350,455
1755830772.4305508,34,339,411
1755830772.4305508,31,331,434
1755830772.4305508,24,431,468
1755830772.4305508,17,601,433
1755830772.4305508,10,581,587
1755830772.4305508,8,689,535
1755830772.4305508,6,597,392
1755830772.4305508,5,350,489
1755830772.4305508,4,569,558
1755830772.4305508,2,292,486
1755830772.4305508,1,685,451
1755830772.490568,37,1048,668
1755830772.490568,35,349,455
1755830772.490568,34,339,413
1755830772.490568,31,326,432
1755830772.490568,24,431,466
1755830772.490568,17,602,431
1755830772.490568,10,575,586
1755830772.490568,8,689,535
1755830772.490568,6,596,392
1755830772.490568,5,350,489
1755830772.490568,4,567,559
1755830772.490568,2,294,486
1755830772.490568,1,686,452
1755830772.5457966,37,1048,668
1755830772.5457966,35,349,455
1755830772.5457966,34,342,413
1755830772.5457966,31,325,430
1755830772.5457966,24,431,464
1755830772.5457966,17,602,429
1755830772.5457966,10,570,586
1755830772.5457966,8,689,535
1755830772.5457966,6,598,387
1755830772.5457966,5,351,489
1755830772.5457966,4,568,559
1755830772.5457966,2,295,486
1755830772.5457966,1,687,452
1755830772.600225,37,1049,668
1755830772.600225,35,347,454
1755830772.600225,31,323,428
1755830772.600225,24,435,464
1755830772.600225,17,603,426
1755830772.600225,10,563,584
1755830772.600225,8,690,536
1755830772.600225,6,599,384
1755830772.600225,5,351,489
1755830772.600225,4,571,561
1755830772.600225,2,295,486
1755830772.600225,1,688,452
1755830772.6551945,37,1049,668
1755830772.6551945,35,349,454
1755830772.6551945,31,323,427
1755830772.6551945,24,437,462
1755830772.6551945,17,605,425
1755830772.6551945,10,554,583
1755830772.6551945,8,690,536
1755830772.6551945,6,600,382
1755830772.6551945,5,352,489
1755830772.6551945,4,570,561
1755830772.6551945,2,296,486
1755830772.6551945,1,689,453
1755830772.7086568,37,1050,668
1755830772.7086568,35,349,453
1755830772.7086568,31,324,425
1755830772.7086568,24,437,461
1755830772.7086568,17,608,422
1755830772.7086568,10,549,581
1755830772.7086568,8,690,536
1755830772.7086568,6,600,381
1755830772.7086568,5,351,489
1755830772.7086568,2,296,486
1755830772.7086568,1,691,454
1755830772.7635138,37,1048,668
1755830772.7635138,35,347,453
1755830772.7635138,31,324,423
1755830772.7635138,24,438,460
1755830772.7635138,17,610,419
1755830772.7635138,10,541,579
1755830772.7635138,8,690,536
1755830772.7635138,6,599,379
1755830772.7635138,5,351,489
1755830772.7635138,2,297,486
1755830772.7635138,1,693,454
1755830772.8210852,37,1047,668
1755830772.8210852,35,349,453
1755830772.8210852,31,323,421
1755830772.8210852,24,436,458
1755830772.8210852,17,613,416
1755830772.8210852,10,532,578
1755830772.8210852,8,690,537
1755830772.8210852,6,598,378
1755830772.8210852,5,351,489
1755830772.8210852,2,298,486
1755830772.8210852,1,694,455
1755830772.8743398,37,1050,669
1755830772.8743398,35,351,454
1755830772.8743398,31,325,418
1755830772.8743398,24,436,457
1755830772.8743398,17,615,413
1755830772.8743398,10,527,576
1755830772.8743398,8,690,537
1755830772.8743398,6,598,377
1755830772.8743398,5,351,490
1755830772.8743398,2,298,486
1755830772.8743398,1,695,455
1755830772.932861,37,1049,669
1755830772.932861,35,356,457
1755830772.932861,31,330,417
1755830772.932861,24,436,456
1755830772.932861,17,616,410
1755830772.932861,10,524,575
1755830772.932861,8,689,537
1755830772.932861,6,598,376
1755830772.932861,5,351,490
1755830772.932861,2,298,486
1755830772.932861,1,697,456
1755830772.9943728,43,326,446
1755830772.9943728,37,1049,670
1755830772.9943728,35,357,457
1755830772.9943728,31,333,416
1755830772.9943728,24,436,455
1755830772.9943728,17,617,407
1755830772.9943728,10,522,573
1755830772.9943728,8,689,537
1755830772.9943728,6,597,375
1755830772.9943728,5,351,490
1755830772.9943728,2,298,486
1755830772.9943728,1,699,457
1755830773.059368,44,312,139
1755830773.059368,43,327,446
1755830773.059368,37,1049,670
1755830773.059368,35,355,455
1755830773.059368,31,335,414
1755830773.059368,24,437,453
1755830773.059368,17,617,405
1755830773.059368,10,520,572
1755830773.059368,8,689,537
1755830773.059368,6,596,373
1755830773.059368,5,351,490
1755830773.059368,2,298,486
1755830773.059368,1,701,457
1755830773.1299977,45,342,180
1755830773.1299977,44,312,140
1755830773.1299977,43,329,447
1755830773.1299977,37,1048,670
1755830773.1299977,35,356,454
1755830773.1299977,31,336,413
1755830773.1299977,24,437,453
1755830773.1299977,17,619,403
1755830773.1299977,10,509,571
1755830773.1299977,8,689,537
1755830773.1299977,6,594,372
1755830773.1299977,5,351,490
1755830773.1299977,2,298,486
1755830773.1299977,1,704,458
1755830773.1876075,45,340,179
1755830773.1876075,43,332,445
1755830773.1876075,37,1050,670
1755830773.1876075,35,359,455
1755830773.1876075,31,337,410
1755830773.1876075,24,437,453
1755830773.1876075,17,619,402
1755830773.1876075,10,506,570
1755830773.1876075,8,688,537
1755830773.1876075,6,593,371
1755830773.1876075,5,351,490
1755830773.1876075,2,297,486
1755830773.1876075,1,706,459
1755830773.2455964,46,358,385
1755830773.2455964,45,341,178
1755830773.2455964,43,333,444
1755830773.2455964,37,1052,669
1755830773.2455964,35,361,456
1755830773.2455964,34,354,424
1755830773.2455964,24,437,452
1755830773.2455964,17,619,400
1755830773.2455964,10,533,573
1755830773.2455964,8,688,538
1755830773.2455964,6,591,371
1755830773.2455964,5,352,490
1755830773.2455964,2,298,486
1755830773.2455964,1,708,460
1755830773.3045032,45,341,177
1755830773.3045032,43,334,445
1755830773.3045032,37,1052,669
1755830773.3045032,35,361,454
1755830773.3045032,34,355,426
1755830773.3045032,24,438,451
1755830773.3045032,17,619,400
1755830773.3045032,10,543,575
1755830773.3045032,8,689,537
1755830773.3045032,6,589,369
1755830773.3045032,5,353,490
1755830773.3045032,2,298,486
1755830773.3045032,1,710,460
1755830773.3625636,45,339,176
1755830773.3625636,43,334,447
1755830773.3625636,37,1052,669
1755830773.3625636,35,361,455
1755830773.3625636,24,439,450
1755830773.3625636,17,619,398
1755830773.3625636,10,545,576
1755830773.3625636,8,689,539
1755830773.3625636,6,588,369
1755830773.3625636,5,354,490
1755830773.3625636,2,298,486
1755830773.3625636,1,711,460
1755830773.4198527,47,467,562
1755830773.4198527,45,339,176
1755830773.4198527,43,334,450
1755830773.4198527,37,1050,670
1755830773.4198527,35,361,457
1755830773.4198527,31,341,403
1755830773.4198527,24,440,449
1755830773.4198527,17,620,398
1755830773.4198527,10,543,576
1755830773.4198527,8,689,538
1755830773.4198527,6,584,368
1755830773.4198527,5,354,491
1755830773.4198527,2,298,487
1755830773.4198527,1,713,460
1755830773.4756064,47,462,561
1755830773.4756064,45,337,174
1755830773.4756064,43,333,453
1755830773.4756064,37,1050,670
1755830773.4756064,35,360,457
1755830773.4756064,24,442,448
1755830773.4756064,17,621,397
1755830773.4756064,10,541,575
1755830773.4756064,8,689,538
1755830773.4756064,6,581,367
1755830773.4756064,5,355,492
1755830773.4756064,2,298,487
1755830773.4756064,1,714,461
1755830773.5329974,49,312,156
1755830773.5329974,48,400,379
1755830773.5329974,47,457,560
1755830773.5329974,45,340,174
1755830773.5329974,43,334,454
1755830773.5329974,37,1050,669
1755830773.5329974,35,359,456
1755830773.5329974,24,443,447
1755830773.5329974,17,622,395
1755830773.5329974,10,540,575
1755830773.5329974,8,688,538
1755830773.5329974,6,580,366
1755830773.5329974,5,352,492
1755830773.5329974,2,297,486
1755830773.5329974,1,717,462
1755830773.589288,49,307,158
1755830773.589288,48,403,382
1755830773.589288,47,452,560
1755830773.589288,45,341,175
1755830773.589288,43,334,455
1755830773.589288,37,1049,669
1755830773.589288,35,358,459
1755830773.589288,31,339,393
1755830773.589288,24,445,446
1755830773.589288,17,623,394
1755830773.589288,10,540,574
1755830773.589288,8,689,538
1755830773.589288,6,578,366
1755830773.589288,5,351,493
1755830773.589288,2,297,486
1755830773.589288,1,718,463
1755830773.6496108,49,310,160
1755830773.6496108,48,404,384
1755830773.6496108,47,449,559
1755830773.6496108,45,341,175
1755830773.6496108,43,333,456
1755830773.6496108,37,1050,668
1755830773.6496108,35,358,459
1755830773.6496108,31,338,390
1755830773.6496108,24,447,444
1755830773.6496108,17,623,392
1755830773.6496108,10,539,574
1755830773.6496108,8,688,536
1755830773.6496108,6,576,366
1755830773.6496108,5,353,492
1755830773.6496108,2,295,485
1755830773.6496108,1,721,463
1755830773.7110868,49,313,162
1755830773.7110868,48,404,387
1755830773.7110868,47,446,558
1755830773.7110868,45,341,176
1755830773.7110868,43,332,458
1755830773.7110868,37,1051,668
1755830773.7110868,35,359,459
1755830773.7110868,31,338,388
1755830773.7110868,24,448,443
1755830773.7110868,17,622,391
1755830773.7110868,10,539,573
1755830773.7110868,8,687,537
1755830773.7110868,6,572,365
1755830773.7110868,5,353,492
1755830773.7110868,2,294,485
1755830773.7110868,1,722,464
1755830773.7711492,49,316,162
1755830773.7711492,48,405,390
1755830773.7711492,47,444,556
1755830773.7711492,45,343,176
1755830773.7711492,43,334,459
1755830773.7711492,37,1050,668
1755830773.7711492,35,356,458
1755830773.7711492,31,337,387
1755830773.7711492,24,450,442
1755830773.7711492,17,623,389
1755830773.7711492,10,540,573
1755830773.7711492,8,687,536
1755830773.7711492,6,568,365
1755830773.7711492,5,353,492
1755830773.7711492,2,295,485
1755830773.7711492,1,723,464
1755830773.8290834,49,316,162
1755830773.8290834,48,408,393
1755830773.8290834,47,442,555
1755830773.8290834,45,343,177
1755830773.8290834,43,335,459
1755830773.8290834,37,1050,668
1755830773.8290834,35,352,457
1755830773.8290834,31,337,385
1755830773.8290834,24,452,440
1755830773.8290834,17,623,389
1755830773.8290834,10,540,573
1755830773.8290834,8,687,536
1755830773.8290834,6,562,364
1755830773.8290834,5,352,492
1755830773.8290834,2,295,485
1755830773.8290834,1,725,465
1755830773.8885791,51,342,426
1755830773.8885791,49,317,162
1755830773.8885791,48,410,396
1755830773.8885791,47,441,553
1755830773.8885791,45,343,178
1755830773.8885791,43,335,459
1755830773.8885791,37,1050,668
1755830773.8885791,35,351,457
1755830773.8885791,31,337,383
1755830773.8885791,24,452,438
1755830773.8885791,17,624,388
1755830773.8885791,10,539,572
1755830773.8885791,8,687,535
1755830773.8885791,6,559,364
1755830773.8885791,5,350,492
1755830773.8885791,2,296,485
1755830773.8885791,1,727,465
1755830773.9469368,51,343,430
1755830773.9469368,49,316,164
1755830773.9469368,48,414,402
1755830773.9469368,47,440,552
1755830773.9469368,45,344,180
1755830773.9469368,43,336,459
1755830773.9469368,35,347,458
1755830773.9469368,31,338,383
1755830773.9469368,24,453,437
1755830773.9469368,17,624,387
1755830773.9469368,10,538,573
1755830773.9469368,8,686,534
1755830773.9469368,6,557,363
1755830773.9469368,5,350,492
1755830773.9469368,2,297,486
1755830773.9469368,1,729,465
1755830774.0055413,51,344,432
1755830774.0055413,48,416,406
1755830774.0055413,47,439,552
1755830774.0055413,45,345,182
1755830774.0055413,43,337,459
1755830774.0055413,31,338,381
1755830774.0055413,24,453,435
1755830774.0055413,17,625,386
1755830774.0055413,10,538,573
1755830774.0055413,8,686,533
1755830774.0055413,6,554,363
1755830774.0055413,5,351,493
1755830774.0055413,2,297,486
1755830774.0055413,1,731,465
1755830774.0639822,51,347,427
1755830774.0639822,50,319,141
1755830774.0639822,48,417,410
1755830774.0639822,47,438,551
1755830774.0639822,45,345,183
1755830774.0639822,43,339,459
1755830774.0639822,37,1050,669
1755830774.0639822,31,338,379
1755830774.0639822,24,455,434
1755830774.0639822,17,626,384
1755830774.0639822,10,536,573
1755830774.0639822,8,686,533
1755830774.0639822,6,551,362
1755830774.0639822,5,350,493
1755830774.0639822,2,296,487
1755830774.0639822,1,732,465
1755830774.122717,52,376,397
1755830774.122717,51,347,432
1755830774.122717,50,319,142
1755830774.122717,49,318,157
1755830774.122717,48,420,414
1755830774.122717,47,438,551
1755830774.122717,45,344,185
1755830774.122717,43,338,459
1755830774.122717,31,339,378
1755830774.122717,24,458,433
1755830774.122717,17,627,383
1755830774.122717,10,535,573
1755830774.122717,8,686,533
1755830774.122717,6,549,361
1755830774.122717,5,349,493
1755830774.122717,2,295,487
1755830774.122717,1,733,466
1755830774.1868343,52,374,399
1755830774.1868343,51,348,434
1755830774.1868343,48,422,417
1755830774.1868343,47,436,552
1755830774.1868343,45,343,185
1755830774.1868343,43,337,459
1755830774.1868343,31,339,377
1755830774.1868343,24,463,433
1755830774.1868343,17,628,383
1755830774.1868343,10,535,573
1755830774.1868343,8,686,534
1755830774.1868343,6,546,360
1755830774.1868343,5,349,493
1755830774.1868343,2,294,487
1755830774.1868343,1,734,466
1755830774.2405276,52,373,399
1755830774.2405276,51,349,432
1755830774.2405276,48,424,419
1755830774.2405276,47,437,552
1755830774.2405276,45,343,186
1755830774.2405276,43,335,458
1755830774.2405276,37,1048,669
1755830774.2405276,31,339,376
1755830774.2405276,24,467,432
1755830774.2405276,17,629,382
1755830774.2405276,10,534,573
1755830774.2405276,8,687,534
1755830774.2405276,6,543,358
1755830774.2405276,5,348,492
1755830774.2405276,2,294,488
1755830774.2405276,1,735,467
1755830774.2983878,52,370,401
1755830774.2983878,51,363,435
1755830774.2983878,49,309,170
1755830774.2983878,48,426,422
1755830774.2983878,47,437,553
1755830774.2983878,45,343,186
1755830774.2983878,43,334,458
1755830774.2983878,37,1048,669
1755830774.2983878,31,339,375
1755830774.2983878,24,468,430
1755830774.2983878,17,630,381
1755830774.2983878,10,535,573
1755830774.2983878,8,687,533
1755830774.2983878,6,541,358
1755830774.2983878,5,347,492
1755830774.2983878,2,293,488
1755830774.2983878,1,736,467
1755830774.3657782,52,369,401
1755830774.3657782,51,356,432
1755830774.3657782,48,428,426
1755830774.3657782,47,437,554
1755830774.3657782,45,341,187
1755830774.3657782,43,339,458
1755830774.3657782,37,1048,668
1755830774.3657782,31,340,374
1755830774.3657782,24,471,429
1755830774.3657782,17,631,381
1755830774.3657782,10,534,572
1755830774.3657782,8,686,533
1755830774.3657782,6,540,359
1755830774.3657782,5,348,492
1755830774.3657782,2,293,489
1755830774.3657782,1,738,467
1755830774.4226305,52,366,402
1755830774.4226305,51,340,428
1755830774.4226305,48,431,427
1755830774.4226305,47,437,554
1755830774.4226305,45,340,188
1755830774.4226305,43,342,457
1755830774.4226305,37,1048,669
1755830774.4226305,31,341,373
1755830774.4226305,24,474,429
1755830774.4226305,17,633,381
1755830774.4226305,10,535,572
1755830774.4226305,8,686,533
1755830774.4226305,6,535,358
1755830774.4226305,5,348,492
1755830774.4226305,2,293,489
1755830774.4226305,1,740,468
1755830774.4812634,52,364,402
1755830774.4812634,51,357,438
1755830774.4812634,48,434,430
1755830774.4812634,47,435,554
1755830774.4812634,43,343,458
1755830774.4812634,37,1046,668
1755830774.4812634,31,341,372
1755830774.4812634,24,479,428
1755830774.4812634,17,634,381
1755830774.4812634,10,535,572
1755830774.4812634,8,686,533
1755830774.4812634,6,534,357
1755830774.4812634,5,348,492
1755830774.4812634,2,293,489
1755830774.4812634,1,741,468
1755830774.5401754,52,362,402
1755830774.5401754,51,368,443
1755830774.5401754,48,436,432
1755830774.5401754,47,433,554
1755830774.5401754,43,343,456
1755830774.5401754,31,339,371
1755830774.5401754,24,483,427
1755830774.5401754,17,635,382
1755830774.5401754,10,536,573
1755830774.5401754,8,686,532
1755830774.5401754,6,531,356
1755830774.5401754,5,348,492
1755830774.5401754,2,292,489
1755830774.5401754,1,743,468
1755830774.6007242,53,358,312
1755830774.6007242,52,361,402
1755830774.6007242,51,375,446
1755830774.6007242,49,303,170
1755830774.6007242,48,438,434
1755830774.6007242,47,433,555
1755830774.6007242,45,336,191
1755830774.6007242,43,341,455
1755830774.6007242,31,340,370
1755830774.6007242,24,485,426
1755830774.6007242,17,636,384
1755830774.6007242,10,537,573
1755830774.6007242,8,686,530
1755830774.6007242,6,530,355
1755830774.6007242,5,349,492
1755830774.6007242,2,291,489
1755830774.6007242,1,744,468
1755830774.6595333,54,338,424
1755830774.6595333,53,358,315
1755830774.6595333,52,361,403
1755830774.6595333,51,381,449
1755830774.6595333,49,303,171
1755830774.6595333,48,441,437
1755830774.6595333,47,432,555
1755830774.6595333,45,333,192
1755830774.6595333,43,340,453
1755830774.6595333,37,1047,669
1755830774.6595333,31,340,369
1755830774.6595333,24,487,425
1755830774.6595333,17,638,384
1755830774.6595333,10,538,573
1755830774.6595333,8,686,531
1755830774.6595333,6,525,355
1755830774.6595333,5,348,492
1755830774.6595333,2,291,489
1755830774.6595333,1,745,469
1755830774.7238574,54,337,419
1755830774.7238574,53,360,321
1755830774.7238574,52,360,403
1755830774.7238574,51,387,451
1755830774.7238574,49,303,172
1755830774.7238574,48,443,439
1755830774.7238574,47,431,555
1755830774.7238574,45,333,192
1755830774.7238574,43,340,453
1755830774.7238574,31,341,369
1755830774.7238574,24,491,425
1755830774.7238574,17,639,381
1755830774.7238574,10,538,572
1755830774.7238574,8,686,531
1755830774.7238574,6,523,354
1755830774.7238574,5,348,492
1755830774.7238574,2,292,489
1755830774.7238574,1,748,469
1755830774.7842293,54,336,416
1755830774.7842293,53,362,324
1755830774.7842293,52,358,403
1755830774.7842293,51,391,454
1755830774.7842293,50,315,141
1755830774.7842293,49,305,171
1755830774.7842293,48,444,440
1755830774.7842293,47,430,555
1755830774.7842293,45,333,193
1755830774.7842293,43,342,453
1755830774.7842293,31,342,368
1755830774.7842293,24,493,425
1755830774.7842293,17,641,380
1755830774.7842293,10,537,572
1755830774.7842293,8,686,531
1755830774.7842293,6,520,354
1755830774.7842293,5,348,492
1755830774.7842293,2,292,489
1755830774.7842293,1,749,469
1755830774.8454688,54,336,413
1755830774.8454688,53,365,329
1755830774.8454688,52,358,402
1755830774.8454688,51,395,455
1755830774.8454688,50,317,142
1755830774.8454688,49,304,172
1755830774.8454688,48,446,442
1755830774.8454688,47,430,554
1755830774.8454688,43,343,454
1755830774.8454688,31,341,367
1755830774.8454688,24,495,426
1755830774.8454688,17,642,380
1755830774.8454688,10,537,572
1755830774.8454688,8,686,531
1755830774.8454688,6,517,353
1755830774.8454688,5,348,492
1755830774.8454688,2,293,489
1755830774.8454688,1,751,469
1755830774.9057765,55,316,147
1755830774.9057765,54,337,411
1755830774.9057765,53,369,333
1755830774.9057765,52,354,401
1755830774.9057765,51,399,458
1755830774.9057765,49,305,173
1755830774.9057765,48,448,443
1755830774.9057765,47,429,555
1755830774.9057765,43,343,454
1755830774.9057765,31,341,366
1755830774.9057765,24,497,424
1755830774.9057765,17,643,380
1755830774.9057765,10,537,573
1755830774.9057765,8,686,530
1755830774.9057765,6,515,353
1755830774.9057765,5,349,492
1755830774.9057765,2,292,489
1755830774.9057765,1,753,469
1755830774.9650574,55,318,146
1755830774.9650574,54,335,407
1755830774.9650574,53,372,336
1755830774.9650574,52,354,401
1755830774.9650574,51,405,459
1755830774.9650574,49,305,174
1755830774.9650574,48,450,446
1755830774.9650574,47,429,555
1755830774.9650574,43,345,453
1755830774.9650574,31,339,365
1755830774.9650574,24,500,422
1755830774.9650574,17,644,381
1755830774.9650574,10,537,573
1755830774.9650574,8,687,531
1755830774.9650574,6,513,352
1755830774.9650574,5,347,492
1755830774.9650574,2,292,490
1755830774.9650574,1,754,470
1755830775.0236833,55,321,145
1755830775.0236833,54,334,405
1755830775.0236833,53,374,339
1755830775.0236833,52,354,400
1755830775.0236833,51,412,461
1755830775.0236833,49,305,173
1755830775.0236833,48,452,447
1755830775.0236833,47,429,554
1755830775.0236833,43,346,452
1755830775.0236833,31,339,363
1755830775.0236833,24,503,421
1755830775.0236833,17,644,381
1755830775.0236833,10,536,573
1755830775.0236833,8,687,531
1755830775.0236833,6,510,352
1755830775.0236833,5,346,492
1755830775.0236833,2,292,490
1755830775.0236833,1,755,470
1755830775.0842636,55,320,146
1755830775.0842636,54,335,403
1755830775.0842636,53,377,341
1755830775.0842636,52,354,401
1755830775.0842636,51,417,463
1755830775.0842636,49,306,174
1755830775.0842636,48,456,450
1755830775.0842636,47,431,554
1755830775.0842636,43,347,452
1755830775.0842636,31,338,363
1755830775.0842636,24,504,420
1755830775.0842636,17,645,381
1755830775.0842636,10,536,573
1755830775.0842636,8,687,531
1755830775.0842636,6,506,352
1755830775.0842636,5,345,492
1755830775.0842636,2,292,490
1755830775.0842636,1,757,470
1755830775.1405396,55,318,147
1755830775.1405396,53,380,341
1755830775.1405396,52,350,400
1755830775.1405396,51,421,464
1755830775.1405396,49,308,175
1755830775.1405396,48,459,452
1755830775.1405396,47,432,553
1755830775.1405396,43,347,451
1755830775.1405396,31,339,362
1755830775.1405396,24,506,419
1755830775.1405396,17,646,383
1755830775.1405396,10,537,572
1755830775.1405396,8,687,531
1755830775.1405396,6,504,352
1755830775.1405396,5,345,492
1755830775.1405396,2,293,491
1755830775.1405396,1,758,471
1755830775.199647,55,317,149
1755830775.199647,53,383,344
1755830775.199647,52,349,397
1755830775.199647,51,427,466
1755830775.199647,49,307,175
1755830775.199647,48,462,454
1755830775.199647,47,432,552
1755830775.199647,43,347,449
1755830775.199647,31,339,359
1755830775.199647,24,510,417
1755830775.199647,17,646,384
1755830775.199647,10,538,572
1755830775.199647,8,687,531
1755830775.199647,6,500,350
1755830775.199647,5,345,492
1755830775.199647,2,293,491
1755830775.199647,1,761,470
1755830775.2555506,55,317,151
1755830775.2555506,54,343,395
1755830775.2555506,53,389,348
1755830775.2555506,51,432,467
1755830775.2555506,49,306,176
1755830775.2555506,48,463,456
1755830775.2555506,47,433,553
1755830775.2555506,43,347,448
1755830775.2555506,31,340,357
1755830775.2555506,24,513,417
1755830775.2555506,17,647,384
1755830775.2555506,10,538,571
1755830775.2555506,8,687,531
1755830775.2555506,6,498,350
1755830775.2555506,5,345,492
1755830775.2555506,2,292,491
1755830775.2555506,1,762,470
1755830775.3123722,55,315,154
1755830775.3123722,54,342,393
1755830775.3123722,53,393,349
1755830775.3123722,51,439,469
1755830775.3123722,49,309,172
1755830775.3123722,48,468,458
1755830775.3123722,47,430,554
1755830775.3123722,43,346,447
1755830775.3123722,31,340,354
1755830775.3123722,24,515,416
1755830775.3123722,17,647,385
1755830775.3123722,10,537,571
1755830775.3123722,8,687,531
1755830775.3123722,6,497,350
1755830775.3123722,5,345,491
1755830775.3123722,2,291,492
1755830775.3123722,1,763,470
1755830775.3714066,55,315,156
1755830775.3714066,54,345,392
1755830775.3714066,53,397,350
1755830775.3714066,51,442,470
1755830775.3714066,49,310,175
1755830775.3714066,48,471,458
1755830775.3714066,47,428,554
1755830775.3714066,43,347,446
1755830775.3714066,31,340,351
1755830775.3714066,24,518,414
1755830775.3714066,17,649,385
1755830775.3714066,10,537,571
1755830775.3714066,8,687,532
1755830775.3714066,6,495,350
1755830775.3714066,5,345,491
1755830775.3714066,2,289,493
1755830775.3714066,1,764,471
1755830775.430787,55,317,156
1755830775.430787,54,345,391
1755830775.430787,53,401,351
1755830775.430787,51,446,472
1755830775.430787,48,476,460
1755830775.430787,47,428,554
1755830775.430787,43,348,445
1755830775.430787,31,340,350
1755830775.430787,24,520,412
1755830775.430787,17,651,387
1755830775.430787,10,538,571
1755830775.430787,8,686,531
1755830775.430787,6,492,349
1755830775.430787,5,345,491
1755830775.430787,2,291,494
1755830775.430787,1,766,471
1755830775.4912581,55,318,156
1755830775.4912581,54,345,390
1755830775.4912581,53,407,353
1755830775.4912581,51,450,472
1755830775.4912581,48,483,461
1755830775.4912581,47,428,554
1755830775.4912581,43,348,442
1755830775.4912581,31,341,348
1755830775.4912581,24,523,410
1755830775.4912581,17,654,388
1755830775.4912581,10,538,571
1755830775.4912581,8,686,531
1755830775.4912581,6,489,349
1755830775.4912581,5,345,491
1755830775.4912581,2,293,496
1755830775.4912581,1,768,471
1755830775.5491486,55,318,159
1755830775.5491486,54,345,388
1755830775.5491486,53,411,353
1755830775.5491486,51,455,473
1755830775.5491486,48,487,461
1755830775.5491486,47,428,555
1755830775.5491486,43,349,440
1755830775.5491486,31,341,346
1755830775.5491486,24,525,408
1755830775.5491486,17,657,389
1755830775.5491486,10,537,572
1755830775.5491486,8,686,531
1755830775.5491486,6,487,348
1755830775.5491486,5,345,491
1755830775.5491486,2,296,497
1755830775.5491486,1,770,471
1755830775.6120946,55,319,160
1755830775.6120946,54,343,386
1755830775.6120946,53,414,355
1755830775.6120946,51,457,474
1755830775.6120946,48,490,461
1755830775.6120946,47,428,555
1755830775.6120946,43,349,439
1755830775.6120946,31,341,345
1755830775.6120946,24,528,407
1755830775.6120946,17,659,390
1755830775.6120946,10,537,572
1755830775.6120946,8,686,531
1755830775.6120946,6,485,347
1755830775.6120946,5,346,491
1755830775.6120946,2,298,498
1755830775.6120946,1,770,471
1755830775.669236,55,321,160
1755830775.669236,54,343,384
1755830775.669236,53,416,355
1755830775.669236,51,463,475
1755830775.669236,48,496,461
1755830775.669236,47,429,555
1755830775.669236,43,349,437
1755830775.669236,31,342,343
1755830775.669236,24,530,404
1755830775.669236,17,661,392
1755830775.669236,10,536,572
1755830775.669236,8,685,531
1755830775.669236,6,483,347
1755830775.669236,5,345,491
1755830775.669236,2,299,499
1755830775.669236,1,772,472
1755830775.7255597,55,321,162
1755830775.7255597,54,342,384
1755830775.7255597,53,418,355
1755830775.7255597,51,467,477
1755830775.7255597,48,505,462
1755830775.7255597,47,429,555
1755830775.7255597,43,350,436
1755830775.7255597,31,342,341
1755830775.7255597,24,533,403
1755830775.7255597,17,662,394
1755830775.7255597,10,535,572
1755830775.7255597,8,685,531
1755830775.7255597,6,475,347
1755830775.7255597,5,345,491
1755830775.7255597,2,302,501
1755830775.7255597,1,774,472
1755830775.7860641,55,322,163
1755830775.7860641,54,343,383
1755830775.7860641,53,418,355
1755830775.7860641,51,470,477
1755830775.7860641,48,509,463
1755830775.7860641,47,428,555
1755830775.7860641,43,350,435
1755830775.7860641,31,342,340
1755830775.7860641,24,535,401
1755830775.7860641,17,663,395
1755830775.7860641,10,535,573
1755830775.7860641,8,685,531
1755830775.7860641,6,470,347
1755830775.7860641,5,345,491
1755830775.7860641,2,302,502
1755830775.7860641,1,776,473
1755830775.841906,55,320,170
1755830775.841906,54,342,380
1755830775.841906,53,420,354
1755830775.841906,51,473,478
1755830775.841906,48,514,462
1755830775.841906,47,428,556
1755830775.841906,43,350,433
1755830775.841906,31,342,338
1755830775.841906,24,537,399
1755830775.841906,17,664,397
1755830775.841906,10,535,572
1755830775.841906,8,684,531
1755830775.841906,6,467,348
1755830775.841906,5,346,491
1755830775.841906,2,305,504
1755830775.841906,1,778,473
1755830775.900264,55,320,173
1755830775.900264,54,341,378
1755830775.900264,53,422,354
1755830775.900264,51,477,478
1755830775.900264,48,519,462
1755830775.900264,47,428,556
1755830775.900264,43,349,430
1755830775.900264,31,343,336
1755830775.900264,24,540,397
1755830775.900264,17,668,399
1755830775.900264,10,536,571
1755830775.900264,8,684,531
1755830775.900264,6,467,346
1755830775.900264,5,347,491
1755830775.900264,2,309,506
1755830775.900264,1,780,473
1755830775.9577696,57,331,144
1755830775.9577696,55,320,174
1755830775.9577696,54,342,377
1755830775.9577696,53,424,354
1755830775.9577696,51,481,480
1755830775.9577696,48,524,462
1755830775.9577696,47,427,555
1755830775.9577696,43,348,428
1755830775.9577696,31,342,334
1755830775.9577696,24,541,395
1755830775.9577696,17,669,401
1755830775.9577696,10,535,571
1755830775.9577696,8,684,531
1755830775.9577696,6,467,345
1755830775.9577696,5,345,491
1755830775.9577696,2,312,508
1755830775.9577696,1,781,473
1755830776.0184557,57,332,143
1755830776.0184557,55,319,175
1755830776.0184557,54,341,375
1755830776.0184557,53,424,355
1755830776.0184557,51,485,480
1755830776.0184557,48,530,462
1755830776.0184557,47,427,554
1755830776.0184557,43,347,426
1755830776.0184557,31,342,332
1755830776.0184557,24,543,392
1755830776.0184557,17,672,402
1755830776.0184557,10,536,571
1755830776.0184557,8,683,531
1755830776.0184557,6,467,344
1755830776.0184557,5,345,490
1755830776.0184557,2,316,510
1755830776.0184557,1,783,473
1755830776.0733998,57,333,142
1755830776.0733998,55,318,177
1755830776.0733998,54,340,371
1755830776.0733998,53,428,356
1755830776.0733998,51,491,480
1755830776.0733998,48,537,461
1755830776.0733998,47,426,554
1755830776.0733998,43,346,422
1755830776.0733998,31,342,330
1755830776.0733998,24,545,391
1755830776.0733998,17,674,403
1755830776.0733998,10,536,571
1755830776.0733998,8,683,531
1755830776.0733998,6,466,342
1755830776.0733998,5,345,491
1755830776.0733998,2,319,512
1755830776.0733998,1,784,474
1755830776.134853,57,334,143
1755830776.134853,55,318,177
1755830776.134853,54,339,367
1755830776.134853,53,432,356
1755830776.134853,51,493,480
1755830776.134853,48,542,460
1755830776.134853,47,425,553
1755830776.134853,43,345,419
1755830776.134853,31,342,329
1755830776.134853,24,547,389
1755830776.134853,17,675,404
1755830776.134853,10,535,571
1755830776.134853,8,683,531
1755830776.134853,6,466,340
1755830776.134853,5,345,491
1755830776.134853,2,323,514
1755830776.134853,1,786,474
1755830776.1940374,57,335,143
1755830776.1940374,55,317,176
1755830776.1940374,54,339,365
1755830776.1940374,53,438,355
1755830776.1940374,51,498,480
1755830776.1940374,48,546,459
1755830776.1940374,47,424,553
1755830776.1940374,43,344,416
1755830776.1940374,31,342,327
1755830776.1940374,24,547,387
1755830776.1940374,17,678,405
1755830776.1940374,10,534,571
1755830776.1940374,8,683,531
1755830776.1940374,6,463,337
1755830776.1940374,5,344,490
1755830776.1940374,2,325,515
1755830776.1940374,1,787,475
1755830776.2533886,57,336,143
1755830776.2533886,55,318,176
1755830776.2533886,54,339,363
1755830776.2533886,53,441,355
1755830776.2533886,51,501,480
1755830776.2533886,48,552,457
1755830776.2533886,47,424,552
1755830776.2533886,43,345,414
1755830776.2533886,31,342,326
1755830776.2533886,24,547,386
1755830776.2533886,17,681,407
1755830776.2533886,10,534,571
1755830776.2533886,8,683,531
1755830776.2533886,6,461,336
1755830776.2533886,5,344,490
1755830776.2533886,2,327,515
1755830776.2533886,1,787,475
1755830776.310241,57,339,144
1755830776.310241,55,318,176
1755830776.310241,54,338,360
1755830776.310241,53,444,355
1755830776.310241,51,505,480
1755830776.310241,48,558,456
1755830776.310241,47,423,552
1755830776.310241,43,347,412
1755830776.310241,31,341,324
1755830776.310241,24,549,384
1755830776.310241,17,684,410
1755830776.310241,10,534,571
1755830776.310241,8,683,532
1755830776.310241,6,457,334
1755830776.310241,5,343,490
1755830776.310241,2,331,518
1755830776.310241,1,789,475
1755830776.3686628,57,340,145
1755830776.3686628,55,318,176
1755830776.3686628,54,336,358
1755830776.3686628,53,449,356
1755830776.3686628,51,509,479
1755830776.3686628,48,564,454
1755830776.3686628,47,423,551
1755830776.3686628,43,348,408
1755830776.3686628,31,340,322
1755830776.3686628,24,550,383
1755830776.3686628,17,686,412
1755830776.3686628,10,534,571
1755830776.3686628,8,683,532
1755830776.3686628,6,454,333
1755830776.3686628,5,343,489
1755830776.3686628,2,335,519
1755830776.3686628,1,791,475
1755830776.4254727,60,305,203
1755830776.4254727,57,341,145
1755830776.4254727,55,319,177
1755830776.4254727,54,335,356
1755830776.4254727,53,453,356
1755830776.4254727,51,512,479
1755830776.4254727,48,568,453
1755830776.4254727,47,423,551
1755830776.4254727,43,347,405
1755830776.4254727,31,340,320
1755830776.4254727,24,551,383
1755830776.4254727,17,688,414
1755830776.4254727,10,533,571
1755830776.4254727,8,683,532
1755830776.4254727,6,452,331
1755830776.4254727,5,343,489
1755830776.4254727,2,340,520
1755830776.4254727,1,792,475
1755830776.4870276,60,305,203
1755830776.4870276,57,342,145
1755830776.4870276,55,319,177
1755830776.4870276,54,335,355
1755830776.4870276,53,457,357
1755830776.4870276,51,516,479
1755830776.4870276,48,572,452
1755830776.4870276,47,423,550
1755830776.4870276,43,347,402
1755830776.4870276,31,340,319
1755830776.4870276,24,552,381
1755830776.4870276,17,691,415
1755830776.4870276,10,533,571
1755830776.4870276,8,683,532
1755830776.4870276,6,451,330
1755830776.4870276,5,343,490
1755830776.4870276,2,345,521
1755830776.4870276,1,794,476
1755830776.5525072,60,305,203
1755830776.5525072,57,343,145
1755830776.5525072,55,319,177
1755830776.5525072,54,335,353
1755830776.5525072,53,459,356
1755830776.5525072,51,520,479
1755830776.5525072,48,575,451
1755830776.5525072,47,422,549
1755830776.5525072,43,346,400
1755830776.5525072,31,340,317
1755830776.5525072,24,554,379
1755830776.5525072,17,693,417
1755830776.5525072,10,533,571
1755830776.5525072,8,683,532
1755830776.5525072,6,448,329
1755830776.5525072,5,343,490
1755830776.5525072,2,348,522
1755830776.5525072,1,797,476
1755830776.6111073,60,305,203
1755830776.6111073,57,346,146
1755830776.6111073,55,320,176
1755830776.6111073,54,335,350
1755830776.6111073,53,464,357
1755830776.6111073,51,524,477
1755830776.6111073,48,581,449
1755830776.6111073,47,422,548
1755830776.6111073,43,346,397
1755830776.6111073,31,340,315
1755830776.6111073,24,555,378
1755830776.6111073,17,695,418
1755830776.6111073,10,533,571
1755830776.6111073,8,683,532
1755830776.6111073,6,445,328
1755830776.6111073,5,343,489
1755830776.6111073,2,351,524
1755830776.6111073,1,799,475
1755830776.670351,60,305,203
1755830776.670351,57,348,147
1755830776.670351,55,320,177
1755830776.670351,54,335,347
1755830776.670351,53,467,357
1755830776.670351,51,526,477
1755830776.670351,48,586,446
1755830776.670351,47,421,547
1755830776.670351,43,347,394
1755830776.670351,31,340,313
1755830776.670351,24,556,377
1755830776.670351,17,699,419
1755830776.670351,10,534,571
1755830776.670351,8,683,532
1755830776.670351,6,443,328
1755830776.670351,5,342,489
1755830776.670351,2,354,524
1755830776.670351,1,800,475
1755830776.728165,60,304,204
1755830776.728165,57,346,146
1755830776.728165,55,321,176
1755830776.728165,53,473,358
1755830776.728165,51,529,476
1755830776.728165,48,591,445
1755830776.728165,47,421,545
1755830776.728165,43,348,393
1755830776.728165,31,340,312
1755830776.728165,24,556,377
1755830776.728165,17,701,421
1755830776.728165,10,534,571
1755830776.728165,8,683,533
1755830776.728165,6,440,328
1755830776.728165,5,341,489
1755830776.728165,2,358,525
1755830776.728165,1,802,475
1755830776.7878847,60,304,204
1755830776.7878847,57,353,148
1755830776.7878847,55,321,175
1755830776.7878847,53,477,358
1755830776.7878847,51,532,475
1755830776.7878847,48,595,442
1755830776.7878847,47,420,544
1755830776.7878847,43,348,391
1755830776.7878847,31,339,309
1755830776.7878847,24,556,377
1755830776.7878847,17,705,423
1755830776.7878847,10,534,571
1755830776.7878847,8,683,533
1755830776.7878847,6,439,327
1755830776.7878847,5,341,489
1755830776.7878847,2,363,526
1755830776.7878847,1,804,475
1755830776.846797,60,304,205
1755830776.846797,57,354,149
1755830776.846797,55,323,174
1755830776.846797,53,481,358
1755830776.846797,51,535,473
1755830776.846797,48,599,440
1755830776.846797,47,419,543
1755830776.846797,43,348,389
1755830776.846797,31,337,307
1755830776.846797,24,557,377
1755830776.846797,17,708,424
1755830776.846797,10,534,570
1755830776.846797,8,683,532
1755830776.846797,6,436,325
1755830776.846797,5,340,489
1755830776.846797,2,366,526
1755830776.846797,1,804,475
1755830776.90681,60,305,205
1755830776.90681,57,360,151
1755830776.90681,55,325,173
1755830776.90681,53,485,358
1755830776.90681,51,537,472
1755830776.90681,48,602,438
1755830776.90681,47,417,543
1755830776.90681,43,348,386
1755830776.90681,31,337,305
1755830776.90681,24,558,377
1755830776.90681,17,711,424
1755830776.90681,10,534,570
1755830776.90681,8,683,532
1755830776.90681,6,434,324
1755830776.90681,5,341,488
1755830776.90681,2,369,526
1755830776.90681,1,806,476
1755830776.9675438,60,305,205
1755830776.9675438,57,366,153
1755830776.9675438,55,326,171
1755830776.9675438,53,489,359
1755830776.9675438,51,538,470
1755830776.9675438,48,605,436
1755830776.9675438,47,416,543
1755830776.9675438,43,348,384
1755830776.9675438,31,336,304
1755830776.9675438,24,560,376
1755830776.9675438,17,714,424
1755830776.9675438,10,534,571
1755830776.9675438,8,683,532
1755830776.9675438,6,431,322
1755830776.9675438,5,341,488
1755830776.9675438,2,372,526
1755830776.9675438,1,808,476
1755830777.0242038,60,306,206
1755830777.0242038,57,369,155
1755830777.0242038,55,328,170
1755830777.0242038,54,335,318
1755830777.0242038,53,492,359
1755830777.0242038,51,539,469
1755830777.0242038,48,608,434
1755830777.0242038,47,415,544
1755830777.0242038,43,348,382
1755830777.0242038,31,336,302
1755830777.0242038,24,562,376
1755830777.0242038,17,715,425
1755830777.0242038,10,533,571
1755830777.0242038,8,683,532
1755830777.0242038,6,429,321
1755830777.0242038,5,341,488
1755830777.0242038,2,376,527
1755830777.0242038,1,810,476
1755830777.084085,60,306,209
1755830777.084085,57,371,155
1755830777.084085,55,330,170
1755830777.084085,53,495,359
1755830777.084085,51,539,468
1755830777.084085,48,610,432
1755830777.084085,47,416,544
1755830777.084085,43,348,380
1755830777.084085,31,336,302
1755830777.084085,24,564,376
1755830777.084085,17,719,428
1755830777.084085,10,533,571
1755830777.084085,8,683,533
1755830777.084085,6,426,320
1755830777.084085,5,342,488
1755830777.084085,2,379,527
1755830777.084085,1,812,477
1755830777.1421194,60,305,210
1755830777.1421194,57,372,156
1755830777.1421194,55,330,170
1755830777.1421194,53,498,358
1755830777.1421194,51,540,467
1755830777.1421194,48,611,431
1755830777.1421194,47,416,544
1755830777.1421194,43,348,379
1755830777.1421194,31,335,301
1755830777.1421194,24,564,375
1755830777.1421194,17,721,429
1755830777.1421194,10,534,571
1755830777.1421194,8,683,533
1755830777.1421194,6,424,319
1755830777.1421194,5,343,488
1755830777.1421194,2,383,526
1755830777.1421194,1,813,477
1755830777.2021923,60,305,210
1755830777.2021923,57,374,157
1755830777.2021923,55,330,169
1755830777.2021923,53,501,358
1755830777.2021923,51,539,465
1755830777.2021923,48,613,428
1755830777.2021923,47,417,544
1755830777.2021923,43,348,378
1755830777.2021923,24,564,375
1755830777.2021923,17,725,431
1755830777.2021923,10,534,571
1755830777.2021923,8,683,533
1755830777.2021923,6,422,317
1755830777.2021923,5,343,488
1755830777.2021923,2,386,526
1755830777.2021923,1,814,477
1755830777.2592723,60,305,211
1755830777.2592723,57,376,158
1755830777.2592723,55,330,168
1755830777.2592723,54,336,301
1755830777.2592723,53,503,357
1755830777.2592723,51,539,463
1755830777.2592723,48,615,426
1755830777.2592723,47,416,544
1755830777.2592723,43,349,377
1755830777.2592723,24,565,376
1755830777.2592723,17,728,432
1755830777.2592723,10,534,570
1755830777.2592723,8,684,533
1755830777.2592723,6,421,316
1755830777.2592723,5,343,487
1755830777.2592723,2,390,525
1755830777.2592723,1,816,477
1755830777.3218472,60,305,211
1755830777.3218472,57,379,160
1755830777.3218472,55,330,167
1755830777.3218472,53,505,356
1755830777.3218472,51,539,461
1755830777.3218472,48,615,425
1755830777.3218472,47,416,543
1755830777.3218472,43,349,376
1755830777.3218472,24,565,375
1755830777.3218472,17,731,434
1755830777.3218472,10,534,570
1755830777.3218472,8,684,532
1755830777.3218472,6,419,315
1755830777.3218472,5,343,487
1755830777.3218472,2,393,525
1755830777.3218472,1,818,477
1755830777.3810523,60,305,212
1755830777.3810523,57,378,160
1755830777.3810523,55,330,166
1755830777.3810523,53,507,355
1755830777.3810523,51,538,460
1755830777.3810523,48,615,423
1755830777.3810523,47,416,543
1755830777.3810523,43,349,375
1755830777.3810523,24,565,375
1755830777.3810523,17,735,434
1755830777.3810523,10,535,570
1755830777.3810523,8,683,532
1755830777.3810523,6,417,313
1755830777.3810523,5,343,487
1755830777.3810523,2,394,525
1755830777.3810523,1,820,477
1755830777.4401267,60,305,213
1755830777.4401267,57,379,162
1755830777.4401267,55,331,166
1755830777.4401267,54,333,309
1755830777.4401267,53,507,354
1755830777.4401267,51,537,458
1755830777.4401267,48,615,422
1755830777.4401267,47,415,542
1755830777.4401267,43,350,375
1755830777.4401267,24,565,375
1755830777.4401267,17,736,434
1755830777.4401267,10,535,570
1755830777.4401267,8,683,533
1755830777.4401267,6,416,311
1755830777.4401267,5,343,487
1755830777.4401267,1,821,477
1755830777.5024092,60,305,214
1755830777.5024092,57,383,163
1755830777.5024092,55,332,167
1755830777.5024092,54,334,310
1755830777.5024092,53,508,353
1755830777.5024092,51,538,457
1755830777.5024092,48,615,419
1755830777.5024092,47,416,540
1755830777.5024092,43,350,374
1755830777.5024092,24,566,375
1755830777.5024092,17,741,435
1755830777.5024092,10,535,570
1755830777.5024092,8,684,533
1755830777.5024092,6,416,309
1755830777.5024092,5,344,487
1755830777.5024092,1,822,477
1755830777.5627127,60,306,215
1755830777.5627127,57,385,163
1755830777.5627127,55,330,166
1755830777.5627127,54,335,310
1755830777.5627127,53,509,350
1755830777.5627127,51,538,455
1755830777.5627127,48,614,417
1755830777.5627127,47,417,539
1755830777.5627127,43,351,373
1755830777.5627127,24,566,375
1755830777.5627127,17,746,436
1755830777.5627127,10,535,570
1755830777.5627127,8,684,532
1755830777.5627127,6,414,307
1755830777.5627127,5,345,487
1755830777.5627127,1,823,477
1755830777.6253045,60,306,216
1755830777.6253045,57,386,165
1755830777.6253045,55,326,163
1755830777.6253045,54,341,309
1755830777.6253045,53,512,349
1755830777.6253045,51,537,453
1755830777.6253045,48,614,416
1755830777.6253045,47,417,539
1755830777.6253045,43,350,370
1755830777.6253045,24,567,375
1755830777.6253045,17,750,437
1755830777.6253045,10,535,570
1755830777.6253045,8,684,532
1755830777.6253045,6,412,304
1755830777.6253045,5,345,486
1755830777.6253045,1,824,477
1755830777.6850727,60,306,216
1755830777.6850727,57,388,166
1755830777.6850727,55,325,161
1755830777.6850727,54,346,310
1755830777.6850727,53,514,348
1755830777.6850727,51,537,451
1755830777.6850727,48,615,412
1755830777.6850727,47,417,538
1755830777.6850727,43,350,368
1755830777.6850727,24,568,375
1755830777.6850727,17,754,437
1755830777.6850727,10,534,570
1755830777.6850727,8,684,532
1755830777.6850727,6,410,302
1755830777.6850727,5,345,486
1755830777.6850727,1,826,477
1755830777.7449276,63,362,188
1755830777.7449276,60,306,217
1755830777.7449276,57,389,166
1755830777.7449276,55,324,160
1755830777.7449276,54,347,309
1755830777.7449276,53,516,346
1755830777.7449276,51,537,450
1755830777.7449276,48,616,408
1755830777.7449276,47,418,537
1755830777.7449276,43,350,367
1755830777.7449276,24,570,376
1755830777.7449276,17,758,437
1755830777.7449276,10,534,570
1755830777.7449276,8,683,532
1755830777.7449276,6,408,299
1755830777.7449276,5,345,485
1755830777.7449276,1,828,477
1755830777.806208,63,360,188
1755830777.806208,60,306,217
1755830777.806208,57,389,166
1755830777.806208,55,324,159
1755830777.806208,54,348,307
1755830777.806208,53,517,345
1755830777.806208,51,537,448
1755830777.806208,48,616,406
1755830777.806208,47,418,537
1755830777.806208,43,352,366
1755830777.806208,24,570,376
1755830777.806208,17,762,437
1755830777.806208,10,534,570
1755830777.806208,8,683,531
1755830777.806208,6,407,298
1755830777.806208,5,345,485
1755830777.806208,1,830,477
1755830777.865103,64,329,270
1755830777.865103,63,358,188
1755830777.865103,60,306,218
1755830777.865103,57,390,166
1755830777.865103,55,324,157
1755830777.865103,54,339,301
1755830777.865103,53,518,343
1755830777.865103,51,538,446
1755830777.865103,48,616,405
1755830777.865103,47,420,536
1755830777.865103,43,351,365
1755830777.865103,24,571,376
1755830777.865103,17,767,437
1755830777.865103,10,535,570
1755830777.865103,8,684,531
1755830777.865103,6,405,296
1755830777.865103,5,345,484
1755830777.865103,1,833,478
1755830777.924621,64,328,271
1755830777.924621,63,345,178
1755830777.924621,60,306,218
1755830777.924621,57,392,167
1755830777.924621,55,324,158
1755830777.924621,54,348,301
1755830777.924621,53,519,341
1755830777.924621,51,539,442
1755830777.924621,48,617,404
1755830777.924621,47,421,534
1755830777.924621,43,350,363
1755830777.924621,24,572,377
1755830777.924621,17,770,438
1755830777.924621,10,535,570
1755830777.924621,8,684,531
1755830777.924621,6,404,294
1755830777.924621,5,345,483
1755830777.924621,1,835,478
1755830777.9858263,64,329,274
1755830777.9858263,63,342,176
1755830777.9858263,60,306,219
1755830777.9858263,57,392,168
1755830777.9858263,55,325,157
1755830777.9858263,54,354,301
1755830777.9858263,53,519,339
1755830777.9858263,51,538,440
1755830777.9858263,48,618,402
1755830777.9858263,47,422,533
1755830777.9858263,43,348,361
1755830777.9858263,24,572,376
1755830777.9858263,17,773,437
1755830777.9858263,10,535,570
1755830777.9858263,8,683,530
1755830777.9858263,6,403,292
1755830777.9858263,5,345,482
1755830777.9858263,1,837,479
1755830778.0447125,64,329,274
1755830778.0447125,63,340,178
1755830778.0447125,57,393,168
1755830778.0447125,55,324,153
1755830778.0447125,54,356,301
1755830778.0447125,53,520,337
1755830778.0447125,51,538,438
1755830778.0447125,48,620,399
1755830778.0447125,47,422,533
1755830778.0447125,43,347,359
1755830778.0447125,24,573,376
1755830778.0447125,17,775,437
1755830778.0447125,10,535,570
1755830778.0447125,8,683,530
1755830778.0447125,6,403,291
1755830778.0447125,5,345,482
1755830778.0447125,1,838,479
1755830778.1051824,64,333,275
1755830778.1051824,63,335,174
1755830778.1051824,57,394,172
1755830778.1051824,55,322,149
1755830778.1051824,54,359,301
1755830778.1051824,53,520,335
1755830778.1051824,51,538,436
1755830778.1051824,48,620,394
1755830778.1051824,47,426,532
1755830778.1051824,43,347,357
1755830778.1051824,24,573,375
1755830778.1051824,17,779,437
1755830778.1051824,10,535,570
1755830778.1051824,8,683,531
1755830778.1051824,6,400,290
1755830778.1051824,5,345,481
1755830778.1051824,1,840,480
1755830778.162632,64,336,275
1755830778.162632,63,333,171
1755830778.162632,57,394,174
1755830778.162632,55,320,148
1755830778.162632,54,357,297
1755830778.162632,53,520,334
1755830778.162632,51,537,435
1755830778.162632,48,620,390
1755830778.162632,47,426,531
1755830778.162632,43,347,355
1755830778.162632,24,573,373
1755830778.162632,17,783,437
1755830778.162632,10,534,570
1755830778.162632,8,684,531
1755830778.162632,6,400,289
1755830778.162632,5,345,480
1755830778.162632,1,842,480
1755830778.2228613,65,375,197
1755830778.2228613,64,340,276
1755830778.2228613,63,329,164
1755830778.2228613,60,307,221
1755830778.2228613,57,395,174
1755830778.2228613,55,321,148
1755830778.2228613,54,353,287
1755830778.2228613,53,519,331
1755830778.2228613,51,538,433
1755830778.2228613,48,619,387
1755830778.2228613,47,421,535
1755830778.2228613,43,346,352
1755830778.2228613,24,572,373
1755830778.2228613,17,787,437
1755830778.2228613,10,534,570
1755830778.2228613,8,684,532
1755830778.2228613,6,398,287
1755830778.2228613,5,344,479
1755830778.2228613,1,844,480
1755830778.283447,65,376,198
1755830778.283447,64,343,276
1755830778.283447,63,326,158
1755830778.283447,57,396,175
1755830778.283447,55,322,149
1755830778.283447,54,352,286
1755830778.283447,53,521,328
1755830778.283447,51,538,431
1755830778.283447,48,619,385
1755830778.283447,47,417,537
1755830778.283447,43,346,349
1755830778.283447,24,573,373
1755830778.283447,17,789,437
1755830778.283447,10,533,570
1755830778.283447,8,684,532
1755830778.283447,6,397,286
1755830778.283447,5,344,478
1755830778.283447,1,845,480
1755830778.342526,65,377,199
1755830778.342526,64,345,276
1755830778.342526,63,325,153
1755830778.342526,57,398,176
1755830778.342526,55,319,146
1755830778.342526,53,521,325
1755830778.342526,51,537,428
1755830778.342526,48,619,383
1755830778.342526,47,416,538
1755830778.342526,43,345,347
1755830778.342526,24,573,372
1755830778.342526,17,792,437
1755830778.342526,10,532,571
1755830778.342526,8,683,532
1755830778.342526,6,395,282
1755830778.342526,5,345,478
1755830778.342526,1,846,480
1755830778.403188,65,377,200
1755830778.403188,64,344,273
1755830778.403188,63,326,153
1755830778.403188,60,307,225
1755830778.403188,57,400,177
1755830778.403188,55,318,145
1755830778.403188,53,523,323
1755830778.403188,51,537,426
1755830778.403188,48,619,381
1755830778.403188,47,415,538
1755830778.403188,43,345,345
1755830778.403188,24,574,371
1755830778.403188,17,795,437
1755830778.403188,10,531,571
1755830778.403188,8,684,532
1755830778.403188,6,393,279
1755830778.403188,5,345,477
1755830778.403188,1,847,480
1755830778.46166,65,378,200
1755830778.46166,64,345,275
1755830778.46166,60,306,225
1755830778.46166,57,399,177
1755830778.46166,55,320,146
1755830778.46166,53,524,322
1755830778.46166,51,536,424
1755830778.46166,48,619,379
1755830778.46166,47,414,538
1755830778.46166,43,344,342
1755830778.46166,24,574,371
1755830778.46166,17,798,437
1755830778.46166,10,529,570
1755830778.46166,8,684,532
1755830778.46166,6,393,276
1755830778.46166,5,346,477
1755830778.46166,1,848,480
1755830778.5207448,65,379,202
1755830778.5207448,60,308,225
1755830778.5207448,57,399,176
1755830778.5207448,55,320,144
1755830778.5207448,53,524,321
1755830778.5207448,51,536,422
1755830778.5207448,48,619,376
1755830778.5207448,47,413,539
1755830778.5207448,43,344,340
1755830778.5207448,24,574,370
1755830778.5207448,17,799,437
1755830778.5207448,10,527,569
1755830778.5207448,8,684,533
1755830778.5207448,6,392,274
1755830778.5207448,5,346,477
1755830778.5207448,1,851,480
1755830778.5815067,65,380,202
1755830778.5815067,63,324,145
1755830778.5815067,60,309,226
1755830778.5815067,57,398,175
1755830778.5815067,55,319,142
1755830778.5815067,53,523,319
1755830778.5815067,51,534,417
1755830778.5815067,48,617,373
1755830778.5815067,47,412,539
1755830778.5815067,43,345,337
1755830778.5815067,24,573,370
1755830778.5815067,17,803,437
1755830778.5815067,10,526,569
1755830778.5815067,8,685,534
1755830778.5815067,6,391,272
1755830778.5815067,5,346,476
1755830778.5815067,1,853,481
1755830778.644331,66,455,530
1755830778.644331,65,383,202
1755830778.644331,63,324,143
1755830778.644331,60,314,230
1755830778.644331,57,398,175
1755830778.644331,55,319,141
1755830778.644331,53,521,311
1755830778.644331,51,534,414
1755830778.644331,48,616,371
1755830778.644331,47,412,539
1755830778.644331,43,345,335
1755830778.644331,24,572,370
1755830778.644331,17,808,437
1755830778.644331,10,525,568
1755830778.644331,8,685,534
1755830778.644331,6,391,271
1755830778.644331,5,347,476
1755830778.644331,1,855,481
1755830778.7044718,67,334,167
1755830778.7044718,66,456,532
1755830778.7044718,65,384,203
1755830778.7044718,60,318,230
1755830778.7044718,57,398,176
1755830778.7044718,55,319,140
1755830778.7044718,53,520,307
1755830778.7044718,51,533,411
1755830778.7044718,48,615,368
1755830778.7044718,47,412,538
1755830778.7044718,43,345,332
1755830778.7044718,24,572,370
1755830778.7044718,17,810,437
1755830778.7044718,10,523,567
1755830778.7044718,8,685,534
1755830778.7044718,6,390,269
1755830778.7044718,5,346,475
1755830778.7044718,1,855,481
1755830778.7668953,67,334,167
1755830778.7668953,66,458,532
1755830778.7668953,65,387,204
1755830778.7668953,60,315,227
1755830778.7668953,57,399,175
1755830778.7668953,55,319,139
1755830778.7668953,53,519,303
1755830778.7668953,51,531,409
1755830778.7668953,48,613,365
1755830778.7668953,47,411,537
1755830778.7668953,43,346,330
1755830778.7668953,24,573,369
1755830778.7668953,17,812,437
1755830778.7668953,10,522,565
1755830778.7668953,8,685,534
1755830778.7668953,6,391,268
1755830778.7668953,5,346,474
1755830778.7668953,1,856,481
1755830778.8257403,67,332,168
1755830778.8257403,66,460,534
1755830778.8257403,65,389,205
1755830778.8257403,60,316,226
1755830778.8257403,57,399,176
1755830778.8257403,55,318,139
1755830778.8257403,53,518,300
1755830778.8257403,51,528,404
1755830778.8257403,48,610,364
1755830778.8257403,47,411,536
1755830778.8257403,43,347,328
1755830778.8257403,24,574,369
1755830778.8257403,17,816,437
1755830778.8257403,10,522,563
1755830778.8257403,8,685,533
1755830778.8257403,6,390,268
1755830778.8257403,5,345,473
1755830778.8257403,1,856,481
1755830778.8856838,68,330,258
1755830778.8856838,67,331,168
1755830778.8856838,66,457,530
1755830778.8856838,65,391,205
1755830778.8856838,60,320,226
1755830778.8856838,57,400,176
1755830778.8856838,55,319,138
1755830778.8856838,53,515,298
1755830778.8856838,51,526,400
1755830778.8856838,48,608,361
1755830778.8856838,47,407,535
1755830778.8856838,43,347,325
1755830778.8856838,24,576,369
1755830778.8856838,17,819,437
1755830778.8856838,10,521,562
1755830778.8856838,8,685,532
1755830778.8856838,6,390,267
1755830778.8856838,5,345,472
1755830778.8856838,1,857,481
1755830778.94679,68,330,257
1755830778.94679,67,330,170
1755830778.94679,66,457,528
1755830778.94679,65,393,205
1755830778.94679,60,322,226
1755830778.94679,57,399,177
1755830778.94679,55,319,139
1755830778.94679,53,512,296
1755830778.94679,51,524,398
1755830778.94679,48,606,359
1755830778.94679,47,406,535
1755830778.94679,43,346,322
1755830778.94679,24,575,370
1755830778.94679,17,822,436
1755830778.94679,10,520,561
1755830778.94679,8,685,532
1755830778.94679,6,391,267
1755830778.94679,5,345,472
1755830778.94679,1,857,481
1755830779.0058715,68,335,259
1755830779.0058715,67,331,169
1755830779.0058715,66,462,527
1755830779.0058715,65,396,205
1755830779.0058715,60,324,226
1755830779.0058715,57,399,177
1755830779.0058715,55,321,139
1755830779.0058715,53,510,294
1755830779.0058715,51,520,393
1755830779.0058715,48,598,351
1755830779.0058715,47,405,534
1755830779.0058715,43,349,321
1755830779.0058715,24,577,369
1755830779.0058715,17,825,437
1755830779.0058715,10,518,561
1755830779.0058715,8,686,532
1755830779.0058715,6,391,266
1755830779.0058715,5,346,471
1755830779.0058715,1,857,480
1755830779.063798,67,329,169
1755830779.063798,66,463,526
1755830779.063798,65,398,205
1755830779.063798,60,325,227
1755830779.063798,57,399,177
1755830779.063798,55,322,139
1755830779.063798,53,505,293
1755830779.063798,51,517,390
1755830779.063798,48,591,347
1755830779.063798,47,405,534
1755830779.063798,43,349,319
1755830779.063798,24,577,368
1755830779.063798,17,828,438
1755830779.063798,10,516,560
1755830779.063798,8,686,532
1755830779.063798,6,391,264
1755830779.063798,5,346,470
1755830779.063798,1,857,480
1755830779.1223373,67,326,168
1755830779.1223373,66,464,527
1755830779.1223373,65,399,206
1755830779.1223373,60,326,227
1755830779.1223373,57,399,177
1755830779.1223373,55,320,139
1755830779.1223373,53,501,292
1755830779.1223373,51,513,386
1755830779.1223373,48,586,345
1755830779.1223373,47,404,534
1755830779.1223373,43,348,317
1755830779.1223373,24,577,367
1755830779.1223373,17,830,438
1755830779.1223373,10,514,559
1755830779.1223373,8,686,531
1755830779.1223373,6,392,264
1755830779.1223373,5,346,470
1755830779.1223373,1,858,480
1755830779.1831837,67,322,169
1755830779.1831837,66,464,525
1755830779.1831837,65,401,206
1755830779.1831837,60,326,227
1755830779.1831837,57,401,177
1755830779.1831837,55,318,140
1755830779.1831837,53,497,289
1755830779.1831837,51,510,381
1755830779.1831837,48,583,342
1755830779.1831837,47,404,533
1755830779.1831837,43,348,315
1755830779.1831837,24,577,367
1755830779.1831837,17,832,438
1755830779.1831837,10,512,557
1755830779.1831837,8,686,532
1755830779.1831837,6,392,262
1755830779.1831837,5,346,469
1755830779.1831837,1,859,480
1755830779.2417831,67,321,170
1755830779.2417831,66,463,524
1755830779.2417831,65,402,207
1755830779.2417831,60,327,226
1755830779.2417831,57,402,177
1755830779.2417831,55,316,141
1755830779.2417831,53,493,286
1755830779.2417831,51,504,375
1755830779.2417831,48,578,339
1755830779.2417831,47,402,532
1755830779.2417831,43,347,314
1755830779.2417831,24,578,367
1755830779.2417831,17,834,438
1755830779.2417831,10,510,555
1755830779.2417831,8,686,532
1755830779.2417831,6,392,261
1755830779.2417831,5,346,468
1755830779.2417831,1,859,480
1755830779.3035588,66,463,524
1755830779.3035588,65,404,207
1755830779.3035588,60,327,227
1755830779.3035588,57,402,177
1755830779.3035588,55,316,143
1755830779.3035588,53,489,284
1755830779.3035588,51,500,371
1755830779.3035588,48,573,337
1755830779.3035588,47,402,532
1755830779.3035588,43,346,314
1755830779.3035588,24,578,367
1755830779.3035588,17,835,438
1755830779.3035588,10,507,554
1755830779.3035588,8,686,532
1755830779.3035588,6,392,260
1755830779.3035588,5,347,467
1755830779.3035588,1,859,480
1755830779.3631537,66,463,524
1755830779.3631537,65,407,208
1755830779.3631537,60,328,227
1755830779.3631537,57,401,177
1755830779.3631537,53,484,282
1755830779.3631537,51,496,369
1755830779.3631537,48,565,336
1755830779.3631537,47,400,532
1755830779.3631537,43,344,313
1755830779.3631537,24,580,367
1755830779.3631537,17,838,439
1755830779.3631537,10,507,553
1755830779.3631537,8,685,531
1755830779.3631537,6,392,259
1755830779.3631537,5,346,467
1755830779.3631537,1,860,481
1755830779.4215705,66,464,524
1755830779.4215705,65,411,208
1755830779.4215705,60,330,227
1755830779.4215705,57,401,177
1755830779.4215705,53,479,281
1755830779.4215705,51,490,365
1755830779.4215705,48,561,335
1755830779.4215705,47,399,532
1755830779.4215705,43,342,311
1755830779.4215705,24,581,367
1755830779.4215705,17,840,438
1755830779.4215705,10,506,552
1755830779.4215705,8,685,531
1755830779.4215705,6,392,257
1755830779.4215705,5,346,466
1755830779.4215705,1,860,481
1755830779.481716,67,325,173
1755830779.481716,66,466,524
1755830779.481716,65,413,208
1755830779.481716,60,330,227
1755830779.481716,57,400,177
1755830779.481716,53,476,281
1755830779.481716,51,483,362
1755830779.481716,48,555,333
1755830779.481716,47,399,531
1755830779.481716,43,340,309
1755830779.481716,24,582,367
1755830779.481716,17,844,438
1755830779.481716,10,504,551
1755830779.481716,8,685,531
1755830779.481716,6,392,256
1755830779.481716,5,346,465
1755830779.481716,1,861,481
1755830779.5395145,67,324,173
1755830779.5395145,66,468,524
1755830779.5395145,65,416,208
1755830779.5395145,60,331,226
1755830779.5395145,57,401,177
1755830779.5395145,53,473,280
1755830779.5395145,51,476,358
1755830779.5395145,48,549,333
1755830779.5395145,47,398,531
1755830779.5395145,43,339,309
1755830779.5395145,24,584,366
1755830779.5395145,17,846,439
1755830779.5395145,10,502,550
1755830779.5395145,8,685,531
1755830779.5395145,6,392,255
1755830779.5395145,5,346,464
1755830779.5395145,1,862,481
1755830779.5970798,67,324,174
1755830779.5970798,66,469,524
1755830779.5970798,65,419,207
1755830779.5970798,60,334,225
1755830779.5970798,57,401,176
1755830779.5970798,55,315,143
1755830779.5970798,53,471,279
1755830779.5970798,51,471,356
1755830779.5970798,48,541,330
1755830779.5970798,47,398,530
1755830779.5970798,43,338,308
1755830779.5970798,24,585,365
1755830779.5970798,17,848,440
1755830779.5970798,10,501,549
1755830779.5970798,8,685,530
1755830779.5970798,6,392,254
1755830779.5970798,5,345,463
1755830779.5970798,1,861,482
1755830779.6539204,66,472,522
1755830779.6539204,65,421,208
1755830779.6539204,60,335,225
1755830779.6539204,57,401,176
1755830779.6539204,55,316,143
1755830779.6539204,53,465,279
1755830779.6539204,51,466,354
1755830779.6539204,48,536,326
1755830779.6539204,47,398,530
1755830779.6539204,43,338,307
1755830779.6539204,24,586,363
1755830779.6539204,17,850,440
1755830779.6539204,10,499,549
1755830779.6539204,8,684,530
1755830779.6539204,6,392,253
1755830779.6539204,5,345,463
1755830779.6539204,1,862,482
1755830779.7134848,66,478,521
1755830779.7134848,65,422,208
1755830779.7134848,60,335,225
1755830779.7134848,57,400,176
1755830779.7134848,55,316,143
1755830779.7134848,53,461,278
1755830779.7134848,51,459,351
1755830779.7134848,48,531,324
1755830779.7134848,47,397,530
1755830779.7134848,43,339,307
1755830779.7134848,24,587,362
1755830779.7134848,17,851,441
1755830779.7134848,10,498,549
1755830779.7134848,8,684,530
1755830779.7134848,6,393,252
1755830779.7134848,5,345,462
1755830779.7134848,1,862,482
1755830779.7727308,67,322,176
1755830779.7727308,65,422,207
1755830779.7727308,60,336,224
1755830779.7727308,57,401,176
1755830779.7727308,55,315,143
1755830779.7727308,53,457,277
1755830779.7727308,51,454,349
1755830779.7727308,48,527,322
1755830779.7727308,47,397,530
1755830779.7727308,43,339,306
1755830779.7727308,24,588,361
1755830779.7727308,17,853,441
1755830779.7727308,10,494,547
1755830779.7727308,8,684,531
1755830779.7727308,6,393,251
1755830779.7727308,5,345,460
1755830779.7727308,1,861,482
1755830779.8323355,67,322,175
1755830779.8323355,65,421,207
1755830779.8323355,60,338,224
1755830779.8323355,57,400,176
1755830779.8323355,55,315,143
1755830779.8323355,53,455,277
1755830779.8323355,51,450,348
1755830779.8323355,48,523,321
1755830779.8323355,47,396,529
1755830779.8323355,43,339,306
1755830779.8323355,24,588,360
1755830779.8323355,17,854,441
1755830779.8323355,10,491,547
1755830779.8323355,8,684,531
1755830779.8323355,6,393,251
1755830779.8323355,5,345,460
1755830779.8323355,1,861,482
1755830779.8907635,67,322,177
1755830779.8907635,65,424,207
1755830779.8907635,60,342,224
1755830779.8907635,57,400,176
1755830779.8907635,55,315,143
1755830779.8907635,53,452,276
1755830779.8907635,51,444,345
1755830779.8907635,48,515,318
1755830779.8907635,47,395,530
1755830779.8907635,43,338,306
1755830779.8907635,24,590,360
1755830779.8907635,17,857,443
1755830779.8907635,10,489,547
1755830779.8907635,8,684,531
1755830779.8907635,6,393,250
1755830779.8907635,5,346,457
1755830779.8907635,1,863,482
1755830779.95254,67,322,178
1755830779.95254,65,426,208
1755830779.95254,60,344,224
1755830779.95254,57,400,176
1755830779.95254,55,315,143
1755830779.95254,53,448,275
1755830779.95254,51,437,343
1755830779.95254,48,509,317
1755830779.95254,47,394,529
1755830779.95254,43,336,305
1755830779.95254,24,591,359
1755830779.95254,17,858,444
1755830779.95254,10,488,547
1755830779.95254,8,685,531
1755830779.95254,6,393,248
1755830779.95254,5,346,455
1755830779.95254,1,864,483
1755830780.0107641,65,428,208
1755830780.0107641,60,345,223
1755830780.0107641,57,399,176
1755830780.0107641,55,316,143
1755830780.0107641,53,445,273
1755830780.0107641,51,431,341
1755830780.0107641,48,504,317
1755830780.0107641,47,393,529
1755830780.0107641,43,336,304
1755830780.0107641,24,590,357
1755830780.0107641,17,859,445
1755830780.0107641,10,486,546
1755830780.0107641,8,685,531
1755830780.0107641,6,392,246
1755830780.0107641,5,346,453
1755830780.0107641,1,864,483
1755830780.0711355,65,430,208
1755830780.0711355,60,345,222
1755830780.0711355,57,399,175
1755830780.0711355,55,316,144
1755830780.0711355,53,443,273
1755830780.0711355,51,424,340
1755830780.0711355,48,499,315
1755830780.0711355,47,392,529
1755830780.0711355,43,336,303
1755830780.0711355,24,589,356
1755830780.0711355,17,862,445
1755830780.0711355,10,486,545
1755830780.0711355,8,685,531
1755830780.0711355,6,392,245
1755830780.0711355,5,346,452
1755830780.0711355,1,865,483
1755830780.1275241,67,324,180
1755830780.1275241,65,431,208
1755830780.1275241,57,399,175
1755830780.1275241,55,318,144
1755830780.1275241,53,437,272
1755830780.1275241,51,418,338
1755830780.1275241,48,493,314
1755830780.1275241,47,391,529
1755830780.1275241,43,336,302
1755830780.1275241,24,591,354
1755830780.1275241,17,864,446
1755830780.1275241,10,486,543
1755830780.1275241,8,685,531
1755830780.1275241,6,392,244
1755830780.1275241,5,346,451
1755830780.1275241,1,865,483
1755830780.1878011,67,324,180
1755830780.1878011,66,484,522
1755830780.1878011,65,432,207
1755830780.1878011,57,399,175
1755830780.1878011,55,319,144
1755830780.1878011,53,429,271
1755830780.1878011,51,413,337
1755830780.1878011,48,489,314
1755830780.1878011,47,391,528
1755830780.1878011,43,336,300
1755830780.1878011,24,592,350
1755830780.1878011,17,866,448
1755830780.1878011,10,486,542
1755830780.1878011,8,686,531
1755830780.1878011,6,392,243
1755830780.1878011,5,345,450
1755830780.1878011,1,865,483
1755830780.2467577,67,324,180
1755830780.2467577,66,484,521
1755830780.2467577,65,434,207
1755830780.2467577,57,399,175
1755830780.2467577,55,320,145
1755830780.2467577,53,425,271
1755830780.2467577,51,408,335
1755830780.2467577,48,485,312
1755830780.2467577,47,390,528
1755830780.2467577,43,336,297
1755830780.2467577,24,594,348
1755830780.2467577,17,868,449
1755830780.2467577,10,486,542
1755830780.2467577,8,686,531
1755830780.2467577,6,391,240
1755830780.2467577,5,345,449
1755830780.2467577,1,865,483
1755830780.3046298,67,323,181
1755830780.3046298,66,485,520
1755830780.3046298,65,436,208
1755830780.3046298,57,400,175
1755830780.3046298,55,318,145
1755830780.3046298,53,420,271
1755830780.3046298,51,403,335
1755830780.3046298,48,482,312
1755830780.3046298,47,390,529
1755830780.3046298,43,338,297
1755830780.3046298,24,594,348
1755830780.3046298,17,870,450
1755830780.3046298,10,486,541
1755830780.3046298,8,686,531
1755830780.3046298,6,389,237
1755830780.3046298,5,344,447
1755830780.3046298,1,866,483
1755830780.364484,67,323,181
1755830780.364484,66,487,520
1755830780.364484,65,437,209
1755830780.364484,57,400,175
1755830780.364484,55,318,145
1755830780.364484,53,418,271
1755830780.364484,51,396,333
1755830780.364484,48,475,311
1755830780.364484,47,389,528
1755830780.364484,43,339,295
1755830780.364484,24,593,348
1755830780.364484,17,871,452
1755830780.364484,10,487,541
1755830780.364484,8,686,531
1755830780.364484,6,388,235
1755830780.364484,5,345,445
1755830780.364484,1,867,484
1755830780.42375,67,323,181
1755830780.42375,66,488,522
1755830780.42375,65,438,210
1755830780.42375,57,399,175
1755830780.42375,55,319,145
1755830780.42375,53,416,271
1755830780.42375,51,389,332
1755830780.42375,48,469,310
1755830780.42375,47,390,528
1755830780.42375,43,339,293
1755830780.42375,24,592,347
1755830780.42375,17,872,453
1755830780.42375,10,488,540
1755830780.42375,8,686,531
1755830780.42375,6,387,232
1755830780.42375,5,345,444
1755830780.42375,1,865,484
1755830780.4818656,67,323,182
1755830780.4818656,66,490,524
1755830780.4818656,65,441,211
1755830780.4818656,57,398,175
1755830780.4818656,55,320,146
1755830780.4818656,53,415,272
1755830780.4818656,51,384,331
1755830780.4818656,48,464,309
1755830780.4818656,47,388,527
1755830780.4818656,43,339,290
1755830780.4818656,24,591,346
1755830780.4818656,17,874,455
1755830780.4818656,10,488,541
1755830780.4818656,8,686,531
1755830780.4818656,6,385,231
1755830780.4818656,5,345,442
1755830780.4818656,1,864,485
1755830780.5403142,67,323,183
1755830780.5403142,66,491,524
1755830780.5403142,65,442,212
1755830780.5403142,57,398,176
1755830780.5403142,53,413,272
1755830780.5403142,51,381,331
1755830780.5403142,48,457,308
1755830780.5403142,47,387,527
1755830780.5403142,43,339,288
1755830780.5403142,24,586,345
1755830780.5403142,17,876,456
1755830780.5403142,10,487,541
1755830780.5403142,8,686,531
1755830780.5403142,6,384,227
1755830780.5403142,5,345,440
1755830780.5403142,1,864,485
1755830780.6011677,67,323,183
1755830780.6011677,66,493,524
1755830780.6011677,65,444,212
1755830780.6011677,57,398,176
1755830780.6011677,53,412,272
1755830780.6011677,51,376,330
1755830780.6011677,48,451,307
1755830780.6011677,47,386,526
1755830780.6011677,43,339,285
1755830780.6011677,24,582,343
1755830780.6011677,17,877,458
1755830780.6011677,10,486,540
1755830780.6011677,8,686,531
1755830780.6011677,6,384,225
1755830780.6011677,5,345,437
1755830780.6011677,1,865,485
1755830780.659962,67,324,184
1755830780.659962,66,494,526
1755830780.659962,65,446,212
1755830780.659962,57,399,176
1755830780.659962,55,322,150
1755830780.659962,53,408,271
1755830780.659962,51,371,329
1755830780.659962,48,447,307
1755830780.659962,47,385,526
1755830780.659962,43,339,283
1755830780.659962,24,576,341
1755830780.659962,17,878,460
1755830780.659962,10,487,540
1755830780.659962,8,686,531
1755830780.659962,6,384,223
1755830780.659962,5,345,435
1755830780.659962,1,866,485
1755830780.7185879,67,324,184
1755830780.7185879,66,494,527
1755830780.7185879,65,446,211
1755830780.7185879,57,398,176
1755830780.7185879,55,322,150
1755830780.7185879,53,405,271
1755830780.7185879,51,368,329
1755830780.7185879,48,443,306
1755830780.7185879,47,384,526
1755830780.7185879,43,338,281
1755830780.7185879,24,570,340
1755830780.7185879,17,878,461
1755830780.7185879,10,489,539
1755830780.7185879,8,685,530
1755830780.7185879,6,385,222
1755830780.7185879,5,345,434
1755830780.7185879,1,867,485
1755830780.7785242,67,325,182
1755830780.7785242,66,496,525
1755830780.7785242,65,449,212
1755830780.7785242,57,399,176
1755830780.7785242,55,320,152
1755830780.7785242,53,403,271
1755830780.7785242,51,364,330
1755830780.7785242,48,438,305
1755830780.7785242,47,383,526
1755830780.7785242,43,337,279
1755830780.7785242,24,560,339
1755830780.7785242,17,879,461
1755830780.7785242,10,491,540
1755830780.7785242,8,686,530
1755830780.7785242,6,385,221
1755830780.7785242,5,345,432
1755830780.7785242,1,866,486
1755830780.8388238,67,326,181
1755830780.8388238,66,497,526
1755830780.8388238,65,450,213
1755830780.8388238,57,399,176
1755830780.8388238,55,322,153
1755830780.8388238,53,399,271
1755830780.8388238,51,361,328
1755830780.8388238,48,433,304
1755830780.8388238,47,383,526
1755830780.8388238,43,336,277
1755830780.8388238,24,552,337
1755830780.8388238,17,881,462
1755830780.8388238,10,493,541
1755830780.8388238,8,687,530
1755830780.8388238,6,386,221
1755830780.8388238,5,345,431
1755830780.8388238,1,865,487
1755830780.8999226,67,326,180
1755830780.8999226,66,499,526
1755830780.8999226,65,453,214
1755830780.8999226,57,399,176
1755830780.8999226,55,323,155
1755830780.8999226,53,394,269
1755830780.8999226,51,358,327
1755830780.8999226,48,429,304
1755830780.8999226,47,382,525
1755830780.8999226,43,335,275
1755830780.8999226,24,545,335
1755830780.8999226,17,880,463
1755830780.8999226,10,493,541
1755830780.8999226,8,687,530
1755830780.8999226,6,386,221
1755830780.8999226,5,345,429
1755830780.8999226,1,865,487
1755830780.9577124,67,326,180
1755830780.9577124,66,501,527
1755830780.9577124,65,455,214
1755830780.9577124,57,399,176
1755830780.9577124,55,324,155
1755830780.9577124,53,391,269
1755830780.9577124,51,356,326
1755830780.9577124,48,428,303
1755830780.9577124,47,382,525
1755830780.9577124,43,333,273
1755830780.9577124,24,538,334
1755830780.9577124,17,881,465
1755830780.9577124,10,493,541
1755830780.9577124,8,687,530
1755830780.9577124,6,386,219
1755830780.9577124,5,344,426
1755830780.9577124,1,864,488
1755830781.0166585,67,327,179
1755830781.0166585,66,503,528
1755830781.0166585,65,456,214
1755830781.0166585,57,399,175
1755830781.0166585,55,325,156
1755830781.0166585,53,390,268
1755830781.0166585,51,355,324
1755830781.0166585,48,426,303
1755830781.0166585,47,382,525
1755830781.0166585,43,332,268
1755830781.0166585,24,528,329
1755830781.0166585,17,882,466
1755830781.0166585,10,491,541
1755830781.0166585,8,687,531
1755830781.0166585,5,344,425
1755830781.0166585,1,863,488
1755830781.0756085,67,328,179
1755830781.0756085,66,507,529
1755830781.0756085,65,457,214
1755830781.0756085,57,400,176
1755830781.0756085,55,326,157
1755830781.0756085,53,388,268
1755830781.0756085,51,354,322
1755830781.0756085,48,423,303
1755830781.0756085,47,382,525
1755830781.0756085,43,332,265
1755830781.0756085,24,522,326
1755830781.0756085,17,882,466
1755830781.0756085,10,491,540
1755830781.0756085,8,687,531
1755830781.0756085,5,343,423
1755830781.0756085,1,863,488
1755830781.134646,69,1053,667
1755830781.134646,67,330,179
1755830781.134646,66,509,529
1755830781.134646,65,458,214
1755830781.134646,57,400,176
1755830781.134646,55,327,158
1755830781.134646,51,353,321
1755830781.134646,48,420,302
1755830781.134646,47,381,524
1755830781.134646,43,333,263
1755830781.134646,24,517,325
1755830781.134646,17,883,467
1755830781.134646,10,491,540
1755830781.134646,8,688,531
1755830781.134646,5,343,420
1755830781.134646,1,863,488
1755830781.1934674,69,1053,668
1755830781.1934674,67,329,180
1755830781.1934674,66,508,529
1755830781.1934674,65,458,216
1755830781.1934674,57,399,176
1755830781.1934674,55,327,157
1755830781.1934674,51,353,320
1755830781.1934674,48,418,302
1755830781.1934674,47,382,524
1755830781.1934674,43,333,262
1755830781.1934674,24,512,324
1755830781.1934674,17,884,469
1755830781.1934674,10,488,540
1755830781.1934674,8,688,531
1755830781.1934674,5,343,417
1755830781.1934674,1,864,489
1755830781.2532039,69,1053,667
1755830781.2532039,67,329,181
1755830781.2532039,66,510,529
1755830781.2532039,65,458,216
1755830781.2532039,57,398,176
1755830781.2532039,55,328,158
1755830781.2532039,51,352,320
1755830781.2532039,48,414,301
1755830781.2532039,47,382,524
1755830781.2532039,43,333,260
1755830781.2532039,24,507,321
1755830781.2532039,17,885,470
1755830781.2532039,10,485,540
1755830781.2532039,8,689,530
1755830781.2532039,6,377,204
1755830781.2532039,5,343,415
1755830781.2532039,1,864,489
1755830781.310786,69,1053,666
1755830781.310786,67,328,182
1755830781.310786,66,513,528
1755830781.310786,65,458,216
1755830781.310786,57,398,176
1755830781.310786,55,328,159
1755830781.310786,51,351,320
1755830781.310786,48,410,301
1755830781.310786,47,381,523
1755830781.310786,24,504,318
1755830781.310786,17,886,472
1755830781.310786,10,483,540
1755830781.310786,8,688,530
1755830781.310786,6,375,203
1755830781.310786,5,343,413
1755830781.310786,1,863,490
1755830781.3686006,69,1054,666
1755830781.3686006,67,329,184
1755830781.3686006,66,515,529
1755830781.3686006,65,459,217
1755830781.3686006,57,397,176
1755830781.3686006,55,328,160
1755830781.3686006,51,349,320
1755830781.3686006,48,404,301
1755830781.3686006,47,381,523
1755830781.3686006,24,499,317
1755830781.3686006,17,887,474
1755830781.3686006,10,483,540
1755830781.3686006,8,688,531
1755830781.3686006,6,373,202
1755830781.3686006,5,342,410
1755830781.3686006,1,863,490
1755830781.4311836,69,1054,667
1755830781.4311836,67,331,186
1755830781.4311836,66,518,528
1755830781.4311836,65,460,217
1755830781.4311836,57,398,176
1755830781.4311836,55,328,161
1755830781.4311836,51,348,319
1755830781.4311836,48,399,301
1755830781.4311836,47,381,522
1755830781.4311836,43,343,257
1755830781.4311836,24,495,315
1755830781.4311836,17,888,475
1755830781.4311836,10,486,541
1755830781.4311836,8,688,531
1755830781.4311836,6,373,201
1755830781.4311836,5,342,407
1755830781.4311836,1,863,491
1755830781.4920394,69,1054,668
1755830781.4920394,67,334,187
1755830781.4920394,66,522,526
1755830781.4920394,65,462,218
1755830781.4920394,55,328,161
1755830781.4920394,51,347,319
1755830781.4920394,48,396,300
1755830781.4920394,47,380,522
1755830781.4920394,43,342,256
1755830781.4920394,24,491,314
1755830781.4920394,17,888,475
1755830781.4920394,10,487,541
1755830781.4920394,8,688,531
1755830781.4920394,5,342,405
1755830781.4920394,1,863,491
1755830781.5488744,69,1053,667
1755830781.5488744,67,332,187
1755830781.5488744,66,524,526
1755830781.5488744,65,464,219
1755830781.5488744,55,323,161
1755830781.5488744,51,346,319
1755830781.5488744,48,394,300
1755830781.5488744,47,380,521
1755830781.5488744,24,488,312
1755830781.5488744,17,888,475
1755830781.5488744,10,487,540
1755830781.5488744,8,688,531
1755830781.5488744,5,342,402
1755830781.5488744,1,863,492
1755830781.6045618,69,1053,667
1755830781.6045618,67,332,188
1755830781.6045618,66,525,525
1755830781.6045618,65,466,219
1755830781.6045618,55,318,161
1755830781.6045618,51,344,318
1755830781.6045618,48,393,300
1755830781.6045618,47,381,521
1755830781.6045618,24,487,311
1755830781.6045618,17,889,476
1755830781.6045618,10,488,540
1755830781.6045618,8,688,531
1755830781.6045618,5,342,401
1755830781.6045618,1,862,492
1755830781.6628432,69,1052,667
1755830781.6628432,67,332,190
1755830781.6628432,66,528,525
1755830781.6628432,65,469,221
1755830781.6628432,57,400,175
1755830781.6628432,55,327,162
1755830781.6628432,51,341,318
1755830781.6628432,48,390,298
1755830781.6628432,47,381,520
1755830781.6628432,24,485,309
1755830781.6628432,17,889,479
1755830781.6628432,10,489,541
1755830781.6628432,8,687,531
1755830781.6628432,5,342,399
1755830781.6628432,1,862,492
1755830781.7215302,69,1051,667
1755830781.7215302,67,334,189
1755830781.7215302,66,529,523
1755830781.7215302,65,470,222
1755830781.7215302,57,399,176
1755830781.7215302,55,330,163
1755830781.7215302,51,340,317
1755830781.7215302,48,386,298
1755830781.7215302,47,381,520
1755830781.7215302,43,341,252
1755830781.7215302,24,482,306
1755830781.7215302,17,890,480
1755830781.7215302,10,490,541
1755830781.7215302,8,687,531
1755830781.7215302,5,342,397
1755830781.7215302,1,862,492
1755830781.7830548,69,1052,668
1755830781.7830548,66,529,523
1755830781.7830548,65,471,225
1755830781.7830548,57,400,175
1755830781.7830548,55,332,164
1755830781.7830548,51,341,314
1755830781.7830548,48,379,298
1755830781.7830548,47,381,520
1755830781.7830548,43,341,253
1755830781.7830548,24,478,304
1755830781.7830548,17,890,482
1755830781.7830548,10,490,541
1755830781.7830548,8,687,531
1755830781.7830548,5,344,396
1755830781.7830548,1,862,492
1755830781.8404458,69,1053,668
1755830781.8404458,66,530,523
1755830781.8404458,65,471,226
1755830781.8404458,57,400,174
1755830781.8404458,55,333,164
1755830781.8404458,51,341,311
1755830781.8404458,48,375,298
1755830781.8404458,47,380,520
1755830781.8404458,43,342,253
1755830781.8404458,24,475,302
1755830781.8404458,17,886,483
1755830781.8404458,10,490,542
1755830781.8404458,8,687,531
1755830781.8404458,5,344,394
1755830781.8404458,1,864,491
1755830781.898834,70,311,145
1755830781.898834,69,1052,667
1755830781.898834,66,532,524
1755830781.898834,65,471,228
1755830781.898834,57,400,174
1755830781.898834,55,331,165
1755830781.898834,51,340,311
1755830781.898834,48,375,297
1755830781.898834,47,379,520
1755830781.898834,43,342,253
1755830781.898834,24,472,300
1755830781.898834,17,883,484
1755830781.898834,10,489,542
1755830781.898834,8,688,531
1755830781.898834,5,344,392
1755830781.898834,1,866,491
1755830781.956817,70,311,145
1755830781.956817,69,1054,667
1755830781.956817,66,532,524
1755830781.956817,65,471,229
1755830781.956817,57,403,174
1755830781.956817,55,330,165
1755830781.956817,51,341,311
1755830781.956817,48,375,298
1755830781.956817,47,378,519
1755830781.956817,43,341,253
1755830781.956817,24,470,299
1755830781.956817,17,882,485
1755830781.956817,10,489,542
1755830781.956817,8,688,531
1755830781.956817,5,343,390
1755830781.956817,1,867,492
1755830782.0156143,70,311,145
1755830782.0156143,69,1055,667
1755830782.0156143,66,534,524
1755830782.0156143,65,469,231
1755830782.0156143,57,405,174
1755830782.0156143,55,330,166
1755830782.0156143,51,340,310
1755830782.0156143,47,378,519
1755830782.0156143,43,340,253
1755830782.0156143,24,469,299
1755830782.0156143,17,881,485
1755830782.0156143,10,488,541
1755830782.0156143,8,688,531
1755830782.0156143,5,343,389
1755830782.0156143,1,867,492
1755830782.073892,70,312,145
1755830782.073892,69,1055,667
1755830782.073892,66,539,524
1755830782.073892,65,467,233
1755830782.073892,57,408,175
1755830782.073892,55,331,167
1755830782.073892,51,341,308
1755830782.073892,47,377,519
1755830782.073892,43,339,252
1755830782.073892,24,467,299
1755830782.073892,17,886,484
1755830782.073892,10,488,541
1755830782.073892,8,688,531
1755830782.073892,5,344,388
1755830782.073892,1,864,493
1755830782.1326652,70,313,149
1755830782.1326652,69,1055,667
1755830782.1326652,66,543,524
1755830782.1326652,65,462,234
1755830782.1326652,57,411,177
1755830782.1326652,55,333,168
1755830782.1326652,51,340,307
1755830782.1326652,47,378,519
1755830782.1326652,43,340,252
1755830782.1326652,24,466,298
1755830782.1326652,17,887,484
1755830782.1326652,10,488,541
1755830782.1326652,8,688,531
1755830782.1326652,5,344,386
1755830782.1326652,1,863,493
1755830782.19024,70,314,149
1755830782.19024,69,1055,667
1755830782.19024,66,546,524
1755830782.19024,65,459,235
1755830782.19024,57,414,176
1755830782.19024,55,333,168
1755830782.19024,51,340,307
1755830782.19024,47,378,519
1755830782.19024,43,340,252
1755830782.19024,24,464,297
1755830782.19024,17,886,485
1755830782.19024,10,488,541
1755830782.19024,8,688,532
1755830782.19024,5,344,384
1755830782.19024,1,863,493
1755830782.2476692,70,313,149
1755830782.2476692,69,1054,667
1755830782.2476692,66,548,523
1755830782.2476692,65,457,237
1755830782.2476692,57,413,178
1755830782.2476692,55,334,168
1755830782.2476692,51,338,306
1755830782.2476692,47,379,518
1755830782.2476692,43,340,252
1755830782.2476692,24,464,297
1755830782.2476692,17,886,486
1755830782.2476692,10,488,540
1755830782.2476692,8,687,531
1755830782.2476692,5,345,383
1755830782.2476692,1,863,494
1755830782.3051012,70,312,150
1755830782.3051012,69,1055,667
1755830782.3051012,66,553,524
1755830782.3051012,65,454,238
1755830782.3051012,57,415,178
1755830782.3051012,55,336,169
1755830782.3051012,51,334,305
1755830782.3051012,47,378,517
1755830782.3051012,43,341,252
1755830782.3051012,17,884,487
1755830782.3051012,10,489,540
1755830782.3051012,8,687,531
1755830782.3051012,5,345,381
1755830782.3051012,1,864,494
1755830782.3638906,70,311,151
1755830782.3638906,69,1055,667
1755830782.3638906,66,558,525
1755830782.3638906,65,451,239
1755830782.3638906,57,417,178
1755830782.3638906,55,335,172
1755830782.3638906,51,333,304
1755830782.3638906,47,378,517
1755830782.3638906,43,341,252
1755830782.3638906,17,882,488
1755830782.3638906,10,489,540
1755830782.3638906,8,687,531
1755830782.3638906,5,347,380
1755830782.3638906,1,866,494
1755830782.4199798,70,310,151
1755830782.4199798,69,1055,666
1755830782.4199798,66,560,525
1755830782.4199798,65,446,241
1755830782.4199798,57,419,178
1755830782.4199798,55,335,175
1755830782.4199798,51,331,304
1755830782.4199798,47,377,517
1755830782.4199798,43,340,252
1755830782.4199798,17,881,487
1755830782.4199798,10,489,540
1755830782.4199798,8,687,531
1755830782.4199798,5,347,380
1755830782.4199798,1,867,494
1755830782.476728,70,310,152
1755830782.476728,69,1056,666
1755830782.476728,66,562,526
1755830782.476728,65,442,242
1755830782.476728,57,420,179
1755830782.476728,55,334,176
1755830782.476728,51,330,303
1755830782.476728,47,377,517
1755830782.476728,43,341,252
1755830782.476728,17,883,487
1755830782.476728,10,489,540
1755830782.476728,8,687,531
1755830782.476728,5,348,379
1755830782.476728,1,866,495
1755830782.5351288,70,310,153
1755830782.5351288,69,1053,667
1755830782.5351288,66,564,525
1755830782.5351288,65,435,243
1755830782.5351288,57,418,180
1755830782.5351288,55,333,178
1755830782.5351288,47,376,515
1755830782.5351288,43,336,251
1755830782.5351288,17,888,485
1755830782.5351288,10,490,540
1755830782.5351288,8,686,531
1755830782.5351288,5,348,377
1755830782.5351288,1,862,496
1755830782.5922582,70,309,155
1755830782.5922582,69,1053,667
1755830782.5922582,66,567,526
1755830782.5922582,65,430,244
1755830782.5922582,57,419,181
1755830782.5922582,55,333,179
1755830782.5922582,47,376,514
1755830782.5922582,43,333,251
1755830782.5922582,17,889,485
1755830782.5922582,10,490,540
1755830782.5922582,8,686,531
1755830782.5922582,5,348,375
1755830782.5922582,1,861,496
1755830782.6504235,71,376,558
1755830782.6504235,70,308,157
1755830782.6504235,69,1054,666
1755830782.6504235,66,569,526
1755830782.6504235,65,425,245
1755830782.6504235,57,420,182
1755830782.6504235,55,330,181
1755830782.6504235,47,377,514
1755830782.6504235,43,333,252
1755830782.6504235,17,888,484
1755830782.6504235,10,490,540
1755830782.6504235,8,686,531
1755830782.6504235,5,349,374
1755830782.6504235,1,861,497
1755830782.7084565,71,377,557
1755830782.7084565,70,307,159
1755830782.7084565,69,1053,667
1755830782.7084565,66,568,526
1755830782.7084565,65,420,246
1755830782.7084565,57,421,182
1755830782.7084565,55,331,180
1755830782.7084565,47,377,514
1755830782.7084565,43,333,252
1755830782.7084565,17,887,485
1755830782.7084565,10,490,539
1755830782.7084565,8,686,531
1755830782.7084565,5,348,372
1755830782.7084565,1,861,497
1755830782.765419,72,446,273
1755830782.765419,70,307,160
1755830782.765419,69,1052,667
1755830782.765419,66,569,526
1755830782.765419,65,415,248
1755830782.765419,57,421,182
1755830782.765419,55,332,181
1755830782.765419,47,377,513
1755830782.765419,43,333,252
1755830782.765419,17,886,485
1755830782.765419,10,490,539
1755830782.765419,8,686,531
1755830782.765419,5,347,370
1755830782.765419,1,859,497
1755830782.824385,70,306,163
1755830782.824385,69,1053,667
1755830782.824385,66,570,526
1755830782.824385,65,410,250
1755830782.824385,57,423,183
1755830782.824385,55,333,181
1755830782.824385,47,377,513
1755830782.824385,43,332,252
1755830782.824385,17,887,485
1755830782.824385,10,490,539
1755830782.824385,8,686,531
1755830782.824385,5,347,369
1755830782.824385,1,858,498
1755830782.8838677,70,305,167
1755830782.8838677,66,572,525
1755830782.8838677,65,403,252
1755830782.8838677,57,424,185
1755830782.8838677,47,377,512
1755830782.8838677,17,889,482
1755830782.8838677,10,489,538
1755830782.8838677,8,686,531
1755830782.8838677,5,347,368
1755830782.8838677,1,857,498
1755830782.9387918,70,307,170
1755830782.9387918,66,573,525
1755830782.9387918,65,395,254
1755830782.9387918,57,423,185
1755830782.9387918,47,376,512
1755830782.9387918,17,891,481
1755830782.9387918,10,488,538
1755830782.9387918,8,686,530
1755830782.9387918,5,347,367
1755830782.9387918,1,856,498
1755830782.9959528,71,376,558
1755830782.9959528,70,307,172
1755830782.9959528,66,574,525
1755830782.9959528,65,390,254
1755830782.9959528,57,423,186
1755830782.9959528,47,376,510
1755830782.9959528,43,333,254
1755830782.9959528,17,892,480
1755830782.9959528,10,485,538
1755830782.9959528,8,686,530
1755830782.9959528,5,347,364
1755830782.9959528,1,856,499
1755830783.0534036,71,376,559
1755830783.0534036,70,308,175
1755830783.0534036,66,577,526
1755830783.0534036,65,385,255
1755830783.0534036,57,423,186
1755830783.0534036,47,376,509
1755830783.0534036,43,331,256
1755830783.0534036,17,891,479
1755830783.0534036,10,484,539
1755830783.0534036,8,686,530
1755830783.0534036,5,347,362
1755830783.0534036,1,854,499
1755830783.1095586,72,438,257
1755830783.1095586,71,376,559
1755830783.1095586,70,308,179
1755830783.1095586,66,578,525
1755830783.1095586,65,383,255
1755830783.1095586,57,422,186
1755830783.1095586,47,376,508
1755830783.1095586,43,330,257
1755830783.1095586,17,892,478
1755830783.1095586,10,483,539
1755830783.1095586,8,686,530
1755830783.1095586,5,347,361
1755830783.1095586,1,853,500
1755830783.1694124,72,438,255
1755830783.1694124,71,376,559
1755830783.1694124,70,309,183
1755830783.1694124,69,1050,668
1755830783.1694124,66,581,526
1755830783.1694124,65,379,255
1755830783.1694124,57,423,187
1755830783.1694124,47,377,507
1755830783.1694124,43,327,258
1755830783.1694124,17,891,478
1755830783.1694124,10,483,539
1755830783.1694124,8,686,529
1755830783.1694124,5,347,360
1755830783.1694124,1,853,501
1755830783.2272623,73,318,289
1755830783.2272623,72,439,254
1755830783.2272623,71,376,558
1755830783.2272623,70,309,186
1755830783.2272623,69,1050,668
1755830783.2272623,66,585,526
1755830783.2272623,65,374,256
1755830783.2272623,57,423,188
1755830783.2272623,47,377,507
1755830783.2272623,43,326,259
1755830783.2272623,17,891,477
1755830783.2272623,10,483,539
1755830783.2272623,8,685,530
1755830783.2272623,5,347,358
1755830783.2272623,1,852,501
1755830783.2857707,75,343,160
1755830783.2857707,73,318,289
1755830783.2857707,72,440,253
1755830783.2857707,70,309,189
1755830783.2857707,69,1051,668
1755830783.2857707,66,588,526
1755830783.2857707,65,371,256
1755830783.2857707,57,422,189
1755830783.2857707,47,378,505
1755830783.2857707,43,323,259
1755830783.2857707,17,890,477
1755830783.2857707,10,485,538
1755830783.2857707,8,685,530
1755830783.2857707,5,348,357
1755830783.2857707,1,852,502
1755830783.3436296,75,349,160
1755830783.3436296,73,317,289
1755830783.3436296,72,440,252
1755830783.3436296,70,310,191
1755830783.3436296,69,1052,668
1755830783.3436296,66,589,526
1755830783.3436296,65,366,258
1755830783.3436296,57,421,189
1755830783.3436296,47,379,504
1755830783.3436296,43,320,260
1755830783.3436296,17,890,477
1755830783.3436296,10,486,538
1755830783.3436296,8,685,529
1755830783.3436296,5,348,356
1755830783.3436296,1,852,502
1755830783.4068627,75,372,166
1755830783.4068627,74,326,223
1755830783.4068627,73,316,290
1755830783.4068627,72,440,251
1755830783.4068627,70,311,192
1755830783.4068627,66,593,526
1755830783.4068627,65,358,261
1755830783.4068627,57,421,189
1755830783.4068627,47,379,503
1755830783.4068627,43,318,261
1755830783.4068627,17,889,475
1755830783.4068627,10,483,537
1755830783.4068627,8,684,530
1755830783.4068627,5,347,354
1755830783.4068627,1,852,502
1755830783.4668596,75,378,167
1755830783.4668596,74,325,219
1755830783.4668596,72,441,250
1755830783.4668596,70,312,193
1755830783.4668596,66,596,526
1755830783.4668596,65,349,263
1755830783.4668596,57,420,189
1755830783.4668596,47,379,501
1755830783.4668596,43,322,261
1755830783.4668596,17,887,474
1755830783.4668596,10,480,536
1755830783.4668596,8,684,530
1755830783.4668596,5,347,352
1755830783.4668596,1,852,503
1755830783.522751,75,380,167
1755830783.522751,74,325,217
1755830783.522751,72,441,249
1755830783.522751,70,313,194
1755830783.522751,69,1052,667
1755830783.522751,66,597,526
1755830783.522751,65,344,265
1755830783.522751,57,420,190
1755830783.522751,47,379,500
1755830783.522751,43,330,261
1755830783.522751,17,886,473
1755830783.522751,10,479,536
1755830783.522751,8,684,530
1755830783.522751,5,347,351
1755830783.522751,1,852,503
1755830783.5803277,77,339,161
1755830783.5803277,75,380,167
1755830783.5803277,74,325,217
1755830783.5803277,72,442,249
1755830783.5803277,70,315,194
1755830783.5803277,66,601,526
1755830783.5803277,65,338,265
1755830783.5803277,57,422,190
1755830783.5803277,47,379,499
1755830783.5803277,17,885,472
1755830783.5803277,10,477,533
1755830783.5803277,8,685,531
1755830783.5803277,5,346,350
1755830783.5803277,1,851,503
1755830783.6379275,77,347,160
1755830783.6379275,75,379,167
1755830783.6379275,74,325,218
1755830783.6379275,72,443,249
1755830783.6379275,70,317,195
1755830783.6379275,66,603,526
1755830783.6379275,65,333,266
1755830783.6379275,57,424,189
1755830783.6379275,47,379,498
1755830783.6379275,17,885,472
1755830783.6379275,10,474,529
1755830783.6379275,8,685,531
1755830783.6379275,5,347,349
1755830783.6379275,1,851,503
1755830783.6969838,75,379,170
1755830783.6969838,74,326,219
1755830783.6969838,73,323,292
1755830783.6969838,72,443,247
1755830783.6969838,70,318,195
1755830783.6969838,69,1052,667
1755830783.6969838,66,604,525
1755830783.6969838,65,330,267
1755830783.6969838,57,424,190
1755830783.6969838,47,379,496
1755830783.6969838,17,884,472
1755830783.6969838,10,471,526
1755830783.6969838,8,684,530
1755830783.6969838,5,347,347
1755830783.6969838,1,851,503
1755830783.7544203,75,379,173
1755830783.7544203,74,326,220
1755830783.7544203,73,324,292
1755830783.7544203,72,444,245
1755830783.7544203,70,318,195
1755830783.7544203,69,1052,667
1755830783.7544203,66,605,523
1755830783.7544203,65,329,268
1755830783.7544203,57,423,190
1755830783.7544203,47,380,494
1755830783.7544203,17,883,471
1755830783.7544203,10,468,525
1755830783.7544203,8,685,530
1755830783.7544203,5,348,346
1755830783.7544203,1,850,503
1755830783.8143134,75,380,172
1755830783.8143134,74,325,220
1755830783.8143134,73,328,291
1755830783.8143134,72,444,243
1755830783.8143134,70,320,196
1755830783.8143134,69,1052,667
1755830783.8143134,66,606,522
1755830783.8143134,65,326,268
1755830783.8143134,57,423,190
1755830783.8143134,47,380,491
1755830783.8143134,17,883,469
1755830783.8143134,10,465,524
1755830783.8143134,8,685,530
1755830783.8143134,5,347,344
1755830783.8143134,1,849,504
1755830783.8718088,75,379,173
1755830783.8718088,74,325,222
1755830783.8718088,72,444,242
1755830783.8718088,70,320,196
1755830783.8718088,69,1053,667
1755830783.8718088,66,608,522
1755830783.8718088,65,324,272
1755830783.8718088,57,423,190
1755830783.8718088,47,379,490
1755830783.8718088,17,881,467
1755830783.8718088,10,464,521
1755830783.8718088,8,685,529
1755830783.8718088,5,347,344
1755830783.8718088,1,849,504
1755830783.9340515,75,378,174
1755830783.9340515,74,323,222
1755830783.9340515,72,444,241
1755830783.9340515,70,321,196
1755830783.9340515,69,1054,668
1755830783.9340515,66,610,522
1755830783.9340515,65,320,275
1755830783.9340515,57,424,190
1755830783.9340515,47,378,488
1755830783.9340515,17,880,466
1755830783.9340515,10,464,518
1755830783.9340515,8,686,529
1755830783.9340515,5,347,343
1755830783.9340515,1,848,504
1755830783.9927871,74,322,222
1755830783.9927871,72,445,241
1755830783.9927871,70,321,198
1755830783.9927871,69,1053,667
1755830783.9927871,66,611,522
1755830783.9927871,65,316,275
1755830783.9927871,57,424,190
1755830783.9927871,47,377,486
1755830783.9927871,17,879,465
1755830783.9927871,10,464,516
1755830783.9927871,8,686,529
1755830783.9927871,5,348,342
1755830783.9927871,1,848,504
1755830784.0628653,72,445,240
1755830784.0628653,70,321,198
1755830784.0628653,69,1053,666
1755830784.0628653,66,612,521
1755830784.0628653,65,314,275
1755830784.0628653,57,424,190
1755830784.0628653,47,376,483
1755830784.0628653,17,878,464
1755830784.0628653,10,463,512
1755830784.0628653,8,686,530
1755830784.0628653,5,347,340
1755830784.0628653,1,847,504
1755830784.121473,75,377,176
1755830784.121473,72,445,240
1755830784.121473,70,321,198
1755830784.121473,66,614,521
1755830784.121473,65,313,276
1755830784.121473,57,424,190
1755830784.121473,47,376,481
1755830784.121473,17,876,464
1755830784.121473,10,460,506
1755830784.121473,8,686,531
1755830784.121473,5,347,338
1755830784.121473,1,846,504
1755830784.1801028,75,378,172
1755830784.1801028,72,445,239
1755830784.1801028,70,319,204
1755830784.1801028,66,616,521
1755830784.1801028,65,314,276
1755830784.1801028,57,424,190
1755830784.1801028,47,377,480
1755830784.1801028,17,873,462
1755830784.1801028,10,459,502
1755830784.1801028,8,686,531
1755830784.1801028,5,347,337
1755830784.1801028,1,845,504
1755830784.2375624,78,334,154
1755830784.2375624,72,445,239
1755830784.2375624,70,318,207
1755830784.2375624,66,618,521
1755830784.2375624,65,315,276
1755830784.2375624,57,424,189
1755830784.2375624,47,378,477
1755830784.2375624,17,871,461
1755830784.2375624,10,459,498
1755830784.2375624,8,686,531
1755830784.2375624,5,346,337
1755830784.2375624,1,844,504
1755830784.2948759,79,331,170
1755830784.2948759,78,335,153
1755830784.2948759,72,446,239
1755830784.2948759,70,321,211
1755830784.2948759,66,621,522
1755830784.2948759,65,315,276
1755830784.2948759,57,424,189
1755830784.2948759,47,377,474
1755830784.2948759,17,869,461
1755830784.2948759,10,459,493
1755830784.2948759,8,686,531
1755830784.2948759,5,345,335
1755830784.2948759,1,845,505
1755830784.3518646,79,332,169
1755830784.3518646,78,335,153
1755830784.3518646,75,383,168
1755830784.3518646,72,447,239
1755830784.3518646,70,324,212
1755830784.3518646,69,1050,667
1755830784.3518646,66,623,522
1755830784.3518646,65,315,275
1755830784.3518646,57,424,190
1755830784.3518646,47,377,471
1755830784.3518646,17,867,460
1755830784.3518646,10,458,487
1755830784.3518646,8,686,532
1755830784.3518646,5,346,333
1755830784.3518646,1,845,505
1755830784.40962,80,331,246
1755830784.40962,79,332,170
1755830784.40962,78,335,153
1755830784.40962,75,383,168
1755830784.40962,72,448,239
1755830784.40962,70,326,213
1755830784.40962,69,1052,667
1755830784.40962,66,625,522
1755830784.40962,65,314,275
1755830784.40962,57,423,190
1755830784.40962,47,376,468
1755830784.40962,17,865,459
1755830784.40962,10,458,482
1755830784.40962,8,685,532
1755830784.40962,5,345,332
1755830784.40962,1,845,506
1755830784.4696786,80,331,247
1755830784.4696786,79,332,171
1755830784.4696786,78,334,152
1755830784.4696786,75,385,168
1755830784.4696786,72,448,238
1755830784.4696786,70,328,214
1755830784.4696786,69,1052,668
1755830784.4696786,66,627,521
1755830784.4696786,65,313,275
1755830784.4696786,57,423,190
1755830784.4696786,47,376,465
1755830784.4696786,17,858,459
1755830784.4696786,10,459,476
1755830784.4696786,8,685,532
1755830784.4696786,5,346,331
1755830784.4696786,1,844,506
1755830784.5274117,78,334,152
1755830784.5274117,75,384,169
1755830784.5274117,72,448,237
1755830784.5274117,70,330,214
1755830784.5274117,69,1052,667
1755830784.5274117,66,629,521
1755830784.5274117,65,313,274
1755830784.5274117,57,423,190
1755830784.5274117,47,376,463
1755830784.5274117,17,854,458
1755830784.5274117,10,460,473
1755830784.5274117,8,685,532
1755830784.5274117,5,346,330
1755830784.5274117,1,843,506
1755830784.5847957,78,334,152
1755830784.5847957,75,385,169
1755830784.5847957,72,448,237
1755830784.5847957,70,330,213
1755830784.5847957,69,1053,667
1755830784.5847957,66,630,520
1755830784.5847957,65,312,275
1755830784.5847957,57,423,189
1755830784.5847957,47,377,462
1755830784.5847957,17,845,459
1755830784.5847957,10,459,467
1755830784.5847957,8,685,532
1755830784.5847957,5,346,328
1755830784.5847957,1,841,506
1755830784.6487713,78,334,152
1755830784.6487713,75,385,169
1755830784.6487713,72,449,235
1755830784.6487713,70,330,213
1755830784.6487713,69,1052,668
1755830784.6487713,66,632,520
1755830784.6487713,65,312,274
1755830784.6487713,57,424,188
1755830784.6487713,47,378,460
1755830784.6487713,17,838,458
1755830784.6487713,10,458,461
1755830784.6487713,8,686,532
1755830784.6487713,5,345,327
1755830784.6487713,1,840,506
1755830784.7062774,78,335,153
1755830784.7062774,75,386,169
1755830784.7062774,72,447,235
1755830784.7062774,70,331,212
1755830784.7062774,66,632,520
1755830784.7062774,65,313,274
1755830784.7062774,57,424,188
1755830784.7062774,47,379,457
1755830784.7062774,17,835,458
1755830784.7062774,10,457,457
1755830784.7062774,8,686,532
1755830784.7062774,5,346,328
1755830784.7062774,1,840,506
1755830784.7618344,78,335,153
1755830784.7618344,75,386,169
1755830784.7618344,72,446,231
1755830784.7618344,70,333,211
1755830784.7618344,66,633,519
1755830784.7618344,65,314,273
1755830784.7618344,57,426,188
1755830784.7618344,47,378,454
1755830784.7618344,17,833,458
1755830784.7618344,10,456,453
1755830784.7618344,8,686,532
1755830784.7618344,5,346,328
1755830784.7618344,1,840,507
1755830784.8198135,78,335,153
1755830784.8198135,75,388,169
1755830784.8198135,72,445,230
1755830784.8198135,70,335,210
1755830784.8198135,69,1051,668
1755830784.8198135,66,636,519
1755830784.8198135,65,315,273
1755830784.8198135,57,428,188
1755830784.8198135,47,377,450
1755830784.8198135,17,831,458
1755830784.8198135,10,455,448
1755830784.8198135,8,686,531
1755830784.8198135,5,346,326
1755830784.8198135,1,839,507
1755830784.8766105,78,335,154
1755830784.8766105,75,388,168
1755830784.8766105,72,445,229
1755830784.8766105,70,335,209
1755830784.8766105,66,641,520
1755830784.8766105,65,314,272
1755830784.8766105,57,429,188
1755830784.8766105,47,377,447
1755830784.8766105,17,828,458
1755830784.8766105,10,454,444
1755830784.8766105,8,685,531
1755830784.8766105,5,345,324
1755830784.8766105,1,839,507
1755830784.934081,78,335,155
1755830784.934081,75,388,167
1755830784.934081,72,444,228
1755830784.934081,70,336,208
1755830784.934081,66,645,520
1755830784.934081,65,317,271
1755830784.934081,57,430,187
1755830784.934081,47,377,443
1755830784.934081,17,826,458
1755830784.934081,10,453,441
1755830784.934081,8,685,531
1755830784.934081,5,344,321
1755830784.934081,1,838,506
1755830784.9931839,78,334,156
1755830784.9931839,75,388,167
1755830784.9931839,72,443,227
1755830784.9931839,70,337,207
1755830784.9931839,66,650,521
1755830784.9931839,65,315,270
1755830784.9931839,57,430,187
1755830784.9931839,47,378,439
1755830784.9931839,17,823,458
1755830784.9931839,10,454,437
1755830784.9931839,8,685,530
1755830784.9931839,5,344,319
1755830784.9931839,1,838,506
1755830785.05148,78,333,156
1755830785.05148,75,389,167
1755830785.05148,72,442,226
1755830785.05148,70,337,206
1755830785.05148,66,651,522
1755830785.05148,65,315,270
1755830785.05148,57,433,186
1755830785.05148,47,379,438
1755830785.05148,17,820,459
1755830785.05148,10,454,432
1755830785.05148,8,685,530
1755830785.05148,5,344,318
1755830785.05148,1,837,507
1755830785.1104875,83,379,230
1755830785.1104875,82,333,251
1755830785.1104875,78,331,156
1755830785.1104875,75,389,167
1755830785.1104875,72,440,225
1755830785.1104875,70,337,206
1755830785.1104875,66,653,523
1755830785.1104875,65,314,270
1755830785.1104875,57,434,185
1755830785.1104875,47,380,437
1755830785.1104875,17,817,459
1755830785.1104875,10,454,429
1755830785.1104875,8,685,531
1755830785.1104875,5,345,319
1755830785.1104875,1,836,507
1755830785.168858,78,328,159
1755830785.168858,75,391,167
1755830785.168858,72,438,225
1755830785.168858,70,337,204
1755830785.168858,66,654,521
1755830785.168858,65,313,269
1755830785.168858,57,436,183
1755830785.168858,47,380,434
1755830785.168858,17,814,460
1755830785.168858,10,451,424
1755830785.168858,8,685,531
1755830785.168858,5,345,319
1755830785.168858,1,837,507
1755830785.226056,78,327,160
1755830785.226056,75,394,167
1755830785.226056,72,436,224
1755830785.226056,70,338,203
1755830785.226056,66,656,520
1755830785.226056,65,312,269
1755830785.226056,57,437,183
1755830785.226056,47,381,431
1755830785.226056,17,811,460
1755830785.226056,10,450,419
1755830785.226056,8,685,531
1755830785.226056,5,345,320
1755830785.226056,1,837,507
1755830785.282627,78,327,162
1755830785.282627,75,396,167
1755830785.282627,72,434,223
1755830785.282627,66,657,520
1755830785.282627,65,313,269
1755830785.282627,57,437,182
1755830785.282627,47,381,427
1755830785.282627,17,807,460
1755830785.282627,10,450,414
1755830785.282627,8,686,531
1755830785.282627,5,343,317
1755830785.282627,1,837,507
1755830785.3387868,78,328,164
1755830785.3387868,75,398,167
1755830785.3387868,72,433,222
1755830785.3387868,66,659,519
1755830785.3387868,65,314,267
1755830785.3387868,57,437,182
1755830785.3387868,47,381,423
1755830785.3387868,17,798,460
1755830785.3387868,10,450,411
1755830785.3387868,8,685,530
1755830785.3387868,1,836,508
1755830785.395933,78,329,164
1755830785.395933,75,399,167
1755830785.395933,72,432,222
1755830785.395933,70,338,199
1755830785.395933,66,661,519
1755830785.395933,65,315,267
1755830785.395933,57,440,184
1755830785.395933,47,381,421
1755830785.395933,17,793,459
1755830785.395933,10,449,408
1755830785.395933,8,684,529
1755830785.395933,1,836,508
1755830785.4545226,84,847,462
1755830785.4545226,75,401,167
1755830785.4545226,72,425,219
1755830785.4545226,70,338,198
1755830785.4545226,66,665,517
1755830785.4545226,65,313,267
1755830785.4545226,57,445,186
1755830785.4545226,47,381,418
1755830785.4545226,17,783,460
1755830785.4545226,10,446,400
1755830785.4545226,8,681,527
1755830785.4545226,5,342,333
1755830785.4545226,1,835,508
1755830785.5139382,84,847,463
1755830785.5139382,82,335,240
1755830785.5139382,75,401,168
1755830785.5139382,72,423,218
1755830785.5139382,70,338,197
1755830785.5139382,66,666,516
1755830785.5139382,65,313,266
1755830785.5139382,57,447,186
1755830785.5139382,47,381,417
1755830785.5139382,17,779,460
1755830785.5139382,10,445,397
1755830785.5139382,8,682,526
1755830785.5139382,5,343,339
1755830785.5139382,1,835,509
1755830785.5779076,85,1050,668
1755830785.5779076,82,334,239
1755830785.5779076,75,401,168
1755830785.5779076,72,421,218
1755830785.5779076,70,338,197
1755830785.5779076,66,666,515
1755830785.5779076,65,313,266
1755830785.5779076,57,451,188
1755830785.5779076,47,382,414
1755830785.5779076,17,773,461
1755830785.5779076,10,445,393
1755830785.5779076,8,681,526
1755830785.5779076,5,344,343
1755830785.5779076,1,835,509
1755830785.6366386,87,663,566
1755830785.6366386,82,335,242
1755830785.6366386,75,401,168
1755830785.6366386,72,422,219
1755830785.6366386,70,338,199
1755830785.6366386,66,670,516
1755830785.6366386,65,315,262
1755830785.6366386,57,454,190
1755830785.6366386,47,384,408
1755830785.6366386,17,763,459
1755830785.6366386,10,445,385
1755830785.6366386,5,346,348
1755830785.6366386,1,835,509
1755830785.6957436,87,662,567
1755830785.6957436,84,848,463
1755830785.6957436,82,335,243
1755830785.6957436,75,400,169
1755830785.6957436,72,423,220
1755830785.6957436,70,338,201
1755830785.6957436,66,672,517
1755830785.6957436,65,315,261
1755830785.6957436,57,456,191
1755830785.6957436,47,384,405
1755830785.6957436,17,760,458
1755830785.6957436,10,445,382
1755830785.6957436,5,347,349
1755830785.6957436,1,835,509
1755830785.754493,75,401,171
1755830785.754493,70,337,202
1755830785.754493,66,672,515
1755830785.754493,47,385,403
1755830785.754493,17,757,457
1755830785.754493,10,444,376
1755830785.754493,5,348,351
1755830785.754493,1,835,509
1755830785.8103912,86,338,308
1755830785.8103912,75,402,173
1755830785.8103912,70,338,200
1755830785.8103912,66,671,514
1755830785.8103912,47,387,399
1755830785.8103912,17,746,455
1755830785.8103912,10,444,370
1755830785.8103912,5,349,353
1755830785.8103912,1,834,510
1755830785.8685184,86,336,308
1755830785.8685184,85,1049,668
1755830785.8685184,75,402,174
1755830785.8685184,70,338,200
1755830785.8685184,66,671,514
1755830785.8685184,57,468,197
1755830785.8685184,47,387,397
1755830785.8685184,17,741,454
1755830785.8685184,10,444,367
1755830785.8685184,5,350,354
1755830785.8685184,1,834,510
1755830785.9289258,85,1050,668
1755830785.9289258,70,338,199
1755830785.9289258,66,669,513
1755830785.9289258,47,389,394
1755830785.9289258,17,734,451
1755830785.9289258,10,443,364
1755830785.9289258,5,351,355
1755830785.9289258,1,834,510
1755830785.9845157,85,1051,667
1755830785.9845157,70,337,199
1755830785.9845157,66,665,496
1755830785.9845157,47,390,392
1755830785.9845157,17,723,448
1755830785.9845157,10,442,359
1755830785.9845157,5,350,357
1755830785.9845157,1,833,509
1755830786.0386672,85,1051,666
1755830786.0386672,75,408,177
1755830786.0386672,70,337,199
1755830786.0386672,66,664,490
1755830786.0386672,57,480,203
1755830786.0386672,47,390,391
1755830786.0386672,17,719,447
1755830786.0386672,10,442,357
1755830786.0386672,8,682,533
1755830786.0386672,5,351,358
1755830786.0386672,1,833,509
1755830786.0947025,85,1052,667
1755830786.0947025,70,337,199
1755830786.0947025,66,663,487
1755830786.0947025,47,390,390
1755830786.0947025,17,713,445
1755830786.0947025,10,441,353
1755830786.0947025,8,683,534
1755830786.0947025,5,352,359
1755830786.0947025,1,833,509
1755830786.152831,86,332,312
1755830786.152831,85,1052,667
1755830786.152831,70,339,199
1755830786.152831,66,664,481
1755830786.152831,47,391,386
1755830786.152831,17,702,438
1755830786.152831,10,442,347
1755830786.152831,8,684,533
1755830786.152831,5,349,360
1755830786.152831,1,833,509
1755830786.2073338,86,332,313
1755830786.2073338,85,1051,667
1755830786.2073338,75,411,180
1755830786.2073338,70,340,197
1755830786.2073338,66,664,477
1755830786.2073338,47,392,384
1755830786.2073338,17,695,434
1755830786.2073338,10,441,343
1755830786.2073338,8,684,532
1755830786.2073338,5,348,361
1755830786.2073338,1,832,509
1755830786.260794,88,329,230
1755830786.260794,86,330,314
1755830786.260794,85,1051,668
1755830786.260794,75,411,180
1755830786.260794,70,340,196
1755830786.260794,66,663,475
1755830786.260794,47,392,382
1755830786.260794,17,692,433
1755830786.260794,10,441,341
1755830786.260794,8,685,533
1755830786.260794,5,348,362
1755830786.260794,1,832,509
1755830786.3175497,88,333,233
1755830786.3175497,86,328,316
1755830786.3175497,85,1050,669
1755830786.3175497,70,340,196
1755830786.3175497,66,659,472
1755830786.3175497,47,393,381
1755830786.3175497,17,682,427
1755830786.3175497,10,441,334
1755830786.3175497,8,685,532
1755830786.3175497,5,348,365
1755830786.3175497,1,833,508
1755830786.3728526,89,369,272
1755830786.3728526,88,334,233
1755830786.3728526,86,328,318
1755830786.3728526,85,1050,669
1755830786.3728526,70,339,195
1755830786.3728526,66,656,469
1755830786.3728526,47,393,380
1755830786.3728526,17,675,422
1755830786.3728526,10,441,329
1755830786.3728526,8,684,532
1755830786.3728526,5,349,366
1755830786.3728526,1,833,508
1755830786.4287071,89,369,272
1755830786.4287071,88,334,233
1755830786.4287071,86,328,318
1755830786.4287071,85,1050,668
1755830786.4287071,70,337,194
1755830786.4287071,66,655,468
1755830786.4287071,47,394,379
1755830786.4287071,17,672,420
1755830786.4287071,10,441,327
1755830786.4287071,8,684,532
1755830786.4287071,5,349,367
1755830786.4287071,1,833,508
1755830786.4866323,89,376,269
1755830786.4866323,88,334,233
1755830786.4866323,86,327,320
1755830786.4866323,85,1050,669
1755830786.4866323,70,337,193
1755830786.4866323,66,654,461
1755830786.4866323,47,394,378
1755830786.4866323,17,661,415
1755830786.4866323,10,442,326
1755830786.4866323,8,684,532
1755830786.4866323,5,349,366
1755830786.4866323,1,832,508
1755830786.5419264,89,380,267
1755830786.5419264,88,334,233
1755830786.5419264,86,320,328
1755830786.5419264,85,1049,668
1755830786.5419264,75,426,190
1755830786.5419264,70,336,191
1755830786.5419264,66,653,457
1755830786.5419264,47,394,378
1755830786.5419264,17,652,412
1755830786.5419264,10,442,322
1755830786.5419264,8,683,531
1755830786.5419264,5,350,367
1755830786.5419264,1,832,508
1755830786.5977614,89,383,266
1755830786.5977614,88,334,232
1755830786.5977614,86,318,332
1755830786.5977614,85,1050,668
1755830786.5977614,75,428,191
1755830786.5977614,70,334,191
1755830786.5977614,66,653,455
1755830786.5977614,47,395,377
1755830786.5977614,17,649,410
1755830786.5977614,10,442,320
1755830786.5977614,8,683,532
1755830786.5977614,5,351,367
1755830786.5977614,1,832,507
1755830786.6546264,90,529,238
1755830786.6546264,89,387,264
1755830786.6546264,88,334,233
1755830786.6546264,86,319,335
1755830786.6546264,85,1052,666
1755830786.6546264,75,431,193
1755830786.6546264,70,332,188
1755830786.6546264,66,649,450
1755830786.6546264,47,395,374
1755830786.6546264,17,638,402
1755830786.6546264,10,442,315
1755830786.6546264,8,683,532
1755830786.6546264,5,350,364
1755830786.6546264,1,831,507
1755830786.7110026,91,325,306
1755830786.7110026,90,530,241
1755830786.7110026,89,390,261
1755830786.7110026,88,333,233
1755830786.7110026,86,319,338
1755830786.7110026,85,1053,667
1755830786.7110026,75,434,195
1755830786.7110026,70,331,187
1755830786.7110026,66,645,446
1755830786.7110026,47,395,374
1755830786.7110026,17,631,397
1755830786.7110026,10,442,311
1755830786.7110026,8,684,533
1755830786.7110026,5,350,362
1755830786.7110026,1,831,507
1755830786.768672,91,324,305
1755830786.768672,90,533,245
1755830786.768672,89,391,260
1755830786.768672,88,333,231
1755830786.768672,86,318,342
1755830786.768672,85,1054,669
1755830786.768672,75,436,197
1755830786.768672,70,331,187
1755830786.768672,66,644,444
1755830786.768672,47,397,369
1755830786.768672,17,627,394
1755830786.768672,10,442,310
1755830786.768672,8,683,533
1755830786.768672,1,831,507
1755830786.821517,91,323,305
1755830786.821517,90,535,247
1755830786.821517,89,393,258
1755830786.821517,88,333,230
1755830786.821517,86,318,350
1755830786.821517,85,1051,669
1755830786.821517,75,439,201
1755830786.821517,70,332,186
1755830786.821517,66,640,440
1755830786.821517,47,398,366
1755830786.821517,17,618,388
1755830786.821517,10,442,306
1755830786.821517,8,683,533
1755830786.821517,1,831,507
1755830786.903407,91,322,304
1755830786.903407,90,537,248
1755830786.903407,89,395,257
1755830786.903407,88,332,229
1755830786.903407,86,318,353
1755830786.903407,85,1051,668
1755830786.903407,75,441,204
1755830786.903407,70,332,186
1755830786.903407,66,638,436
1755830786.903407,47,399,364
1755830786.903407,17,612,384
1755830786.903407,10,442,304
1755830786.903407,8,682,532
1755830786.903407,1,830,507
1755830786.9664023,91,321,304
1755830786.9664023,90,538,249
1755830786.9664023,89,396,254
1755830786.9664023,88,332,228
1755830786.9664023,86,318,356
1755830786.9664023,85,1052,668
1755830786.9664023,70,332,186
1755830786.9664023,66,637,434
1755830786.9664023,47,399,362
1755830786.9664023,17,609,383
1755830786.9664023,10,442,303
1755830786.9664023,8,682,532
1755830786.9664023,1,830,507
1755830787.0223837,91,320,305
1755830787.0223837,90,539,250
1755830787.0223837,89,397,251
1755830787.0223837,88,334,227
1755830787.0223837,86,320,359
1755830787.0223837,85,1053,669
1755830787.0223837,70,333,184
1755830787.0223837,66,630,428
1755830787.0223837,47,399,361
1755830787.0223837,17,599,377
1755830787.0223837,10,442,300
1755830787.0223837,8,682,533
1755830787.0223837,1,830,507
1755830787.0788596,91,320,305
1755830787.0788596,90,541,251
1755830787.0788596,89,398,250
1755830787.0788596,88,334,226
1755830787.0788596,86,322,360
1755830787.0788596,85,1053,669
1755830787.0788596,70,334,184
1755830787.0788596,66,628,424
1755830787.0788596,47,400,359
1755830787.0788596,17,592,373
1755830787.0788596,10,442,298
1755830787.0788596,8,683,533
1755830787.0788596,1,829,506
1755830787.1378715,91,319,305
1755830787.1378715,90,542,252
1755830787.1378715,89,398,248
1755830787.1378715,88,333,225
1755830787.1378715,86,330,363
1755830787.1378715,85,1053,669
1755830787.1378715,70,332,183
1755830787.1378715,66,623,419
1755830787.1378715,47,400,359
1755830787.1378715,17,588,370
1755830787.1378715,10,442,295
1755830787.1378715,8,683,533
1755830787.1378715,1,829,506
1755830787.1946304,91,319,305
1755830787.1946304,90,545,254
1755830787.1946304,89,398,247
1755830787.1946304,88,331,224
1755830787.1946304,86,330,364
1755830787.1946304,85,1052,669
1755830787.1946304,75,431,215
1755830787.1946304,70,332,180
1755830787.1946304,66,618,415
1755830787.1946304,47,401,356
1755830787.1946304,17,584,366
1755830787.1946304,10,442,295
1755830787.1946304,8,683,533
1755830787.1946304,1,828,506
1755830787.251238,91,318,305
1755830787.251238,90,547,255
1755830787.251238,89,398,246
1755830787.251238,88,331,223
1755830787.251238,86,341,359
1755830787.251238,85,1051,668
1755830787.251238,70,333,179
1755830787.251238,66,616,412
1755830787.251238,47,401,354
1755830787.251238,17,577,362
1755830787.251238,10,442,295
1755830787.251238,8,683,533
1755830787.251238,1,827,506
1755830787.3086286,91,318,305
1755830787.3086286,90,549,258
1755830787.3086286,89,398,244
1755830787.3086286,88,332,222
1755830787.3086286,86,347,354
1755830787.3086286,85,1054,668
1755830787.3086286,70,333,178
1755830787.3086286,66,611,408
1755830787.3086286,47,401,352
1755830787.3086286,17,573,359
1755830787.3086286,10,442,292
1755830787.3086286,8,683,533
1755830787.3086286,1,827,505
1755830787.369859,91,318,305
1755830787.369859,90,552,261
1755830787.369859,89,398,243
1755830787.369859,88,332,220
1755830787.369859,86,352,349
1755830787.369859,85,1055,668
1755830787.369859,70,332,176
1755830787.369859,66,608,406
1755830787.369859,47,401,352
1755830787.369859,17,564,356
1755830787.369859,10,443,289
1755830787.369859,8,683,533
1755830787.369859,1,826,505
1755830787.42776,91,317,304
1755830787.42776,90,555,263
1755830787.42776,89,401,239
1755830787.42776,88,328,216
1755830787.42776,86,355,347
1755830787.42776,85,1054,668
1755830787.42776,75,427,223
1755830787.42776,70,332,175
1755830787.42776,66,605,403
1755830787.42776,47,402,350
1755830787.42776,17,558,353
1755830787.42776,10,444,287
1755830787.42776,8,683,532
1755830787.42776,1,826,505
1755830787.4854057,93,323,376
1755830787.4854057,91,318,303
1755830787.4854057,90,557,264
1755830787.4854057,89,404,238
1755830787.4854057,88,327,214
1755830787.4854057,86,356,344
1755830787.4854057,85,1054,667
1755830787.4854057,75,425,223
1755830787.4854057,70,331,174
1755830787.4854057,66,602,400
1755830787.4854057,47,403,349
1755830787.4854057,17,553,350
1755830787.4854057,10,444,286
1755830787.4854057,8,682,532
1755830787.4854057,1,826,504
1755830787.5447896,94,469,227
1755830787.5447896,93,323,377
1755830787.5447896,91,317,303
1755830787.5447896,90,560,266
1755830787.5447896,89,402,239
1755830787.5447896,88,328,214
1755830787.5447896,86,357,342
1755830787.5447896,85,1054,667
1755830787.5447896,75,426,224
1755830787.5447896,70,330,173
1755830787.5447896,66,600,397
1755830787.5447896,47,404,346
1755830787.5447896,17,549,347
1755830787.5447896,10,444,284
1755830787.5447896,8,682,533
1755830787.5447896,1,826,504
1755830787.605854,94,472,230
1755830787.605854,91,317,303
1755830787.605854,90,562,270
1755830787.605854,89,400,239
1755830787.605854,88,329,215
1755830787.605854,86,357,340
1755830787.605854,85,1054,666
1755830787.605854,70,333,173
1755830787.605854,66,597,393
1755830787.605854,47,405,345
1755830787.605854,17,546,344
1755830787.605854,10,445,284
1755830787.605854,8,682,533
1755830787.605854,1,826,503
1755830787.6633098,91,316,302
1755830787.6633098,90,565,273
1755830787.6633098,89,401,238
1755830787.6633098,88,330,214
1755830787.6633098,86,356,338
1755830787.6633098,85,1051,666
1755830787.6633098,70,332,172
1755830787.6633098,66,594,391
1755830787.6633098,47,405,344
1755830787.6633098,17,541,340
1755830787.6633098,10,446,282
1755830787.6633098,8,681,533
1755830787.6633098,1,826,503
1755830787.722272,91,316,302
1755830787.722272,90,566,274
1755830787.722272,89,403,239
1755830787.722272,88,330,213
1755830787.722272,86,357,337
1755830787.722272,85,1052,668
1755830787.722272,70,331,170
1755830787.722272,66,592,388
1755830787.722272,47,406,343
1755830787.722272,17,537,336
1755830787.722272,10,446,280
1755830787.722272,8,681,533
1755830787.722272,1,826,502
1755830787.78091,91,317,302
1755830787.78091,90,568,274
1755830787.78091,89,405,239
1755830787.78091,88,330,212
1755830787.78091,86,357,334
1755830787.78091,85,1052,669
1755830787.78091,70,331,169
1755830787.78091,66,588,385
1755830787.78091,47,406,341
1755830787.78091,17,535,335
1755830787.78091,10,445,280
1755830787.78091,8,681,532
1755830787.78091,1,826,502
1755830787.8426013,91,317,300
1755830787.8426013,90,571,276
1755830787.8426013,89,408,239
1755830787.8426013,88,330,210
1755830787.8426013,86,358,333
1755830787.8426013,85,1052,668
1755830787.8426013,70,329,165
1755830787.8426013,66,587,383
1755830787.8426013,47,406,339
1755830787.8426013,17,530,331
1755830787.8426013,10,445,279
1755830787.8426013,8,681,532
1755830787.8426013,1,826,502
1755830787.9001157,93,325,376
1755830787.9001157,91,314,298
1755830787.9001157,90,574,279
1755830787.9001157,89,415,238
1755830787.9001157,88,329,210
1755830787.9001157,86,362,331
1755830787.9001157,85,1052,668
1755830787.9001157,70,329,163
1755830787.9001157,66,584,381
1755830787.9001157,47,406,338
1755830787.9001157,17,525,328
1755830787.9001157,10,448,277
1755830787.9001157,8,680,531
1755830787.9001157,1,825,502
1755830787.961055,91,312,297
1755830787.961055,90,576,281
1755830787.961055,88,330,209
1755830787.961055,85,1052,668
1755830787.961055,70,327,163
1755830787.961055,66,583,378
1755830787.961055,47,406,336
1755830787.961055,17,518,325
1755830787.961055,10,449,277
1755830787.961055,8,681,531
1755830787.961055,1,825,502
1755830788.0191748,95,341,322
1755830788.0191748,91,312,296
1755830788.0191748,90,578,283
1755830788.0191748,88,329,208
1755830788.0191748,85,1047,668
1755830788.0191748,70,328,164
1755830788.0191748,66,584,377
1755830788.0191748,47,407,335
1755830788.0191748,17,514,323
1755830788.0191748,10,450,277
1755830788.0191748,8,681,531
1755830788.0191748,1,823,501
1755830788.0751078,95,339,328
1755830788.0751078,91,314,296
1755830788.0751078,90,584,286
1755830788.0751078,89,429,229
1755830788.0751078,88,329,207
1755830788.0751078,85,1048,667
1755830788.0751078,75,486,245
1755830788.0751078,70,328,162
1755830788.0751078,66,581,375
1755830788.0751078,47,407,335
1755830788.0751078,17,511,321
1755830788.0751078,10,453,276
1755830788.0751078,8,681,532
1755830788.0751078,1,824,501
1755830788.1344154,95,339,331
1755830788.1344154,91,315,294
1755830788.1344154,90,587,289
1755830788.1344154,89,430,229
1755830788.1344154,88,325,205
1755830788.1344154,85,1051,668
1755830788.1344154,75,489,246
1755830788.1344154,70,328,161
1755830788.1344154,66,580,373
1755830788.1344154,47,407,333
1755830788.1344154,17,507,319
1755830788.1344154,10,455,276
1755830788.1344154,8,681,531
1755830788.1344154,1,823,500
1755830788.1937492,95,339,334
1755830788.1937492,91,316,293
1755830788.1937492,90,589,290
1755830788.1937492,89,430,228
1755830788.1937492,88,326,204
1755830788.1937492,85,1051,668
1755830788.1937492,75,492,249
1755830788.1937492,70,327,161
1755830788.1937492,66,579,371
1755830788.1937492,47,408,332
1755830788.1937492,17,504,316
1755830788.1937492,10,458,275
1755830788.1937492,8,681,532
1755830788.1937492,1,823,500
1755830788.2522638,95,338,336
1755830788.2522638,91,314,293
1755830788.2522638,90,595,292
1755830788.2522638,89,432,226
1755830788.2522638,88,327,203
1755830788.2522638,85,1050,668
1755830788.2522638,75,494,250
1755830788.2522638,70,328,161
1755830788.2522638,66,578,370
1755830788.2522638,47,410,330
1755830788.2522638,17,501,314
1755830788.2522638,10,459,275
1755830788.2522638,8,681,532
1755830788.2522638,1,823,500
1755830788.3098457,95,338,340
1755830788.3098457,91,313,292
1755830788.3098457,90,600,293
1755830788.3098457,88,328,202
1755830788.3098457,85,1051,667
1755830788.3098457,75,495,253
1755830788.3098457,70,328,161
1755830788.3098457,66,578,368
1755830788.3098457,47,411,328
1755830788.3098457,17,497,313
1755830788.3098457,10,462,276
1755830788.3098457,8,681,531
1755830788.3098457,1,822,500
1755830788.3691046,95,337,344
1755830788.3691046,91,313,292
1755830788.3691046,90,604,294
1755830788.3691046,88,328,202
1755830788.3691046,85,1047,667
1755830788.3691046,70,327,161
1755830788.3691046,66,578,367
1755830788.3691046,47,412,326
1755830788.3691046,17,494,311
1755830788.3691046,10,472,275
1755830788.3691046,8,681,531
1755830788.3691046,1,822,499
1755830788.429239,95,335,346
1755830788.429239,91,312,291
1755830788.429239,90,607,295
1755830788.429239,88,329,202
1755830788.429239,85,1049,667
1755830788.429239,70,328,161
1755830788.429239,66,576,365
1755830788.429239,47,414,325
1755830788.429239,17,490,309
1755830788.429239,10,478,275
1755830788.429239,8,681,530
1755830788.429239,1,822,499
1755830788.4854403,96,364,306
1755830788.4854403,95,331,347
1755830788.4854403,91,312,290
1755830788.4854403,90,611,296
1755830788.4854403,88,330,201
1755830788.4854403,85,1051,666
1755830788.4854403,75,502,266
1755830788.4854403,70,329,161
1755830788.4854403,66,576,363
1755830788.4854403,47,416,324
1755830788.4854403,17,490,307
1755830788.4854403,10,486,272
1755830788.4854403,8,681,530
1755830788.4854403,1,822,499
1755830788.5435088,96,365,302
1755830788.5435088,95,332,347
1755830788.5435088,91,312,290
1755830788.5435088,90,614,298
1755830788.5435088,88,329,201
1755830788.5435088,85,1052,667
1755830788.5435088,75,502,267
1755830788.5435088,70,329,159
1755830788.5435088,66,576,361
1755830788.5435088,47,416,323
1755830788.5435088,17,488,306
1755830788.5435088,10,492,269
1755830788.5435088,8,681,531
1755830788.5435088,1,822,499
1755830788.6022031,96,367,298
1755830788.6022031,95,330,349
1755830788.6022031,91,312,289
1755830788.6022031,90,616,299
1755830788.6022031,88,328,200
1755830788.6022031,85,1052,668
1755830788.6022031,75,505,269
1755830788.6022031,66,575,360
1755830788.6022031,47,416,322
1755830788.6022031,17,486,305
1755830788.6022031,10,497,270
1755830788.6022031,8,681,531
1755830788.6022031,1,822,499
1755830788.659468,96,367,295
1755830788.659468,95,329,350
1755830788.659468,91,313,287
1755830788.659468,90,619,300
1755830788.659468,88,327,199
1755830788.659468,85,1052,668
1755830788.659468,75,508,271
1755830788.659468,66,575,358
1755830788.659468,47,417,322
1755830788.659468,17,483,304
1755830788.659468,8,681,531
1755830788.659468,1,822,498
1755830788.7185512,98,334,368
1755830788.7185512,96,367,294
1755830788.7185512,95,329,350
1755830788.7185512,91,312,287
1755830788.7185512,90,621,301
1755830788.7185512,88,327,199
1755830788.7185512,85,1052,668
1755830788.7185512,75,508,272
1755830788.7185512,70,328,158
1755830788.7185512,66,574,357
1755830788.7185512,47,417,320
1755830788.7185512,17,480,303
1755830788.7185512,8,681,530
1755830788.7185512,1,822,498
1755830788.774372,98,334,367
1755830788.774372,96,367,291
1755830788.774372,95,328,350
1755830788.774372,91,311,286
1755830788.774372,90,624,302
1755830788.774372,88,327,199
1755830788.774372,85,1052,668
1755830788.774372,75,502,273
1755830788.774372,66,574,355
1755830788.774372,47,418,320
1755830788.774372,17,474,301
1755830788.774372,8,681,530
1755830788.774372,1,821,498
1755830788.8323936,98,335,367
1755830788.8323936,96,367,286
1755830788.8323936,95,328,350
1755830788.8323936,91,312,285
1755830788.8323936,90,627,302
1755830788.8323936,88,327,199
1755830788.8323936,85,1051,668
1755830788.8323936,75,507,276
1755830788.8323936,66,574,354
1755830788.8323936,47,419,318
1755830788.8323936,17,470,299
1755830788.8323936,8,681,530
1755830788.8323936,1,821,498
1755830788.889868,98,335,366
1755830788.889868,97,380,184
1755830788.889868,96,367,285
1755830788.889868,95,329,349
1755830788.889868,91,312,284
1755830788.889868,90,632,303
1755830788.889868,88,326,198
1755830788.889868,85,1051,668
1755830788.889868,75,513,277
1755830788.889868,66,573,353
1755830788.889868,47,420,317
1755830788.889868,17,464,297
1755830788.889868,8,681,531
1755830788.889868,1,821,497
1755830788.9446607,98,337,365
1755830788.9446607,97,381,185
1755830788.9446607,96,367,281
1755830788.9446607,95,330,346
1755830788.9446607,91,311,282
1755830788.9446607,90,638,305
1755830788.9446607,88,326,196
1755830788.9446607,85,1050,668
1755830788.9446607,75,515,280
1755830788.9446607,70,321,164
1755830788.9446607,66,571,352
1755830788.9446607,47,421,316
1755830788.9446607,17,457,293
1755830788.9446607,8,682,532
1755830788.9446607,1,820,497
1755830789.003278,98,340,364
1755830789.003278,97,384,188
1755830789.003278,96,368,277
1755830789.003278,95,330,343
1755830789.003278,91,310,282
1755830789.003278,90,641,307
1755830789.003278,88,326,195
1755830789.003278,75,519,283
1755830789.003278,70,323,167
1755830789.003278,66,571,351
1755830789.003278,47,421,316
1755830789.003278,17,454,291
1755830789.003278,8,682,532
1755830789.003278,1,819,496
1755830789.0611126,100,446,211
1755830789.0611126,98,341,364
1755830789.0611126,97,387,191
1755830789.0611126,96,368,271
1755830789.0611126,95,328,340
1755830789.0611126,91,309,281
1755830789.0611126,90,644,307
1755830789.0611126,88,326,196
1755830789.0611126,75,523,286
1755830789.0611126,70,323,169
1755830789.0611126,66,571,349
1755830789.0611126,47,422,316
1755830789.0611126,17,451,288
1755830789.0611126,8,682,532
1755830789.0611126,1,819,496
1755830789.1206768,100,449,211
1755830789.1206768,98,343,365
1755830789.1206768,97,387,192
1755830789.1206768,96,368,269
1755830789.1206768,95,327,339
1755830789.1206768,91,309,281
1755830789.1206768,90,649,309
1755830789.1206768,88,327,196
1755830789.1206768,85,1051,669
1755830789.1206768,75,526,289
1755830789.1206768,66,572,347
1755830789.1206768,47,422,315
1755830789.1206768,17,450,286
1755830789.1206768,8,682,533
1755830789.1206768,1,819,496
1755830789.1804323,100,453,210
1755830789.1804323,98,345,366
1755830789.1804323,97,388,193
1755830789.1804323,96,369,266
1755830789.1804323,95,328,338
1755830789.1804323,91,310,280
1755830789.1804323,90,653,311
1755830789.1804323,88,327,197
1755830789.1804323,85,1050,668
1755830789.1804323,75,529,291
1755830789.1804323,66,573,347
1755830789.1804323,47,423,315
1755830789.1804323,17,449,284
1755830789.1804323,8,682,533
1755830789.1804323,1,819,495
1755830789.2404287,100,457,209
1755830789.2404287,98,347,366
1755830789.2404287,97,389,195
1755830789.2404287,96,369,262
1755830789.2404287,95,331,338
1755830789.2404287,91,310,279
1755830789.2404287,90,656,313
1755830789.2404287,88,329,197
1755830789.2404287,75,533,293
1755830789.2404287,70,327,166
1755830789.2404287,66,575,346
1755830789.2404287,47,423,314
1755830789.2404287,17,446,282
1755830789.2404287,8,681,533
1755830789.2404287,1,819,495
1755830789.3025742,100,459,209
1755830789.3025742,98,349,366
1755830789.3025742,97,390,198
1755830789.3025742,96,369,260
1755830789.3025742,95,331,338
1755830789.3025742,91,310,277
1755830789.3025742,90,658,314
1755830789.3025742,88,330,197
1755830789.3025742,75,534,294
1755830789.3025742,70,328,166
1755830789.3025742,66,576,346
1755830789.3025742,47,423,314
1755830789.3025742,17,445,280
1755830789.3025742,8,681,533
1755830789.3025742,1,819,495
1755830789.3612735,98,351,365
1755830789.3612735,97,390,200
1755830789.3612735,96,369,258
1755830789.3612735,95,332,337
1755830789.3612735,91,310,276
1755830789.3612735,90,661,315
1755830789.3612735,88,328,196
1755830789.3612735,85,1051,666
1755830789.3612735,75,538,294
1755830789.3612735,70,328,171
1755830789.3612735,66,575,344
1755830789.3612735,47,424,312
1755830789.3612735,17,444,278
1755830789.3612735,8,682,533
1755830789.3612735,1,819,495
1755830789.4217653,98,357,362
1755830789.4217653,97,390,202
1755830789.4217653,96,369,256
1755830789.4217653,95,333,337
1755830789.4217653,91,309,275
1755830789.4217653,90,664,317
1755830789.4217653,88,327,195
1755830789.4217653,85,1051,667
1755830789.4217653,75,544,294
1755830789.4217653,70,325,178
1755830789.4217653,66,572,343
1755830789.4217653,47,424,312
1755830789.4217653,17,444,274
1755830789.4217653,8,681,533
1755830789.4217653,1,820,494
1755830789.4808385,98,363,360
1755830789.4808385,97,391,204
1755830789.4808385,96,370,254
1755830789.4808385,95,330,336
1755830789.4808385,91,309,274
1755830789.4808385,90,669,318
1755830789.4808385,88,325,195
1755830789.4808385,85,1051,668
1755830789.4808385,75,550,296
1755830789.4808385,70,324,180
1755830789.4808385,66,570,340
1755830789.4808385,47,425,311
1755830789.4808385,17,444,272
1755830789.4808385,8,680,533
1755830789.4808385,1,819,494
1755830789.5406144,101,328,149
1755830789.5406144,98,368,358
1755830789.5406144,97,391,204
1755830789.5406144,96,370,254
1755830789.5406144,95,330,335
1755830789.5406144,91,309,272
1755830789.5406144,90,673,319
1755830789.5406144,88,324,196
1755830789.5406144,85,1051,668
1755830789.5406144,75,554,296
1755830789.5406144,70,324,180
1755830789.5406144,66,568,338
1755830789.5406144,47,426,310
1755830789.5406144,17,442,270
1755830789.5406144,8,679,533
1755830789.5406144,1,819,494
1755830789.5993364,98,371,357
1755830789.5993364,97,392,205
1755830789.5993364,96,369,249
1755830789.5993364,95,329,334
1755830789.5993364,91,308,270
1755830789.5993364,90,675,321
1755830789.5993364,88,325,197
1755830789.5993364,85,1050,667
1755830789.5993364,75,560,297
1755830789.5993364,70,326,179
1755830789.5993364,66,568,337
1755830789.5993364,47,426,310
1755830789.5993364,17,443,269
1755830789.5993364,8,680,533
1755830789.5993364,1,819,494
1755830789.6568506,98,374,356
1755830789.6568506,97,393,206
1755830789.6568506,96,367,244
1755830789.6568506,95,329,332
1755830789.6568506,91,307,269
1755830789.6568506,90,683,323
1755830789.6568506,88,324,199
1755830789.6568506,85,1051,668
1755830789.6568506,75,568,299
1755830789.6568506,70,326,176
1755830789.6568506,66,569,338
1755830789.6568506,47,425,310
1755830789.6568506,17,441,266
1755830789.6568506,8,679,532
1755830789.6568506,1,820,494
1755830789.7174826,102,382,173
1755830789.7174826,98,378,354
1755830789.7174826,97,394,208
1755830789.7174826,96,367,239
1755830789.7174826,95,329,328
1755830789.7174826,91,306,268
1755830789.7174826,90,688,324
1755830789.7174826,88,324,201
1755830789.7174826,85,1052,668
1755830789.7174826,75,576,301
1755830789.7174826,70,323,174
1755830789.7174826,66,571,340
1755830789.7174826,47,426,309
1755830789.7174826,17,440,263
1755830789.7174826,8,679,532
1755830789.7174826,1,819,493
1755830789.7743697,102,382,172
1755830789.7743697,98,381,351
1755830789.7743697,97,394,208
1755830789.7743697,96,366,238
1755830789.7743697,95,330,326
1755830789.7743697,91,306,267
1755830789.7743697,90,692,325
1755830789.7743697,88,323,202
1755830789.7743697,85,1053,667
1755830789.7743697,75,581,303
1755830789.7743697,70,322,174
1755830789.7743697,66,572,341
1755830789.7743697,47,427,308
1755830789.7743697,17,440,262
1755830789.7743697,8,679,532
1755830789.7743697,1,818,493
1755830789.832367,102,385,171
1755830789.832367,98,385,349
1755830789.832367,97,397,209
1755830789.832367,96,365,236
1755830789.832367,95,331,325
1755830789.832367,91,305,266
1755830789.832367,90,696,327
1755830789.832367,88,326,203
1755830789.832367,75,587,305
1755830789.832367,70,322,173
1755830789.832367,66,575,343
1755830789.832367,47,427,308
1755830789.832367,17,441,261
1755830789.832367,8,679,532
1755830789.832367,1,818,493
1755830789.8918467,102,386,171
1755830789.8918467,100,515,221
1755830789.8918467,98,390,347
1755830789.8918467,97,397,209
1755830789.8918467,96,365,236
1755830789.8918467,95,330,322
1755830789.8918467,91,304,265
1755830789.8918467,90,699,328
1755830789.8918467,88,327,203
1755830789.8918467,75,591,306
1755830789.8918467,70,322,173
1755830789.8918467,66,576,343
1755830789.8918467,47,428,308
1755830789.8918467,17,442,260
1755830789.8918467,8,680,532
1755830789.8918467,1,818,493
1755830789.9604282,102,384,170
1755830789.9604282,100,521,222
1755830789.9604282,98,396,345
1755830789.9604282,97,398,209
1755830789.9604282,96,366,236
1755830789.9604282,95,329,320
1755830789.9604282,91,306,265
1755830789.9604282,90,702,329
1755830789.9604282,88,327,205
1755830789.9604282,85,1052,667
1755830789.9604282,75,595,305
1755830789.9604282,70,322,171
1755830789.9604282,66,577,343
1755830789.9604282,47,428,307
1755830789.9604282,17,443,259
1755830789.9604282,8,679,532
1755830789.9604282,1,818,493
1755830790.0244484,104,367,339
1755830790.0244484,102,385,170
1755830790.0244484,100,526,223
1755830790.0244484,98,400,342
1755830790.0244484,97,398,209
1755830790.0244484,96,366,235
1755830790.0244484,95,329,319
1755830790.0244484,91,306,265
1755830790.0244484,90,703,330
1755830790.0244484,88,328,206
1755830790.0244484,85,1053,667
1755830790.0244484,75,598,305
1755830790.0244484,70,322,170
1755830790.0244484,66,579,342
1755830790.0244484,47,427,307
1755830790.0244484,17,444,259
1755830790.0244484,8,679,533
1755830790.0244484,1,818,492
1755830790.0852232,105,319,144
1755830790.0852232,104,367,335
1755830790.0852232,102,386,172
1755830790.0852232,100,530,224
1755830790.0852232,98,405,341
1755830790.0852232,97,400,209
1755830790.0852232,95,330,317
1755830790.0852232,91,305,264
1755830790.0852232,90,706,330
1755830790.0852232,88,328,207
1755830790.0852232,75,601,305
1755830790.0852232,70,322,169
1755830790.0852232,66,581,343
1755830790.0852232,47,427,307
1755830790.0852232,17,445,258
1755830790.0852232,8,679,533
1755830790.0852232,1,819,492
1755830790.146715,104,368,333
1755830790.146715,102,387,172
1755830790.146715,100,536,226
1755830790.146715,98,408,340
1755830790.146715,97,402,208
1755830790.146715,95,332,315
1755830790.146715,91,304,264
1755830790.146715,90,708,332
1755830790.146715,88,329,208
1755830790.146715,75,604,307
1755830790.146715,70,323,169
1755830790.146715,66,584,343
1755830790.146715,47,427,306
1755830790.146715,17,446,256
1755830790.146715,8,679,532
1755830790.146715,1,819,492
1755830790.2086995,104,367,331
1755830790.2086995,102,388,171
1755830790.2086995,100,541,228
1755830790.2086995,98,413,338
1755830790.2086995,97,402,207
1755830790.2086995,95,332,313
1755830790.2086995,91,303,263
1755830790.2086995,90,711,334
1755830790.2086995,88,329,209
1755830790.2086995,75,609,309
1755830790.2086995,70,323,168
1755830790.2086995,66,585,343
1755830790.2086995,47,428,306
1755830790.2086995,17,448,256
1755830790.2086995,8,678,532
1755830790.2086995,1,819,491
1755830790.27415,105,320,144
1755830790.27415,104,367,328
1755830790.27415,102,388,172
1755830790.27415,100,548,231
1755830790.27415,98,419,336
1755830790.27415,97,403,207
1755830790.27415,95,332,311
1755830790.27415,91,303,263
1755830790.27415,90,715,335
1755830790.27415,88,329,210
1755830790.27415,75,614,310
1755830790.27415,70,324,169
1755830790.27415,66,586,345
1755830790.27415,47,427,306
1755830790.27415,17,448,256
1755830790.27415,8,678,532
1755830790.27415,1,818,491
1755830790.3378787,106,327,346
1755830790.3378787,104,370,324
1755830790.3378787,102,390,173
1755830790.3378787,100,556,233
1755830790.3378787,98,424,335
1755830790.3378787,97,403,207
1755830790.3378787,95,332,310
1755830790.3378787,91,305,262
1755830790.3378787,90,717,335
1755830790.3378787,88,328,212
1755830790.3378787,75,621,312
1755830790.3378787,70,322,168
1755830790.3378787,66,584,346
1755830790.3378787,47,426,306
1755830790.3378787,17,448,256
1755830790.3378787,8,680,533
1755830790.3378787,1,819,491
1755830790.3986962,106,328,350
1755830790.3986962,104,373,321
1755830790.3986962,102,392,175
1755830790.3986962,100,562,233
1755830790.3986962,98,429,334
1755830790.3986962,97,403,208
1755830790.3986962,96,369,228
1755830790.3986962,95,331,309
1755830790.3986962,91,305,261
1755830790.3986962,90,720,335
1755830790.3986962,88,328,212
1755830790.3986962,75,625,314
1755830790.3986962,70,323,168
1755830790.3986962,66,583,347
1755830790.3986962,47,425,306
1755830790.3986962,17,448,256
1755830790.3986962,8,680,532
1755830790.3986962,1,820,490
1755830790.4606066,106,328,353
1755830790.4606066,104,374,319
1755830790.4606066,102,393,175
1755830790.4606066,100,570,235
1755830790.4606066,98,432,333
1755830790.4606066,97,403,208
1755830790.4606066,95,332,307
1755830790.4606066,91,305,261
1755830790.4606066,90,725,337
1755830790.4606066,88,328,214
1755830790.4606066,75,629,315
1755830790.4606066,70,325,168
1755830790.4606066,66,582,347
1755830790.4606066,47,425,305
1755830790.4606066,17,447,255
1755830790.4606066,8,680,532
1755830790.4606066,1,820,490
1755830790.5199745,107,624,343
1755830790.5199745,106,329,355
1755830790.5199745,104,376,317
1755830790.5199745,102,399,176
1755830790.5199745,100,577,238
1755830790.5199745,98,440,329
1755830790.5199745,97,406,208
1755830790.5199745,95,331,305
1755830790.5199745,91,306,261
1755830790.5199745,90,728,338
1755830790.5199745,88,328,215
1755830790.5199745,75,633,316
1755830790.5199745,70,325,169
1755830790.5199745,66,583,347
1755830790.5199745,47,426,305
1755830790.5199745,17,447,255
1755830790.5199745,8,680,532
1755830790.5199745,1,820,490
1755830790.580689,107,628,343
1755830790.580689,106,331,358
1755830790.580689,104,379,315
1755830790.580689,102,398,177
1755830790.580689,100,583,240
1755830790.580689,98,446,325
1755830790.580689,97,409,208
1755830790.580689,95,329,302
1755830790.580689,91,306,261
1755830790.580689,90,732,338
1755830790.580689,88,327,218
1755830790.580689,75,637,317
1755830790.580689,70,326,170
1755830790.580689,66,583,348
1755830790.580689,47,428,304
1755830790.580689,17,447,254
1755830790.580689,8,680,532
1755830790.580689,1,819,490
1755830790.641362,107,627,342
1755830790.641362,106,332,361
1755830790.641362,104,381,311
1755830790.641362,102,395,176
1755830790.641362,100,590,244
1755830790.641362,98,451,323
1755830790.641362,97,410,208
1755830790.641362,96,367,225
1755830790.641362,95,330,300
1755830790.641362,91,306,260
1755830790.641362,90,735,338
1755830790.641362,88,328,219
1755830790.641362,75,639,316
1755830790.641362,70,327,170
1755830790.641362,66,584,348
1755830790.641362,47,429,305
1755830790.641362,17,447,254
1755830790.641362,8,680,532
1755830790.641362,1,819,490
1755830790.704332,107,634,340
1755830790.704332,106,332,363
1755830790.704332,104,384,307
1755830790.704332,102,401,177
1755830790.704332,100,599,247
1755830790.704332,98,455,321
1755830790.704332,97,410,208
1755830790.704332,96,366,224
1755830790.704332,95,330,298
1755830790.704332,91,305,260
1755830790.704332,90,739,339
1755830790.704332,88,329,221
1755830790.704332,75,642,326
1755830790.704332,70,327,170
1755830790.704332,66,585,348
1755830790.704332,47,429,305
1755830790.704332,17,448,256
1755830790.704332,8,679,532
1755830790.704332,1,819,490
1755830790.7652762,107,639,340
1755830790.7652762,106,333,364
1755830790.7652762,104,386,304
1755830790.7652762,102,403,178
1755830790.7652762,100,606,250
1755830790.7652762,98,460,319
1755830790.7652762,97,410,207
1755830790.7652762,95,330,297
1755830790.7652762,91,306,260
1755830790.7652762,90,743,340
1755830790.7652762,88,328,219
1755830790.7652762,75,645,332
1755830790.7652762,70,327,171
1755830790.7652762,66,586,348
1755830790.7652762,47,430,304
1755830790.7652762,17,448,257
1755830790.7652762,8,679,533
1755830790.7652762,1,820,489
1755830790.8254697,107,643,339
1755830790.8254697,106,333,366
1755830790.8254697,104,386,302
1755830790.8254697,102,405,178
1755830790.8254697,100,611,254
1755830790.8254697,98,464,318
1755830790.8254697,97,411,207
1755830790.8254697,95,331,296
1755830790.8254697,91,305,260
1755830790.8254697,90,746,342
1755830790.8254697,88,330,216
1755830790.8254697,75,648,334
1755830790.8254697,70,327,171
1755830790.8254697,66,586,347
1755830790.8254697,47,429,304
1755830790.8254697,17,448,257
1755830790.8254697,8,679,533
1755830790.8254697,1,820,489
1755830790.8887568,107,643,341
1755830790.8887568,106,334,368
1755830790.8887568,104,386,300
1755830790.8887568,102,404,179
1755830790.8887568,100,616,257
1755830790.8887568,98,470,317
1755830790.8887568,97,411,207
1755830790.8887568,95,330,295
1755830790.8887568,91,304,260
1755830790.8887568,90,749,342
1755830790.8887568,88,330,212
1755830790.8887568,75,657,331
1755830790.8887568,70,327,171
1755830790.8887568,66,586,347
1755830790.8887568,47,429,303
1755830790.8887568,17,448,258
1755830790.8887568,8,677,533
1755830790.8887568,1,820,489
1755830790.9495735,107,643,341
1755830790.9495735,106,336,370
1755830790.9495735,104,386,298
1755830790.9495735,102,404,179
1755830790.9495735,100,621,259
1755830790.9495735,98,473,316
1755830790.9495735,97,413,209
1755830790.9495735,95,329,294
1755830790.9495735,91,302,259
1755830790.9495735,90,753,342
1755830790.9495735,75,664,329
1755830790.9495735,70,327,172
1755830790.9495735,66,587,346
1755830790.9495735,47,429,303
1755830790.9495735,17,451,258
1755830790.9495735,8,677,534
1755830790.9495735,1,821,489
1755830791.0143752,107,656,340
1755830791.0143752,106,337,372
1755830791.0143752,104,386,297
1755830791.0143752,102,405,181
1755830791.0143752,100,626,262
1755830791.0143752,98,482,314
1755830791.0143752,97,414,209
1755830791.0143752,95,328,292
1755830791.0143752,91,302,258
1755830791.0143752,90,755,343
1755830791.0143752,75,668,329
1755830791.0143752,70,328,172
1755830791.0143752,66,587,346
1755830791.0143752,47,429,303
1755830791.0143752,17,451,260
1755830791.0143752,8,677,533
1755830791.0143752,1,821,488
1755830791.082582,107,661,340
1755830791.082582,106,338,375
1755830791.082582,104,389,294
1755830791.082582,102,406,179
1755830791.082582,100,631,266
1755830791.082582,98,486,312
1755830791.082582,97,415,208
1755830791.082582,95,329,291
1755830791.082582,91,302,259
1755830791.082582,90,759,343
1755830791.082582,75,676,329
1755830791.082582,70,328,172
1755830791.082582,66,588,345
1755830791.082582,47,429,302
1755830791.082582,17,451,260
1755830791.082582,8,677,533
1755830791.082582,1,820,488
1755830791.1530828,107,664,341
1755830791.1530828,106,340,376
1755830791.1530828,104,392,290
1755830791.1530828,102,405,179
1755830791.1530828,100,636,269
1755830791.1530828,98,491,311
1755830791.1530828,97,416,209
1755830791.1530828,95,328,289
1755830791.1530828,91,302,258
1755830791.1530828,90,763,343
1755830791.1530828,75,682,327
1755830791.1530828,70,328,173
1755830791.1530828,66,589,344
1755830791.1530828,47,429,303
1755830791.1530828,17,453,258
1755830791.1530828,8,677,534
1755830791.1530828,1,820,488
1755830791.2178874,107,669,341
1755830791.2178874,106,341,378
1755830791.2178874,104,393,288
1755830791.2178874,102,407,178
1755830791.2178874,100,643,274
1755830791.2178874,98,495,310
1755830791.2178874,97,416,209
1755830791.2178874,95,328,287
1755830791.2178874,91,302,257
1755830791.2178874,90,765,344
1755830791.2178874,75,686,326
1755830791.2178874,70,329,173
1755830791.2178874,66,589,343
1755830791.2178874,47,430,302
1755830791.2178874,17,454,258
1755830791.2178874,8,677,534
1755830791.2178874,1,820,488
1755830791.2876167,107,676,339
1755830791.2876167,106,341,381
1755830791.2876167,104,396,285
1755830791.2876167,102,409,177
1755830791.2876167,100,648,276
1755830791.2876167,98,499,310
1755830791.2876167,97,417,209
1755830791.2876167,95,329,286
1755830791.2876167,91,302,257
1755830791.2876167,90,767,344
1755830791.2876167,75,686,325
1755830791.2876167,70,329,173
1755830791.2876167,66,591,342
1755830791.2876167,47,429,301
1755830791.2876167,17,454,258
1755830791.2876167,8,677,533
1755830791.2876167,1,821,488
1755830791.3570535,107,680,338
1755830791.3570535,106,341,384
1755830791.3570535,104,399,282
1755830791.3570535,102,410,176
1755830791.3570535,100,653,278
1755830791.3570535,98,506,307
1755830791.3570535,97,417,208
1755830791.3570535,95,328,283
1755830791.3570535,91,302,257
1755830791.3570535,90,770,345
1755830791.3570535,75,686,324
1755830791.3570535,70,330,174
1755830791.3570535,66,592,340
1755830791.3570535,47,430,301
1755830791.3570535,17,453,257
1755830791.3570535,8,677,533
1755830791.3570535,1,821,488
1755830791.418096,107,681,339
1755830791.418096,106,341,386
1755830791.418096,104,400,280
1755830791.418096,102,410,176
1755830791.418096,100,659,282
1755830791.418096,98,511,306
1755830791.418096,97,418,208
1755830791.418096,91,302,257
1755830791.418096,90,775,347
1755830791.418096,75,688,324
1755830791.418096,70,330,174
1755830791.418096,66,592,339
1755830791.418096,47,430,301
1755830791.418096,17,454,257
1755830791.418096,8,676,533
1755830791.418096,1,821,488
1755830791.4794962,107,684,339
1755830791.4794962,106,340,387
1755830791.4794962,104,400,278
1755830791.4794962,102,411,175
1755830791.4794962,100,664,284
1755830791.4794962,98,515,306
1755830791.4794962,97,420,207
1755830791.4794962,91,305,257
1755830791.4794962,90,779,348
1755830791.4794962,75,691,327
1755830791.4794962,70,331,176
1755830791.4794962,66,591,336
1755830791.4794962,47,431,301
1755830791.4794962,17,456,257
1755830791.4794962,8,677,533
1755830791.4794962,1,822,488
1755830791.5415065,107,687,339
1755830791.5415065,106,341,390
1755830791.5415065,104,400,275
1755830791.5415065,102,411,175
1755830791.5415065,100,671,287
1755830791.5415065,98,520,304
1755830791.5415065,97,421,207
1755830791.5415065,91,304,256
1755830791.5415065,90,781,349
1755830791.5415065,75,698,324
1755830791.5415065,70,332,177
1755830791.5415065,66,590,335
1755830791.5415065,47,432,301
1755830791.5415065,17,456,256
1755830791.5415065,8,677,533
1755830791.5415065,1,822,488
1755830791.6078181,107,692,339
1755830791.6078181,106,343,392
1755830791.6078181,104,400,274
1755830791.6078181,102,412,175
1755830791.6078181,100,678,289
1755830791.6078181,98,525,303
1755830791.6078181,97,422,207
1755830791.6078181,91,304,256
1755830791.6078181,90,784,349
1755830791.6078181,75,699,324
1755830791.6078181,70,330,178
1755830791.6078181,66,591,333
1755830791.6078181,47,433,300
1755830791.6078181,17,458,256
1755830791.6078181,8,677,533
1755830791.6078181,1,822,488
1755830791.6743553,107,696,338
1755830791.6743553,106,345,396
1755830791.6743553,104,400,272
1755830791.6743553,102,414,174
1755830791.6743553,100,682,292
1755830791.6743553,98,531,302
1755830791.6743553,97,422,206
1755830791.6743553,91,303,256
1755830791.6743553,90,787,349
1755830791.6743553,70,329,178
1755830791.6743553,66,592,331
1755830791.6743553,47,432,300
1755830791.6743553,17,459,255
1755830791.6743553,8,677,533
1755830791.6743553,1,822,487
1755830791.735873,107,700,340
1755830791.735873,106,347,398
1755830791.735873,104,400,270
1755830791.735873,102,414,172
1755830791.735873,100,689,293
1755830791.735873,98,540,301
1755830791.735873,97,422,206
1755830791.735873,91,302,255
1755830791.735873,90,791,351
1755830791.735873,70,328,178
1755830791.735873,66,593,330
1755830791.735873,47,432,299
1755830791.735873,17,462,254
1755830791.735873,8,677,534
1755830791.735873,1,821,487
1755830791.7947733,109,1054,667
1755830791.7947733,107,705,341
1755830791.7947733,106,349,400
1755830791.7947733,104,400,268
1755830791.7947733,102,415,172
1755830791.7947733,100,695,293
1755830791.7947733,98,545,301
1755830791.7947733,97,423,206
1755830791.7947733,95,336,287
1755830791.7947733,91,301,254
1755830791.7947733,90,793,352
1755830791.7947733,75,711,317
1755830791.7947733,70,329,178
1755830791.7947733,66,593,329
1755830791.7947733,47,432,299
1755830791.7947733,17,463,253
1755830791.7947733,8,677,533
1755830791.7947733,1,821,487
1755830791.8547223,109,1052,668
1755830791.8547223,107,708,342
1755830791.8547223,106,350,403
1755830791.8547223,104,400,267
1755830791.8547223,102,414,172
1755830791.8547223,100,702,295
1755830791.8547223,98,552,300
1755830791.8547223,97,424,206
1755830791.8547223,95,336,289
1755830791.8547223,91,301,255
1755830791.8547223,90,797,353
1755830791.8547223,70,330,179
1755830791.8547223,66,594,326
1755830791.8547223,47,431,298
1755830791.8547223,17,463,254
1755830791.8547223,8,677,533
1755830791.8547223,1,821,486
1755830791.9254315,109,1053,669
1755830791.9254315,107,712,344
1755830791.9254315,106,350,405
1755830791.9254315,104,404,263
1755830791.9254315,102,414,172
1755830791.9254315,100,706,296
1755830791.9254315,98,560,299
1755830791.9254315,97,425,206
1755830791.9254315,95,336,290
1755830791.9254315,91,301,255
1755830791.9254315,90,800,354
1755830791.9254315,70,329,179
1755830791.9254315,66,595,324
1755830791.9254315,47,431,297
1755830791.9254315,17,463,254
1755830791.9254315,8,677,534
1755830791.9254315,1,821,486
1755830792.0021691,107,713,346
1755830792.0021691,106,352,408
1755830792.0021691,104,406,261
1755830792.0021691,102,416,172
1755830792.0021691,100,712,297
1755830792.0021691,98,563,299
1755830792.0021691,97,426,205
1755830792.0021691,95,335,290
1755830792.0021691,91,302,254
1755830792.0021691,90,803,355
1755830792.0021691,70,326,180
1755830792.0021691,66,595,322
1755830792.0021691,47,432,297
1755830792.0021691,17,463,254
1755830792.0021691,8,676,534
1755830792.0021691,1,822,486
1755830792.0675416,107,713,348
1755830792.0675416,106,354,409
1755830792.0675416,104,407,258
1755830792.0675416,102,415,172
1755830792.0675416,100,715,298
1755830792.0675416,98,567,298
1755830792.0675416,97,426,205
1755830792.0675416,95,333,293
1755830792.0675416,91,303,254
1755830792.0675416,90,805,356
1755830792.0675416,75,722,312
1755830792.0675416,70,324,180
1755830792.0675416,66,595,322
1755830792.0675416,47,432,297
1755830792.0675416,17,464,254
1755830792.0675416,8,677,534
1755830792.0675416,1,822,486
1755830792.1390188,107,715,349
1755830792.1390188,106,357,411
1755830792.1390188,104,407,256
1755830792.1390188,102,415,171
1755830792.1390188,100,721,299
1755830792.1390188,98,569,298
1755830792.1390188,97,426,205
1755830792.1390188,95,332,294
1755830792.1390188,91,304,254
1755830792.1390188,90,808,357
1755830792.1390188,75,726,311
1755830792.1390188,70,325,179
1755830792.1390188,66,596,320
1755830792.1390188,47,433,296
1755830792.1390188,17,467,255
1755830792.1390188,8,678,534
1755830792.1390188,1,823,485
1755830792.204757,111,327,138
1755830792.204757,109,1054,668
1755830792.204757,107,716,351
1755830792.204757,106,359,412
1755830792.204757,104,407,254
1755830792.204757,102,417,169
1755830792.204757,100,725,300
1755830792.204757,98,572,298
1755830792.204757,97,429,205
1755830792.204757,91,304,254
1755830792.204757,90,812,358
1755830792.204757,75,731,311
1755830792.204757,70,324,179
1755830792.204757,66,598,319
1755830792.204757,47,434,295
1755830792.204757,17,468,256
1755830792.204757,8,678,534
1755830792.204757,1,823,485
1755830792.272362,107,718,354
1755830792.272362,106,362,413
1755830792.272362,104,408,251
1755830792.272362,102,417,168
1755830792.272362,100,725,297
1755830792.272362,98,579,297
1755830792.272362,97,430,206
1755830792.272362,91,303,254
1755830792.272362,90,816,359
1755830792.272362,75,735,312
1755830792.272362,70,325,179
1755830792.272362,66,603,318
1755830792.272362,47,434,295
1755830792.272362,17,470,258
1755830792.272362,8,677,534
1755830792.272362,1,825,486
1755830792.3393404,107,720,356
1755830792.3393404,106,365,413
1755830792.3393404,104,407,250
1755830792.3393404,102,418,168
1755830792.3393404,100,727,296
1755830792.3393404,98,587,294
1755830792.3393404,97,430,207
1755830792.3393404,91,302,254
1755830792.3393404,90,818,360
1755830792.3393404,75,738,311
1755830792.3393404,70,325,179
1755830792.3393404,66,607,316
1755830792.3393404,47,434,295
1755830792.3393404,17,471,259
1755830792.3393404,8,676,534
1755830792.3393404,1,825,486
1755830792.405261,112,745,335
1755830792.405261,107,722,357
1755830792.405261,106,368,414
1755830792.405261,104,408,249
1755830792.405261,102,418,168
1755830792.405261,100,737,300
1755830792.405261,98,595,294
1755830792.405261,97,432,206
1755830792.405261,91,301,253
1755830792.405261,90,823,361
1755830792.405261,75,743,312
1755830792.405261,70,326,180
1755830792.405261,66,609,315
1755830792.405261,47,434,295
1755830792.405261,17,471,259
1755830792.405261,8,676,535
1755830792.405261,1,825,486
1755830792.4758067,112,747,335
1755830792.4758067,107,724,359
1755830792.4758067,106,371,414
1755830792.4758067,104,407,249
1755830792.4758067,102,420,167
1755830792.4758067,100,736,295
1755830792.4758067,98,599,293
1755830792.4758067,97,434,204
1755830792.4758067,91,300,253
1755830792.4758067,90,827,362
1755830792.4758067,75,747,310
1755830792.4758067,70,326,181
1755830792.4758067,66,610,315
1755830792.4758067,47,434,294
1755830792.4758067,17,473,260
1755830792.4758067,8,676,534
1755830792.4758067,1,825,485
1755830792.5731788,112,749,335
1755830792.5731788,109,1053,667
1755830792.5731788,107,725,360
1755830792.5731788,106,374,414
1755830792.5731788,104,407,248
1755830792.5731788,102,421,168
1755830792.5731788,100,738,293
1755830792.5731788,98,602,292
1755830792.5731788,97,435,204
1755830792.5731788,91,300,253
1755830792.5731788,90,831,363
1755830792.5731788,75,751,309
1755830792.5731788,70,326,182
1755830792.5731788,66,613,314
1755830792.5731788,47,434,294
1755830792.5731788,17,474,261
1755830792.5731788,8,676,535
1755830792.5731788,1,824,486
1755830792.641485,112,754,336
1755830792.641485,107,728,361
1755830792.641485,106,378,413
1755830792.641485,104,406,247
1755830792.641485,102,423,169
1755830792.641485,100,740,290
1755830792.641485,98,609,297
1755830792.641485,97,437,203
1755830792.641485,91,300,253
1755830792.641485,90,834,364
1755830792.641485,75,754,307
1755830792.641485,70,325,182
1755830792.641485,66,615,311
1755830792.641485,47,434,294
1755830792.641485,17,475,262
1755830792.641485,8,676,535
1755830792.641485,1,824,486
1755830792.717641,112,759,337
1755830792.717641,107,732,363
1755830792.717641,106,380,413
1755830792.717641,104,405,246
1755830792.717641,102,425,168
1755830792.717641,100,741,288
1755830792.717641,98,618,291
1755830792.717641,97,437,203
1755830792.717641,91,301,254
1755830792.717641,90,839,364
1755830792.717641,75,758,306
1755830792.717641,70,324,182
1755830792.717641,66,619,311
1755830792.717641,47,434,294
1755830792.717641,17,477,263
1755830792.717641,8,677,535
1755830792.717641,1,824,486
1755830792.786085,113,328,238
1755830792.786085,112,761,338
1755830792.786085,109,1052,668
1755830792.786085,107,735,365
1755830792.786085,106,384,411
1755830792.786085,104,405,245
1755830792.786085,102,426,168
1755830792.786085,100,743,286
1755830792.786085,98,622,289
1755830792.786085,97,438,203
1755830792.786085,91,300,254
1755830792.786085,90,843,365
1755830792.786085,75,761,308
1755830792.786085,70,323,179
1755830792.786085,66,623,310
1755830792.786085,47,436,293
1755830792.786085,17,478,264
1755830792.786085,8,677,535
1755830792.786085,1,823,486
1755830792.859237,113,328,235
1755830792.859237,112,763,338
1755830792.859237,109,1054,668
1755830792.859237,107,738,367
1755830792.859237,106,387,410
1755830792.859237,104,404,245
1755830792.859237,102,427,168
1755830792.859237,100,748,284
1755830792.859237,98,624,287
1755830792.859237,97,440,203
1755830792.859237,91,300,254
1755830792.859237,90,846,366
1755830792.859237,75,764,308
1755830792.859237,70,323,175
1755830792.859237,66,626,310
1755830792.859237,47,436,293
1755830792.859237,17,478,264
1755830792.859237,8,676,535
1755830792.859237,1,823,486
1755830792.9255304,113,327,235
1755830792.9255304,112,765,338
1755830792.9255304,109,1054,668
1755830792.9255304,107,739,369
1755830792.9255304,106,389,408
1755830792.9255304,104,403,244
1755830792.9255304,102,427,168
1755830792.9255304,100,749,282
1755830792.9255304,98,629,285
1755830792.9255304,97,440,202
1755830792.9255304,91,300,253
1755830792.9255304,90,850,366
1755830792.9255304,75,766,308
1755830792.9255304,70,323,172
1755830792.9255304,66,631,310
1755830792.9255304,47,436,293
1755830792.9255304,17,479,265
1755830792.9255304,8,675,535
1755830792.9255304,1,823,486
1755830792.9876983,113,329,232
1755830792.9876983,112,767,339
1755830792.9876983,109,1053,669
1755830792.9876983,107,741,370
1755830792.9876983,106,393,406
1755830792.9876983,104,403,244
1755830792.9876983,102,430,168
1755830792.9876983,100,749,283
1755830792.9876983,98,636,284
1755830792.9876983,97,441,202
1755830792.9876983,91,300,253
1755830792.9876983,90,853,366
1755830792.9876983,75,769,308
1755830792.9876983,70,323,169
1755830792.9876983,66,633,309
1755830792.9876983,47,435,292
1755830792.9876983,17,479,264
1755830792.9876983,8,676,535
1755830792.9876983,1,823,486
1755830793.0577462,113,329,229
1755830793.0577462,112,768,338
1755830793.0577462,109,1052,668
1755830793.0577462,107,742,371
1755830793.0577462,106,395,404
1755830793.0577462,104,403,244
1755830793.0577462,100,749,282
1755830793.0577462,97,441,202
1755830793.0577462,91,301,252
1755830793.0577462,90,855,366
1755830793.0577462,75,770,307
1755830793.0577462,70,323,170
1755830793.0577462,66,636,308
1755830793.0577462,47,435,293
1755830793.0577462,17,480,263
1755830793.0577462,8,676,535
1755830793.0577462,1,823,486
1755830793.1187682,113,331,228
1755830793.1187682,109,1053,668
1755830793.1187682,107,743,373
1755830793.1187682,106,397,404
1755830793.1187682,104,405,242
1755830793.1187682,100,751,281
1755830793.1187682,97,443,201
1755830793.1187682,91,301,252
1755830793.1187682,90,860,366
1755830793.1187682,75,772,307
1755830793.1187682,70,323,169
1755830793.1187682,66,639,307
1755830793.1187682,47,435,293
1755830793.1187682,17,488,268
1755830793.1187682,8,675,535
1755830793.1187682,1,823,486
1755830793.188416,114,325,192
1755830793.188416,113,330,227
1755830793.188416,109,1054,668
1755830793.188416,107,744,374
1755830793.188416,106,398,403
1755830793.188416,104,406,241
1755830793.188416,100,752,280
1755830793.188416,97,443,201
1755830793.188416,91,301,252
1755830793.188416,90,864,367
1755830793.188416,75,774,306
1755830793.188416,70,323,170
1755830793.188416,66,643,306
1755830793.188416,47,435,293
1755830793.188416,17,497,273
1755830793.188416,8,675,535
1755830793.188416,1,823,486
1755830793.2600968,114,325,195
1755830793.2600968,113,329,226
1755830793.2600968,107,747,376
1755830793.2600968,106,402,398
1755830793.2600968,104,406,240
1755830793.2600968,102,439,170
1755830793.2600968,100,753,278
1755830793.2600968,98,654,281
1755830793.2600968,97,443,201
1755830793.2600968,91,301,252
1755830793.2600968,90,867,366
1755830793.2600968,75,779,305
1755830793.2600968,70,323,169
1755830793.2600968,66,647,304
1755830793.2600968,47,437,292
1755830793.2600968,17,501,275
1755830793.2600968,8,675,535
1755830793.2600968,1,822,486
1755830793.3284616,114,325,195
1755830793.3284616,113,329,224
1755830793.3284616,107,749,378
1755830793.3284616,106,403,395
1755830793.3284616,104,407,239
1755830793.3284616,102,441,169
1755830793.3284616,100,752,278
1755830793.3284616,97,444,200
1755830793.3284616,91,302,252
1755830793.3284616,90,872,366
1755830793.3284616,75,783,305
1755830793.3284616,70,322,170
1755830793.3284616,66,651,303
1755830793.3284616,47,438,292
1755830793.3284616,17,504,277
1755830793.3284616,8,675,535
1755830793.3284616,1,823,486
1755830793.3977616,114,326,196
1755830793.3977616,113,329,223
1755830793.3977616,112,774,342
1755830793.3977616,109,1053,668
1755830793.3977616,107,750,380
1755830793.3977616,106,405,392
1755830793.3977616,104,407,238
1755830793.3977616,102,441,168
1755830793.3977616,97,445,200
1755830793.3977616,91,303,252
1755830793.3977616,90,875,366
1755830793.3977616,75,786,306
1755830793.3977616,70,322,170
1755830793.3977616,66,653,301
1755830793.3977616,47,439,291
1755830793.3977616,17,506,279
1755830793.3977616,8,674,535
1755830793.3977616,1,823,486
1755830793.4756708,114,326,196
1755830793.4756708,113,331,223
1755830793.4756708,112,774,342
1755830793.4756708,109,1054,669
1755830793.4756708,107,753,383
1755830793.4756708,106,405,390
1755830793.4756708,104,407,238
1755830793.4756708,102,443,167
1755830793.4756708,97,446,198
1755830793.4756708,91,303,252
1755830793.4756708,90,878,365
1755830793.4756708,75,789,306
1755830793.4756708,70,321,171
1755830793.4756708,66,657,299
1755830793.4756708,47,439,291
1755830793.4756708,17,508,280
1755830793.4756708,8,673,535
1755830793.4756708,1,823,486
1755830793.5451324,114,326,196
1755830793.5451324,113,331,224
1755830793.5451324,112,774,343
1755830793.5451324,109,1053,669
1755830793.5451324,107,754,385
1755830793.5451324,106,408,386
1755830793.5451324,104,407,237
1755830793.5451324,97,447,197
1755830793.5451324,91,304,252
1755830793.5451324,90,881,365
1755830793.5451324,75,793,306
1755830793.5451324,70,321,172
1755830793.5451324,66,662,299
1755830793.5451324,47,441,291
1755830793.5451324,17,511,283
1755830793.5451324,8,674,535
1755830793.5451324,1,823,485
1755830793.616133,116,372,168
1755830793.616133,114,327,197
1755830793.616133,113,332,223
1755830793.616133,112,774,343
1755830793.616133,109,1053,669
1755830793.616133,107,755,387
1755830793.616133,106,409,383
1755830793.616133,104,407,237
1755830793.616133,97,447,198
1755830793.616133,91,305,253
1755830793.616133,90,883,365
1755830793.616133,75,796,306
1755830793.616133,70,321,170
1755830793.616133,66,664,299
1755830793.616133,47,441,291
1755830793.616133,17,513,284
1755830793.616133,8,674,535
1755830793.616133,1,824,485
1755830793.6909678,116,372,168
1755830793.6909678,114,330,197
1755830793.6909678,113,332,222
1755830793.6909678,112,774,342
1755830793.6909678,109,1054,669
1755830793.6909678,107,759,389
1755830793.6909678,106,410,381
1755830793.6909678,104,408,237
1755830793.6909678,100,755,272
1755830793.6909678,97,447,197
1755830793.6909678,91,306,253
1755830793.6909678,90,885,364
1755830793.6909678,75,801,307
1755830793.6909678,70,322,170
1755830793.6909678,66,665,300
1755830793.6909678,47,443,291
1755830793.6909678,17,515,285
1755830793.6909678,8,675,535
1755830793.6909678,1,823,485
1755830793.7652984,116,371,169
1755830793.7652984,114,330,198
1755830793.7652984,113,333,221
1755830793.7652984,112,773,343
1755830793.7652984,109,1053,669
1755830793.7652984,107,760,390
1755830793.7652984,106,412,376
1755830793.7652984,104,408,236
1755830793.7652984,97,446,197
1755830793.7652984,91,306,253
1755830793.7652984,90,887,364
1755830793.7652984,75,804,309
1755830793.7652984,70,322,169
1755830793.7652984,66,668,299
1755830793.7652984,47,444,291
1755830793.7652984,17,519,286
1755830793.7652984,8,674,535
1755830793.7652984,1,823,485
1755830793.836938,117,336,361
1755830793.836938,116,372,169
1755830793.836938,114,330,198
1755830793.836938,112,772,343
1755830793.836938,109,1052,668
1755830793.836938,107,763,392
1755830793.836938,106,412,372
1755830793.836938,104,408,236
1755830793.836938,97,448,196
1755830793.836938,91,308,253
1755830793.836938,90,887,363
1755830793.836938,75,807,310
1755830793.836938,70,322,170
1755830793.836938,66,673,298
1755830793.836938,47,446,292
1755830793.836938,17,520,288
1755830793.836938,8,674,534
1755830793.836938,1,823,486
1755830793.902224,117,337,362
1755830793.902224,116,372,168
1755830793.902224,114,330,198
1755830793.902224,112,771,343
1755830793.902224,109,1052,668
1755830793.902224,107,765,394
1755830793.902224,106,413,369
1755830793.902224,104,407,236
1755830793.902224,97,448,195
1755830793.902224,91,308,253
1755830793.902224,90,888,363
1755830793.902224,75,808,312
1755830793.902224,70,322,171
1755830793.902224,66,677,297
1755830793.902224,47,446,293
1755830793.902224,17,522,288
1755830793.902224,8,674,534
1755830793.902224,1,823,486
1755830793.9703345,118,690,272
1755830793.9703345,117,338,364
1755830793.9703345,116,371,168
1755830793.9703345,114,330,197
1755830793.9703345,113,329,217
1755830793.9703345,112,769,343
1755830793.9703345,109,1052,668
1755830793.9703345,107,766,395
1755830793.9703345,106,414,364
1755830793.9703345,104,406,236
1755830793.9703345,97,448,195
1755830793.9703345,91,308,253
1755830793.9703345,90,888,362
1755830793.9703345,75,810,313
1755830793.9703345,70,322,169
1755830793.9703345,66,680,296
1755830793.9703345,47,448,293
1755830793.9703345,17,524,290
1755830793.9703345,8,674,534
1755830793.9703345,1,823,486
1755830794.043536,118,694,270
1755830794.043536,117,338,367
1755830794.043536,116,372,168
1755830794.043536,113,330,213
1755830794.043536,112,768,344
1755830794.043536,109,1053,667
1755830794.043536,107,769,397
1755830794.043536,106,415,361
1755830794.043536,104,404,236
1755830794.043536,97,448,195
1755830794.043536,91,308,253
1755830794.043536,90,890,361
1755830794.043536,75,812,314
1755830794.043536,70,323,168
1755830794.043536,66,682,296
1755830794.043536,47,451,294
1755830794.043536,17,527,291
1755830794.043536,8,673,534
1755830794.043536,1,823,486
1755830794.1126468,118,701,270
1755830794.1126468,117,339,368
1755830794.1126468,116,375,171
1755830794.1126468,112,767,344
1755830794.1126468,109,1054,668
1755830794.1126468,107,772,398
1755830794.1126468,106,416,357
1755830794.1126468,104,402,235
1755830794.1126468,97,448,195
1755830794.1126468,91,308,253
1755830794.1126468,90,891,360
1755830794.1126468,75,813,315
1755830794.1126468,66,683,297
1755830794.1126468,47,454,294
1755830794.1126468,17,530,293
1755830794.1126468,8,673,534
1755830794.1126468,1,823,486
1755830794.1827471,118,706,271
1755830794.1827471,117,340,370
1755830794.1827471,116,375,172
1755830794.1827471,112,766,344
1755830794.1827471,109,1054,669
1755830794.1827471,107,774,401
1755830794.1827471,106,416,355
1755830794.1827471,104,403,235
1755830794.1827471,97,449,196
1755830794.1827471,91,308,253
1755830794.1827471,90,892,359
1755830794.1827471,66,684,298
1755830794.1827471,47,456,294
1755830794.1827471,17,534,294
1755830794.1827471,8,673,533
1755830794.1827471,1,823,486
1755830794.2525513,118,712,269
1755830794.2525513,117,342,370
1755830794.2525513,112,764,344
1755830794.2525513,109,1053,668
1755830794.2525513,107,777,402
1755830794.2525513,106,418,351
1755830794.2525513,102,450,162
1755830794.2525513,97,449,196
1755830794.2525513,91,308,253
1755830794.2525513,90,892,357
1755830794.2525513,66,684,297
1755830794.2525513,47,459,295
1755830794.2525513,17,538,295
1755830794.2525513,8,673,533
1755830794.2525513,1,822,487
1755830794.3177733,118,715,267
1755830794.3177733,117,344,371
1755830794.3177733,112,761,345
1755830794.3177733,109,1052,666
1755830794.3177733,107,780,404
1755830794.3177733,106,419,349
1755830794.3177733,97,450,196
1755830794.3177733,91,308,253
1755830794.3177733,90,891,357
1755830794.3177733,66,687,298
1755830794.3177733,47,462,297
1755830794.3177733,17,542,296
1755830794.3177733,8,673,534
1755830794.3177733,1,822,487
1755830794.3838687,118,716,266
1755830794.3838687,117,346,371
1755830794.3838687,112,758,346
1755830794.3838687,109,1053,668
1755830794.3838687,107,781,405
1755830794.3838687,106,419,344
1755830794.3838687,97,450,196
1755830794.3838687,91,308,252
1755830794.3838687,66,689,297
1755830794.3838687,47,465,298
1755830794.3838687,17,546,297
1755830794.3838687,8,674,534
1755830794.3838687,1,823,487
1755830794.445805,118,719,266
1755830794.445805,117,347,370
1755830794.445805,112,756,347
1755830794.445805,109,1053,668
1755830794.445805,107,784,406
1755830794.445805,106,420,341
1755830794.445805,97,450,196
1755830794.445805,91,307,252
1755830794.445805,70,322,173
1755830794.445805,66,690,297
1755830794.445805,47,466,300
1755830794.445805,17,547,298
1755830794.445805,8,674,533
1755830794.445805,1,823,487
1755830794.5131857,118,722,266
1755830794.5131857,117,348,371
1755830794.5131857,112,754,348
1755830794.5131857,109,1053,668
1755830794.5131857,107,785,408
1755830794.5131857,106,420,339
1755830794.5131857,97,449,195
1755830794.5131857,91,307,252
1755830794.5131857,90,890,352
1755830794.5131857,70,321,174
1755830794.5131857,66,690,297
1755830794.5131857,47,469,301
1755830794.5131857,17,549,299
1755830794.5131857,8,673,533
1755830794.5131857,1,824,487
1755830794.5813673,118,725,266
1755830794.5813673,117,349,371
1755830794.5813673,112,752,348
1755830794.5813673,109,1054,667
1755830794.5813673,107,786,409
1755830794.5813673,106,420,337
1755830794.5813673,97,451,195
1755830794.5813673,91,308,253
1755830794.5813673,90,890,351
1755830794.5813673,70,322,176
1755830794.5813673,66,692,297
1755830794.5813673,47,469,301
1755830794.5813673,17,554,300
1755830794.5813673,8,673,534
1755830794.5813673,1,824,487
1755830794.6446395,118,728,267
1755830794.6446395,117,351,372
1755830794.6446395,112,748,349
1755830794.6446395,109,1054,668
1755830794.6446395,107,788,411
1755830794.6446395,106,420,333
1755830794.6446395,97,451,195
1755830794.6446395,91,308,252
1755830794.6446395,90,890,350
1755830794.6446395,75,831,329
1755830794.6446395,70,322,177
1755830794.6446395,66,693,297
1755830794.6446395,47,472,302
1755830794.6446395,17,556,300
1755830794.6446395,8,674,534
1755830794.6446395,1,824,487
1755830794.7075999,118,734,269
1755830794.7075999,117,352,372
1755830794.7075999,112,743,348
1755830794.7075999,109,1053,668
1755830794.7075999,107,790,413
1755830794.7075999,106,420,330
1755830794.7075999,97,451,195
1755830794.7075999,91,308,253
1755830794.7075999,90,890,349
1755830794.7075999,75,833,331
1755830794.7075999,70,322,178
1755830794.7075999,66,693,297
1755830794.7075999,47,473,304
1755830794.7075999,17,558,301
1755830794.7075999,8,674,534
1755830794.7075999,1,824,487
1755830794.8174427,120,817,293
1755830794.8174427,118,740,271
1755830794.8174427,117,354,371
1755830794.8174427,112,739,349
1755830794.8174427,109,1053,668
1755830794.8174427,107,791,415
1755830794.8174427,106,421,328
1755830794.8174427,97,453,195
1755830794.8174427,91,308,253
1755830794.8174427,90,890,347
1755830794.8174427,75,833,333
1755830794.8174427,70,322,178
1755830794.8174427,66,697,297
1755830794.8174427,47,475,305
1755830794.8174427,17,565,303
1755830794.8174427,8,674,534
1755830794.8174427,1,824,487
1755830794.8988373,121,404,234
1755830794.8988373,120,821,296
1755830794.8988373,118,745,274
1755830794.8988373,117,356,372
1755830794.8988373,112,735,349
1755830794.8988373,109,1052,668
1755830794.8988373,107,793,417
1755830794.8988373,106,422,325
1755830794.8988373,97,454,194
1755830794.8988373,91,309,253
1755830794.8988373,90,889,346
1755830794.8988373,75,835,338
1755830794.8988373,70,325,178
1755830794.8988373,66,698,298
1755830794.8988373,47,477,306
1755830794.8988373,17,571,305
1755830794.8988373,8,675,534
1755830794.8988373,1,824,487
