timestamp,fish_id,x_coordinate,y_coordinate
1756495478.9823601,14,322,230
1756495478.9823601,13,346,174
1756495478.9823601,12,341,322
1756495478.9823601,11,321,207
1756495478.9823601,10,644,577
1756495478.9823601,9,393,201
1756495478.9823601,8,666,540
1756495478.9823601,7,323,272
1756495478.9823601,6,383,344
1756495478.9823601,5,383,478
1756495478.9823601,4,260,495
1756495478.9823601,3,345,404
1756495478.9823601,2,278,417
1756495478.9823601,1,488,370
1756495481.1479216,13,345,170
1756495481.1479216,12,342,322
1756495481.1479216,11,321,207
1756495481.1479216,10,644,577
1756495481.1479216,9,393,200
1756495481.1479216,8,666,540
1756495481.1479216,7,323,273
1756495481.1479216,6,383,341
1756495481.1479216,5,382,478
1756495481.1479216,4,260,496
1756495481.1479216,3,346,403
1756495481.1479216,2,277,417
1756495481.1479216,1,488,370
1756495481.1966863,13,345,173
1756495481.1966863,12,340,321
1756495481.1966863,11,321,207
1756495481.1966863,10,645,577
1756495481.1966863,9,392,201
1756495481.1966863,8,666,539
1756495481.1966863,7,323,274
1756495481.1966863,6,384,338
1756495481.1966863,5,380,479
1756495481.1966863,4,259,499
1756495481.1966863,3,348,402
1756495481.1966863,2,277,417
1756495481.1966863,1,490,371
1756495481.2348723,13,346,173
1756495481.2348723,12,336,318
1756495481.2348723,11,322,206
1756495481.2348723,10,645,577
1756495481.2348723,9,391,200
1756495481.2348723,8,666,538
1756495481.2348723,7,325,274
1756495481.2348723,6,384,336
1756495481.2348723,5,378,480
1756495481.2348723,4,256,501
1756495481.2348723,3,349,400
1756495481.2348723,2,276,418
1756495481.2348723,1,491,372
1756495481.2732232,13,345,171
1756495481.2732232,11,322,206
1756495481.2732232,10,644,578
1756495481.2732232,9,390,200
1756495481.2732232,8,666,538
1756495481.2732232,7,327,275
1756495481.2732232,6,383,333
1756495481.2732232,5,377,480
1756495481.2732232,4,255,502
1756495481.2732232,3,349,399
1756495481.2732232,2,276,419
1756495481.2732232,1,492,373
1756495481.3067436,13,344,169
1756495481.3067436,11,322,205
1756495481.3067436,10,644,579
1756495481.3067436,9,390,200
1756495481.3067436,8,667,538
1756495481.3067436,7,329,276
1756495481.3067436,6,385,336
1756495481.3067436,5,377,480
1756495481.3067436,4,254,502
1756495481.3067436,3,349,398
1756495481.3067436,2,277,419
1756495481.3067436,1,493,373
1756495481.348336,12,332,322
1756495481.348336,11,321,205
1756495481.348336,10,644,579
1756495481.348336,9,391,200
1756495481.348336,8,667,538
1756495481.348336,7,330,276
1756495481.348336,6,384,336
1756495481.348336,5,377,480
1756495481.348336,4,254,502
1756495481.348336,3,349,396
1756495481.348336,2,276,420
1756495481.348336,1,493,374
1756495481.3849895,15,1049,667
1756495481.3849895,12,332,323
1756495481.3849895,11,322,203
1756495481.3849895,10,644,579
1756495481.3849895,9,391,200
1756495481.3849895,8,667,538
1756495481.3849895,7,329,278
1756495481.3849895,6,387,342
1756495481.3849895,5,376,481
1756495481.3849895,4,253,504
1756495481.3849895,3,349,395
1756495481.3849895,2,275,422
1756495481.3849895,1,496,374
1756495481.4251108,15,1049,668
1756495481.4251108,13,344,169
1756495481.4251108,12,332,324
1756495481.4251108,11,323,202
1756495481.4251108,10,644,579
1756495481.4251108,9,389,199
1756495481.4251108,8,668,537
1756495481.4251108,7,329,281
1756495481.4251108,6,387,342
1756495481.4251108,5,375,482
1756495481.4251108,4,252,504
1756495481.4251108,3,350,393
1756495481.4251108,2,273,423
1756495481.4251108,1,497,375
1756495481.4591174,15,1049,667
1756495481.4591174,13,344,170
1756495481.4591174,12,332,324
1756495481.4591174,11,323,202
1756495481.4591174,10,644,579
1756495481.4591174,9,388,199
1756495481.4591174,8,669,537
1756495481.4591174,7,328,282
1756495481.4591174,6,383,339
1756495481.4591174,5,374,482
1756495481.4591174,4,252,505
1756495481.4591174,3,350,391
1756495481.4591174,2,272,424
1756495481.4591174,1,498,376
1756495481.496461,13,342,170
1756495481.496461,12,331,324
1756495481.496461,11,324,202
1756495481.496461,10,644,580
1756495481.496461,9,387,199
1756495481.496461,8,669,537
1756495481.496461,7,329,284
1756495481.496461,6,383,338
1756495481.496461,5,374,483
1756495481.496461,4,251,505
1756495481.496461,3,350,391
1756495481.496461,2,272,426
1756495481.496461,1,500,376
1756495481.5309503,13,339,169
1756495481.5309503,12,330,322
1756495481.5309503,11,324,202
1756495481.5309503,10,643,579
1756495481.5309503,9,386,199
1756495481.5309503,8,669,537
1756495481.5309503,7,329,284
1756495481.5309503,6,385,340
1756495481.5309503,5,373,483
1756495481.5309503,4,251,506
1756495481.5309503,3,350,389
1756495481.5309503,2,271,428
1756495481.5309503,1,502,377
1756495481.5658014,13,338,169
1756495481.5658014,12,328,321
1756495481.5658014,11,324,202
1756495481.5658014,10,643,578
1756495481.5658014,9,385,199
1756495481.5658014,8,670,536
1756495481.5658014,7,330,286
1756495481.5658014,6,386,342
1756495481.5658014,5,373,483
1756495481.5658014,4,251,507
1756495481.5658014,3,349,387
1756495481.5658014,2,271,429
1756495481.5658014,1,504,378
1756495481.6022751,13,338,169
1756495481.6022751,12,327,320
1756495481.6022751,11,325,201
1756495481.6022751,10,643,579
1756495481.6022751,9,385,199
1756495481.6022751,8,670,537
1756495481.6022751,7,329,287
1756495481.6022751,6,387,344
1756495481.6022751,5,372,484
1756495481.6022751,4,252,509
1756495481.6022751,3,347,385
1756495481.6022751,2,271,429
1756495481.6022751,1,506,379
1756495481.6417115,16,324,225
1756495481.6417115,13,337,168
1756495481.6417115,12,327,320
1756495481.6417115,11,325,200
1756495481.6417115,10,643,578
1756495481.6417115,9,386,199
1756495481.6417115,8,671,537
1756495481.6417115,7,329,287
1756495481.6417115,6,389,345
1756495481.6417115,5,372,483
1756495481.6417115,4,252,510
1756495481.6417115,3,346,383
1756495481.6417115,2,270,430
1756495481.6417115,1,507,380
1756495481.6780999,13,334,166
1756495481.6780999,12,326,319
1756495481.6780999,11,325,199
1756495481.6780999,10,644,578
1756495481.6780999,9,385,198
1756495481.6780999,8,672,537
1756495481.6780999,7,333,287
1756495481.6780999,6,391,348
1756495481.6780999,5,371,484
1756495481.6780999,4,252,511
1756495481.6780999,3,344,380
1756495481.6780999,2,270,430
1756495481.6780999,1,509,380
1756495481.7150283,13,333,165
1756495481.7150283,12,326,319
1756495481.7150283,11,325,199
1756495481.7150283,10,644,579
1756495481.7150283,9,386,198
1756495481.7150283,8,671,536
1756495481.7150283,7,335,288
1756495481.7150283,6,393,349
1756495481.7150283,5,369,484
1756495481.7150283,4,253,511
1756495481.7150283,3,343,378
1756495481.7150283,2,270,431
1756495481.7150283,1,510,380
1756495481.7516432,13,333,164
1756495481.7516432,11,326,199
1756495481.7516432,10,644,578
1756495481.7516432,9,387,198
1756495481.7516432,8,671,536
1756495481.7516432,7,336,288
1756495481.7516432,6,394,350
1756495481.7516432,5,369,484
1756495481.7516432,4,253,511
1756495481.7516432,3,342,376
1756495481.7516432,2,269,432
1756495481.7516432,1,512,381
1756495481.785986,13,332,164
1756495481.785986,11,326,199
1756495481.785986,10,644,578
1756495481.785986,9,386,198
1756495481.785986,8,671,537
1756495481.785986,7,336,288
1756495481.785986,6,395,351
1756495481.785986,5,369,484
1756495481.785986,4,254,512
1756495481.785986,3,342,375
1756495481.785986,2,268,434
1756495481.785986,1,512,382
1756495481.818398,13,333,164
1756495481.818398,11,326,199
1756495481.818398,10,644,578
1756495481.818398,9,385,197
1756495481.818398,8,672,537
1756495481.818398,7,334,289
1756495481.818398,6,396,352
1756495481.818398,5,368,485
1756495481.818398,4,255,513
1756495481.818398,3,342,373
1756495481.818398,2,268,436
1756495481.818398,1,514,383
1756495481.8571124,17,377,390
1756495481.8571124,13,333,163
1756495481.8571124,11,326,200
1756495481.8571124,10,644,578
1756495481.8571124,9,383,197
1756495481.8571124,8,672,537
1756495481.8571124,7,333,290
1756495481.8571124,6,398,355
1756495481.8571124,5,368,485
1756495481.8571124,4,255,513
1756495481.8571124,3,342,369
1756495481.8571124,2,267,438
1756495481.8571124,1,515,383
1756495481.8947475,18,324,231
1756495481.8947475,17,379,391
1756495481.8947475,13,333,163
1756495481.8947475,11,326,199
1756495481.8947475,10,645,578
1756495481.8947475,9,382,197
1756495481.8947475,8,672,536
1756495481.8947475,7,334,290
1756495481.8947475,6,403,361
1756495481.8947475,5,368,485
1756495481.8947475,4,255,513
1756495481.8947475,3,341,366
1756495481.8947475,2,268,439
1756495481.8947475,1,516,384
1756495481.9297662,18,324,233
1756495481.9297662,17,383,390
1756495481.9297662,13,332,162
1756495481.9297662,11,326,199
1756495481.9297662,10,646,577
1756495481.9297662,9,381,197
1756495481.9297662,8,673,537
1756495481.9297662,7,334,291
1756495481.9297662,6,405,364
1756495481.9297662,5,368,486
1756495481.9297662,4,257,513
1756495481.9297662,3,341,364
1756495481.9297662,2,268,440
1756495481.9297662,1,518,385
1756495481.9632294,18,324,234
1756495481.9632294,17,386,392
1756495481.9632294,11,326,198
1756495481.9632294,10,646,577
1756495481.9632294,9,383,197
1756495481.9632294,8,673,537
1756495481.9632294,7,334,292
1756495481.9632294,6,409,367
1756495481.9632294,5,368,486
1756495481.9632294,4,258,513
1756495481.9632294,3,342,363
1756495481.9632294,2,268,441
1756495481.9632294,1,520,385
1756495481.998063,18,323,235
1756495481.998063,17,387,395
1756495481.998063,11,326,198
1756495481.998063,10,646,577
1756495481.998063,9,384,197
1756495481.998063,8,674,537
1756495481.998063,7,335,294
1756495481.998063,6,412,370
1756495481.998063,5,368,486
1756495481.998063,4,258,514
1756495481.998063,3,342,361
1756495481.998063,2,268,442
1756495481.998063,1,522,385
1756495482.0331078,18,323,236
1756495482.0331078,17,386,397
1756495482.0331078,13,330,162
1756495482.0331078,11,326,197
1756495482.0331078,10,646,577
1756495482.0331078,9,383,197
1756495482.0331078,8,674,537
1756495482.0331078,7,335,297
1756495482.0331078,6,414,373
1756495482.0331078,5,368,486
1756495482.0331078,4,258,514
1756495482.0331078,3,342,360
1756495482.0331078,2,268,444
1756495482.0331078,1,523,385
1756495482.0687306,18,323,232
1756495482.0687306,17,386,400
1756495482.0687306,11,325,197
1756495482.0687306,10,647,577
1756495482.0687306,9,383,198
1756495482.0687306,8,674,537
1756495482.0687306,7,332,299
1756495482.0687306,6,418,378
1756495482.0687306,5,367,487
1756495482.0687306,4,258,515
1756495482.0687306,3,342,358
1756495482.0687306,2,268,446
1756495482.0687306,1,524,386
1756495482.1078033,18,323,231
1756495482.1078033,17,389,402
1756495482.1078033,11,325,196
1756495482.1078033,10,646,576
1756495482.1078033,9,383,198
1756495482.1078033,8,674,537
1756495482.1078033,7,330,302
1756495482.1078033,6,422,382
1756495482.1078033,5,367,487
1756495482.1078033,4,259,515
1756495482.1078033,3,342,356
1756495482.1078033,2,268,447
1756495482.1078033,1,525,387
1756495482.1418514,18,324,230
1756495482.1418514,17,391,405
1756495482.1418514,11,324,196
1756495482.1418514,10,646,576
1756495482.1418514,9,383,198
1756495482.1418514,8,674,537
1756495482.1418514,7,329,304
1756495482.1418514,6,424,387
1756495482.1418514,5,366,487
1756495482.1418514,4,258,515
1756495482.1418514,3,342,354
1756495482.1418514,2,269,449
1756495482.1418514,1,527,388
1756495482.1784625,18,324,229
1756495482.1784625,17,393,409
1756495482.1784625,11,324,195
1756495482.1784625,10,646,576
1756495482.1784625,9,383,198
1756495482.1784625,8,675,537
1756495482.1784625,7,329,304
1756495482.1784625,6,426,390
1756495482.1784625,5,366,486
1756495482.1784625,4,258,516
1756495482.1784625,3,343,352
1756495482.1784625,2,269,451
1756495482.1784625,1,529,388
1756495482.211029,18,324,229
1756495482.211029,17,392,410
1756495482.211029,11,324,193
1756495482.211029,10,645,576
1756495482.211029,9,384,198
1756495482.211029,8,675,536
1756495482.211029,7,328,304
1756495482.211029,6,429,394
1756495482.211029,5,366,487
1756495482.211029,4,259,516
1756495482.211029,3,342,351
1756495482.211029,2,269,453
1756495482.211029,1,532,389
1756495482.2472224,18,325,229
1756495482.2472224,17,395,412
1756495482.2472224,13,328,162
1756495482.2472224,11,325,190
1756495482.2472224,10,645,576
1756495482.2472224,9,384,197
1756495482.2472224,8,676,536
1756495482.2472224,7,327,304
1756495482.2472224,6,431,397
1756495482.2472224,5,366,487
1756495482.2472224,3,342,349
1756495482.2472224,2,269,455
1756495482.2472224,1,534,390
1756495482.2788172,18,325,227
1756495482.2788172,17,398,417
1756495482.2788172,13,329,162
1756495482.2788172,11,325,189
1756495482.2788172,10,645,576
1756495482.2788172,9,384,197
1756495482.2788172,8,676,536
1756495482.2788172,7,327,306
1756495482.2788172,6,433,400
1756495482.2788172,5,366,487
1756495482.2788172,3,341,348
1756495482.2788172,2,269,458
1756495482.2788172,1,536,391
1756495482.3115692,21,323,273
1756495482.3115692,18,326,229
1756495482.3115692,17,399,420
1756495482.3115692,13,331,163
1756495482.3115692,11,325,188
1756495482.3115692,10,646,577
1756495482.3115692,9,384,197
1756495482.3115692,8,675,536
1756495482.3115692,7,328,307
1756495482.3115692,6,435,402
1756495482.3115692,5,365,487
1756495482.3115692,3,342,347
1756495482.3115692,2,269,460
1756495482.3115692,1,537,391
1756495482.3428032,21,322,272
1756495482.3428032,18,326,229
1756495482.3428032,17,401,424
1756495482.3428032,13,329,164
1756495482.3428032,11,326,186
1756495482.3428032,10,646,578
1756495482.3428032,9,384,197
1756495482.3428032,8,675,536
1756495482.3428032,7,329,308
1756495482.3428032,6,437,405
1756495482.3428032,5,365,488
1756495482.3428032,3,342,346
1756495482.3428032,2,269,461
1756495482.3428032,1,538,392
1756495482.3782866,21,320,272
1756495482.3782866,18,325,228
1756495482.3782866,17,405,426
1756495482.3782866,13,327,164
1756495482.3782866,11,326,185
1756495482.3782866,10,646,578
1756495482.3782866,9,385,197
1756495482.3782866,8,675,536
1756495482.3782866,7,328,308
1756495482.3782866,6,440,410
1756495482.3782866,5,364,489
1756495482.3782866,3,343,345
1756495482.3782866,2,269,462
1756495482.3782866,1,539,393
1756495482.411628,21,319,270
1756495482.411628,18,326,228
1756495482.411628,17,407,428
1756495482.411628,13,326,165
1756495482.411628,11,326,185
1756495482.411628,10,647,579
1756495482.411628,9,386,197
1756495482.411628,8,675,536
1756495482.411628,7,328,308
1756495482.411628,6,443,413
1756495482.411628,5,365,490
1756495482.411628,4,270,517
1756495482.411628,3,343,345
1756495482.411628,2,269,463
1756495482.411628,1,541,394
1756495482.4483557,21,318,269
1756495482.4483557,18,326,227
1756495482.4483557,17,410,430
1756495482.4483557,11,326,185
1756495482.4483557,10,647,579
1756495482.4483557,9,387,197
1756495482.4483557,8,676,537
1756495482.4483557,7,328,306
1756495482.4483557,6,445,415
1756495482.4483557,5,363,491
1756495482.4483557,4,272,517
1756495482.4483557,3,343,344
1756495482.4483557,2,269,465
1756495482.4483557,1,542,395
1756495482.4840827,21,318,268
1756495482.4840827,18,325,226
1756495482.4840827,17,414,433
1756495482.4840827,11,325,184
1756495482.4840827,10,647,579
1756495482.4840827,9,388,198
1756495482.4840827,8,677,537
1756495482.4840827,7,327,304
1756495482.4840827,6,446,416
1756495482.4840827,5,362,491
1756495482.4840827,4,275,518
1756495482.4840827,3,343,343
1756495482.4840827,2,269,466
1756495482.4840827,1,543,396
1756495482.5212972,21,318,266
1756495482.5212972,18,325,227
1756495482.5212972,17,417,435
1756495482.5212972,11,325,183
1756495482.5212972,10,647,579
1756495482.5212972,9,390,199
1756495482.5212972,8,677,536
1756495482.5212972,7,327,302
1756495482.5212972,6,449,418
1756495482.5212972,5,363,491
1756495482.5212972,4,277,518
1756495482.5212972,3,344,343
1756495482.5212972,2,269,467
1756495482.5212972,1,544,397
1756495482.5566964,23,366,165
1756495482.5566964,21,318,264
1756495482.5566964,18,327,228
1756495482.5566964,17,420,438
1756495482.5566964,11,325,184
1756495482.5566964,10,648,579
1756495482.5566964,9,392,200
1756495482.5566964,8,676,536
1756495482.5566964,7,327,300
1756495482.5566964,6,453,420
1756495482.5566964,5,363,491
1756495482.5566964,4,279,519
1756495482.5566964,3,345,343
1756495482.5566964,2,269,468
1756495482.5566964,1,547,397
1756495482.5906641,23,365,164
1756495482.5906641,21,319,263
1756495482.5906641,18,327,227
1756495482.5906641,17,422,440
1756495482.5906641,11,325,184
1756495482.5906641,10,648,580
1756495482.5906641,9,393,201
1756495482.5906641,8,677,536
1756495482.5906641,7,326,300
1756495482.5906641,6,458,423
1756495482.5906641,5,362,491
1756495482.5906641,4,281,520
1756495482.5906641,3,345,343
1756495482.5906641,2,270,469
1756495482.5906641,1,550,398
1756495482.625932,21,317,260
1756495482.625932,18,328,227
1756495482.625932,17,425,443
1756495482.625932,13,324,161
1756495482.625932,11,325,184
1756495482.625932,10,649,580
1756495482.625932,9,394,201
1756495482.625932,8,677,536
1756495482.625932,7,326,301
1756495482.625932,6,463,426
1756495482.625932,5,361,491
1756495482.625932,4,282,520
1756495482.625932,3,345,342
1756495482.625932,2,270,471
1756495482.625932,1,553,399
1756495482.6592762,21,318,259
1756495482.6592762,18,329,227
1756495482.6592762,17,429,445
1756495482.6592762,11,324,183
1756495482.6592762,10,649,581
1756495482.6592762,9,393,202
1756495482.6592762,8,677,535
1756495482.6592762,7,326,300
1756495482.6592762,6,467,429
1756495482.6592762,5,360,492
1756495482.6592762,4,286,521
1756495482.6592762,3,344,342
1756495482.6592762,2,271,471
1756495482.6592762,1,555,400
1756495482.6910686,24,422,399
1756495482.6910686,21,318,258
1756495482.6910686,18,329,227
1756495482.6910686,17,431,446
1756495482.6910686,11,325,183
1756495482.6910686,10,649,581
1756495482.6910686,9,393,203
1756495482.6910686,8,678,535
1756495482.6910686,7,326,300
1756495482.6910686,6,470,431
1756495482.6910686,5,359,492
1756495482.6910686,4,288,522
1756495482.6910686,3,343,342
1756495482.6910686,2,271,472
1756495482.6910686,1,557,400
1756495482.7233994,24,422,402
1756495482.7233994,21,316,255
1756495482.7233994,18,329,226
1756495482.7233994,17,435,449
1756495482.7233994,13,325,157
1756495482.7233994,11,325,185
1756495482.7233994,10,648,583
1756495482.7233994,9,395,206
1756495482.7233994,8,679,535
1756495482.7233994,7,324,295
1756495482.7233994,6,472,433
1756495482.7233994,5,359,493
1756495482.7233994,4,294,521
1756495482.7233994,3,345,342
1756495482.7233994,2,272,472
1756495482.7233994,1,558,401
1756495482.7562616,24,424,406
1756495482.7562616,21,316,254
1756495482.7562616,18,328,225
1756495482.7562616,17,438,451
1756495482.7562616,13,325,159
1756495482.7562616,11,324,185
1756495482.7562616,10,646,584
1756495482.7562616,9,395,207
1756495482.7562616,8,679,535
1756495482.7562616,6,474,433
1756495482.7562616,5,358,493
1756495482.7562616,4,297,522
1756495482.7562616,3,346,341
1756495482.7562616,2,272,473
1756495482.7562616,1,559,402
1756495482.7920437,24,424,409
1756495482.7920437,21,316,252
1756495482.7920437,18,328,225
1756495482.7920437,17,441,453
1756495482.7920437,13,325,159
1756495482.7920437,11,324,185
1756495482.7920437,10,644,584
1756495482.7920437,9,395,208
1756495482.7920437,8,680,534
1756495482.7920437,6,476,435
1756495482.7920437,5,357,493
1756495482.7920437,4,300,522
1756495482.7920437,3,347,341
1756495482.7920437,2,274,473
1756495482.7920437,1,561,402
1756495482.8261154,24,425,411
1756495482.8261154,21,317,252
1756495482.8261154,18,327,225
1756495482.8261154,17,444,455
1756495482.8261154,13,325,159
1756495482.8261154,11,324,185
1756495482.8261154,10,642,584
1756495482.8261154,9,395,210
1756495482.8261154,8,680,533
1756495482.8261154,6,478,438
1756495482.8261154,5,356,493
1756495482.8261154,4,303,524
1756495482.8261154,3,347,342
1756495482.8261154,2,274,473
1756495482.8261154,1,562,403
1756495482.8595128,25,365,294
1756495482.8595128,24,426,413
1756495482.8595128,21,317,251
1756495482.8595128,18,327,225
1756495482.8595128,17,449,455
1756495482.8595128,13,325,158
1756495482.8595128,11,324,185
1756495482.8595128,10,642,585
1756495482.8595128,9,394,212
1756495482.8595128,8,680,533
1756495482.8595128,6,480,440
1756495482.8595128,5,356,493
1756495482.8595128,4,308,523
1756495482.8595128,3,347,343
1756495482.8595128,2,275,473
1756495482.8595128,1,563,404
1756495482.8935454,25,369,298
1756495482.8935454,24,426,414
1756495482.8935454,21,314,250
1756495482.8935454,18,327,225
1756495482.8935454,17,457,454
1756495482.8935454,11,324,186
1756495482.8935454,10,643,586
1756495482.8935454,9,394,212
1756495482.8935454,8,680,533
1756495482.8935454,6,481,442
1756495482.8935454,5,356,492
1756495482.8935454,4,312,522
1756495482.8935454,3,346,343
1756495482.8935454,2,275,474
1756495482.8935454,1,563,405
1756495482.930286,25,365,301
1756495482.930286,24,426,414
1756495482.930286,21,314,248
1756495482.930286,18,326,225
1756495482.930286,17,461,454
1756495482.930286,11,324,186
1756495482.930286,10,644,586
1756495482.930286,9,393,213
1756495482.930286,8,680,533
1756495482.930286,6,482,445
1756495482.930286,5,357,492
1756495482.930286,4,317,522
1756495482.930286,3,346,344
1756495482.930286,2,276,475
1756495482.930286,1,566,405
1756495482.966544,25,367,304
1756495482.966544,24,425,415
1756495482.966544,21,318,246
1756495482.966544,18,326,225
1756495482.966544,17,468,452
1756495482.966544,11,324,185
1756495482.966544,10,643,586
1756495482.966544,9,390,214
1756495482.966544,8,681,532
1756495482.966544,6,483,447
1756495482.966544,5,358,492
1756495482.966544,4,322,521
1756495482.966544,3,346,344
1756495482.966544,2,277,478
1756495482.966544,1,567,406
1756495482.9979477,25,367,306
1756495482.9979477,24,425,417
1756495482.9979477,21,321,244
1756495482.9979477,18,326,225
1756495482.9979477,11,324,185
1756495482.9979477,10,641,587
1756495482.9979477,9,387,214
1756495482.9979477,8,681,532
1756495482.9979477,6,483,449
1756495482.9979477,5,358,492
1756495482.9979477,4,328,521
1756495482.9979477,3,346,345
1756495482.9979477,2,278,479
1756495482.9979477,1,568,407
1756495483.0334437,25,369,307
1756495483.0334437,24,425,418
1756495483.0334437,21,322,242
1756495483.0334437,18,325,226
1756495483.0334437,11,323,185
1756495483.0334437,10,640,587
1756495483.0334437,9,387,215
1756495483.0334437,8,681,533
1756495483.0334437,6,488,450
1756495483.0334437,5,358,492
1756495483.0334437,4,332,520
1756495483.0334437,3,345,346
1756495483.0334437,2,278,480
1756495483.0334437,1,570,407
1756495483.0677419,25,370,308
1756495483.0677419,24,425,420
1756495483.0677419,21,322,238
1756495483.0677419,18,324,227
1756495483.0677419,17,474,457
1756495483.0677419,11,323,186
1756495483.0677419,10,637,587
1756495483.0677419,9,390,216
1756495483.0677419,8,681,533
1756495483.0677419,6,493,450
1756495483.0677419,5,358,492
1756495483.0677419,4,336,521
1756495483.0677419,3,344,346
1756495483.0677419,2,278,481
1756495483.0677419,1,571,408
1756495483.1032884,25,370,308
1756495483.1032884,24,427,422
1756495483.1032884,18,324,228
1756495483.1032884,17,481,457
1756495483.1032884,11,324,186
1756495483.1032884,10,635,588
1756495483.1032884,9,393,218
1756495483.1032884,8,681,533
1756495483.1032884,6,498,451
1756495483.1032884,5,359,492
1756495483.1032884,4,339,520
1756495483.1032884,3,344,346
1756495483.1032884,2,278,481
1756495483.1032884,1,574,409
1756495483.1339672,24,427,422
1756495483.1339672,18,323,230
1756495483.1339672,17,485,458
1756495483.1339672,11,324,186
1756495483.1339672,10,634,588
1756495483.1339672,9,396,218
1756495483.1339672,8,682,533
1756495483.1339672,6,499,452
1756495483.1339672,5,359,491
1756495483.1339672,4,345,520
1756495483.1339672,3,343,347
1756495483.1339672,2,279,481
1756495483.1339672,1,575,410
1756495483.1681628,24,427,424
1756495483.1681628,17,484,461
1756495483.1681628,11,324,186
1756495483.1681628,10,632,588
1756495483.1681628,9,398,218
1756495483.1681628,8,682,533
1756495483.1681628,6,502,452
1756495483.1681628,5,358,490
1756495483.1681628,4,349,520
1756495483.1681628,3,343,349
1756495483.1681628,2,280,482
1756495483.1681628,1,576,412
1756495483.1963956,24,427,426
1756495483.1963956,21,325,232
1756495483.1963956,17,486,465
1756495483.1963956,11,324,185
1756495483.1963956,10,632,588
1756495483.1963956,8,682,532
1756495483.1963956,6,506,452
1756495483.1963956,5,356,491
1756495483.1963956,4,357,521
1756495483.1963956,3,343,350
1756495483.1963956,2,280,483
1756495483.1963956,1,578,413
1756495483.2291017,24,428,429
1756495483.2291017,21,324,234
1756495483.2291017,17,487,467
1756495483.2291017,11,324,185
1756495483.2291017,10,631,588
1756495483.2291017,8,682,532
1756495483.2291017,6,509,453
1756495483.2291017,5,352,491
1756495483.2291017,4,364,521
1756495483.2291017,3,342,351
1756495483.2291017,2,280,483
1756495483.2291017,1,579,414
1756495483.2603471,24,428,431
1756495483.2603471,21,322,233
1756495483.2603471,17,488,468
1756495483.2603471,11,324,184
1756495483.2603471,10,631,587
1756495483.2603471,9,401,222
1756495483.2603471,8,683,531
1756495483.2603471,6,516,452
1756495483.2603471,5,352,492
1756495483.2603471,4,369,521
1756495483.2603471,2,280,483
1756495483.2603471,1,581,415
1756495483.291477,24,428,433
1756495483.291477,21,320,231
1756495483.291477,17,491,468
1756495483.291477,11,324,184
1756495483.291477,10,631,588
1756495483.291477,9,402,223
1756495483.291477,8,683,531
1756495483.291477,6,520,452
1756495483.291477,5,352,491
1756495483.291477,4,373,522
1756495483.291477,2,281,483
1756495483.291477,1,582,416
1756495483.3217003,24,428,434
1756495483.3217003,21,319,230
1756495483.3217003,17,493,469
1756495483.3217003,11,324,183
1756495483.3217003,10,629,587
1756495483.3217003,9,404,223
1756495483.3217003,8,684,531
1756495483.3217003,6,523,452
1756495483.3217003,5,353,491
1756495483.3217003,4,376,522
1756495483.3217003,2,281,483
1756495483.3217003,1,583,417
1756495483.3539987,26,330,155
1756495483.3539987,24,428,435
1756495483.3539987,21,319,227
1756495483.3539987,17,496,470
1756495483.3539987,11,324,182
1756495483.3539987,10,627,587
1756495483.3539987,9,406,223
1756495483.3539987,8,683,532
1756495483.3539987,6,526,451
1756495483.3539987,5,353,491
1756495483.3539987,4,381,521
1756495483.3539987,2,281,483
1756495483.3539987,1,586,417
1756495483.3871024,26,326,154
1756495483.3871024,24,428,437
1756495483.3871024,21,319,226
1756495483.3871024,17,499,469
1756495483.3871024,11,323,182
1756495483.3871024,10,624,588
1756495483.3871024,9,407,224
1756495483.3871024,8,683,532
1756495483.3871024,6,527,450
1756495483.3871024,5,353,491
1756495483.3871024,4,391,520
1756495483.3871024,2,281,483
1756495483.3871024,1,587,417
1756495483.4243262,27,1042,668
1756495483.4243262,24,428,438
1756495483.4243262,21,318,224
1756495483.4243262,17,502,469
1756495483.4243262,11,323,182
1756495483.4243262,10,622,588
1756495483.4243262,9,403,226
1756495483.4243262,8,683,531
1756495483.4243262,6,529,450
1756495483.4243262,5,353,491
1756495483.4243262,4,398,520
1756495483.4243262,2,282,484
1756495483.4243262,1,589,418
1756495483.452621,24,429,440
1756495483.452621,21,317,223
1756495483.452621,17,505,471
1756495483.452621,11,322,182
1756495483.452621,10,620,588
1756495483.452621,9,404,226
1756495483.452621,8,685,532
1756495483.452621,6,535,448
1756495483.452621,5,353,491
1756495483.452621,4,403,520
1756495483.452621,2,282,484
1756495483.452621,1,591,418
1756495483.4870079,24,429,442
1756495483.4870079,21,316,221
1756495483.4870079,17,509,472
1756495483.4870079,11,322,182
1756495483.4870079,10,619,588
1756495483.4870079,9,406,227
1756495483.4870079,8,685,532
1756495483.4870079,6,540,447
1756495483.4870079,5,353,491
1756495483.4870079,4,411,520
1756495483.4870079,2,282,484
1756495483.4870079,1,593,419
1756495483.5213373,27,1046,669
1756495483.5213373,24,430,444
1756495483.5213373,21,316,219
1756495483.5213373,17,513,472
1756495483.5213373,11,322,180
1756495483.5213373,10,619,588
1756495483.5213373,9,407,228
1756495483.5213373,8,685,532
1756495483.5213373,6,543,445
1756495483.5213373,5,353,491
1756495483.5213373,4,417,519
1756495483.5213373,2,282,485
1756495483.5213373,1,595,420
1756495483.5541227,28,328,152
1756495483.5541227,27,1045,669
1756495483.5541227,24,432,447
1756495483.5541227,21,316,216
1756495483.5541227,17,515,473
1756495483.5541227,11,322,179
1756495483.5541227,10,618,588
1756495483.5541227,9,408,229
1756495483.5541227,8,685,532
1756495483.5541227,6,548,444
1756495483.5541227,5,353,492
1756495483.5541227,4,426,520
1756495483.5541227,2,282,485
1756495483.5541227,1,596,421
1756495483.5854273,28,328,152
1756495483.5854273,27,1046,669
1756495483.5854273,24,433,451
1756495483.5854273,21,316,214
1756495483.5854273,17,519,473
1756495483.5854273,11,322,179
1756495483.5854273,10,618,588
1756495483.5854273,9,408,231
1756495483.5854273,8,685,532
1756495483.5854273,6,551,443
1756495483.5854273,5,353,492
1756495483.5854273,4,431,520
1756495483.5854273,2,283,485
1756495483.5854273,1,597,422
1756495483.6202517,24,434,456
1756495483.6202517,21,315,211
1756495483.6202517,17,522,473
1756495483.6202517,10,617,588
1756495483.6202517,9,408,232
1756495483.6202517,8,685,531
1756495483.6202517,6,555,443
1756495483.6202517,5,352,492
1756495483.6202517,4,437,521
1756495483.6202517,2,283,485
1756495483.6202517,1,602,423
1756495483.6547995,24,436,458
1756495483.6547995,21,316,209
1756495483.6547995,17,526,472
1756495483.6547995,10,616,588
1756495483.6547995,9,408,233
1756495483.6547995,8,686,531
1756495483.6547995,6,556,442
1756495483.6547995,5,352,492
1756495483.6547995,4,442,521
1756495483.6547995,2,283,485
1756495483.6547995,1,604,424
1756495483.691449,24,436,458
1756495483.691449,21,315,208
1756495483.691449,17,530,472
1756495483.691449,10,616,587
1756495483.691449,9,410,234
1756495483.691449,8,686,531
1756495483.691449,6,559,441
1756495483.691449,5,352,493
1756495483.691449,4,445,522
1756495483.691449,2,283,485
1756495483.691449,1,606,424
1756495483.7266486,24,438,459
1756495483.7266486,21,317,206
1756495483.7266486,17,532,472
1756495483.7266486,10,614,587
1756495483.7266486,9,410,236
1756495483.7266486,8,685,531
1756495483.7266486,6,562,439
1756495483.7266486,5,352,492
1756495483.7266486,4,451,522
1756495483.7266486,2,284,485
1756495483.7266486,1,609,425
1756495483.760763,24,439,459
1756495483.760763,21,315,205
1756495483.760763,17,534,472
1756495483.760763,11,317,175
1756495483.760763,10,613,587
1756495483.760763,9,411,237
1756495483.760763,8,685,530
1756495483.760763,6,563,438
1756495483.760763,5,352,492
1756495483.760763,4,458,522
1756495483.760763,2,284,485
1756495483.760763,1,612,426
1756495483.796145,24,440,460
1756495483.796145,21,313,203
1756495483.796145,17,538,471
1756495483.796145,11,320,174
1756495483.796145,10,612,587
1756495483.796145,9,412,239
1756495483.796145,8,686,530
1756495483.796145,6,563,437
1756495483.796145,5,352,492
1756495483.796145,4,463,522
1756495483.796145,2,284,485
1756495483.796145,1,614,427
1756495483.8302615,24,440,462
1756495483.8302615,21,311,201
1756495483.8302615,17,542,471
1756495483.8302615,11,320,176
1756495483.8302615,10,610,587
1756495483.8302615,9,410,239
1756495483.8302615,8,686,530
1756495483.8302615,6,565,435
1756495483.8302615,5,352,493
1756495483.8302615,4,469,523
1756495483.8302615,2,284,485
1756495483.8302615,1,618,427
1756495483.8662384,24,441,463
1756495483.8662384,21,311,198
1756495483.8662384,17,545,471
1756495483.8662384,11,323,177
1756495483.8662384,10,609,587
1756495483.8662384,9,409,239
1756495483.8662384,8,686,530
1756495483.8662384,6,568,434
1756495483.8662384,5,351,493
1756495483.8662384,4,473,524
1756495483.8662384,2,284,485
1756495483.8662384,1,621,428
1756495483.8968594,33,326,154
1756495483.8968594,32,368,165
1756495483.8968594,24,441,464
1756495483.8968594,21,312,194
1756495483.8968594,17,549,470
1756495483.8968594,11,323,182
1756495483.8968594,10,608,588
1756495483.8968594,9,409,240
1756495483.8968594,8,687,530
1756495483.8968594,6,570,432
1756495483.8968594,5,351,493
1756495483.8968594,4,477,525
1756495483.8968594,2,285,485
1756495483.8968594,1,624,428
1756495483.9337044,31,329,398
1756495483.9337044,24,441,466
1756495483.9337044,21,311,192
1756495483.9337044,17,551,469
1756495483.9337044,10,608,588
1756495483.9337044,8,687,531
1756495483.9337044,6,575,429
1756495483.9337044,5,351,493
1756495483.9337044,4,482,526
1756495483.9337044,2,286,484
1756495483.9337044,1,627,429
1756495483.9667158,31,330,400
1756495483.9667158,24,441,468
1756495483.9667158,21,311,190
1756495483.9667158,17,554,469
1756495483.9667158,10,607,588
1756495483.9667158,8,687,530
1756495483.9667158,6,577,428
1756495483.9667158,5,351,493
1756495483.9667158,4,488,527
1756495483.9667158,2,286,484
1756495483.9667158,1,630,430
1756495484.0035145,31,332,411
1756495484.0035145,24,441,469
1756495484.0035145,21,310,187
1756495484.0035145,17,558,468
1756495484.0035145,10,606,588
1756495484.0035145,8,687,530
1756495484.0035145,6,581,425
1756495484.0035145,5,351,492
1756495484.0035145,4,494,527
1756495484.0035145,2,286,484
1756495484.0035145,1,633,430
1756495484.0389304,31,332,416
1756495484.0389304,24,441,471
1756495484.0389304,21,312,185
1756495484.0389304,17,561,467
1756495484.0389304,10,606,588
1756495484.0389304,8,687,530
1756495484.0389304,6,583,424
1756495484.0389304,5,351,492
1756495484.0389304,4,499,528
1756495484.0389304,2,287,484
1756495484.0389304,1,634,431
1756495484.075699,31,332,419
1756495484.075699,24,442,472
1756495484.075699,21,311,184
1756495484.075699,17,564,466
1756495484.075699,10,605,588
1756495484.075699,8,687,530
1756495484.075699,6,585,422
1756495484.075699,5,351,491
1756495484.075699,4,502,528
1756495484.075699,2,288,484
1756495484.075699,1,636,432
1756495484.1147246,31,333,419
1756495484.1147246,24,443,472
1756495484.1147246,21,309,184
1756495484.1147246,17,566,465
1756495484.1147246,10,604,588
1756495484.1147246,8,687,530
1756495484.1147246,6,586,420
1756495484.1147246,5,350,491
1756495484.1147246,4,507,530
1756495484.1147246,2,288,484
1756495484.1147246,1,637,433
1756495484.152128,34,329,394
1756495484.152128,31,331,422
1756495484.152128,24,443,473
1756495484.152128,21,310,183
1756495484.152128,17,569,464
1756495484.152128,10,603,588
1756495484.152128,8,687,532
1756495484.152128,6,589,418
1756495484.152128,5,350,491
1756495484.152128,4,512,532
1756495484.152128,2,288,483
1756495484.152128,1,638,433
1756495484.1860907,34,329,400
1756495484.1860907,31,331,424
1756495484.1860907,24,443,475
1756495484.1860907,21,310,182
1756495484.1860907,17,572,463
1756495484.1860907,10,602,588
1756495484.1860907,8,687,532
1756495484.1860907,6,590,417
1756495484.1860907,5,350,491
1756495484.1860907,4,518,534
1756495484.1860907,2,289,483
1756495484.1860907,1,640,434
1756495484.2238336,34,330,395
1756495484.2238336,31,331,428
1756495484.2238336,24,442,476
1756495484.2238336,21,309,181
1756495484.2238336,17,574,462
1756495484.2238336,10,601,588
1756495484.2238336,8,688,532
1756495484.2238336,6,591,416
1756495484.2238336,5,350,491
1756495484.2238336,4,522,535
1756495484.2238336,2,289,483
1756495484.2238336,1,642,434
1756495484.2584872,35,352,425
1756495484.2584872,34,330,394
1756495484.2584872,31,332,429
1756495484.2584872,24,442,476
1756495484.2584872,21,310,181
1756495484.2584872,17,577,461
1756495484.2584872,10,601,588
1756495484.2584872,8,688,531
1756495484.2584872,6,591,415
1756495484.2584872,5,349,491
1756495484.2584872,4,525,536
1756495484.2584872,2,288,483
1756495484.2584872,1,644,435
1756495484.2945118,35,355,427
1756495484.2945118,34,329,393
1756495484.2945118,31,331,430
1756495484.2945118,24,441,477
1756495484.2945118,21,311,179
1756495484.2945118,17,578,460
1756495484.2945118,10,600,588
1756495484.2945118,8,688,531
1756495484.2945118,6,593,414
1756495484.2945118,5,349,492
1756495484.2945118,4,528,537
1756495484.2945118,2,288,483
1756495484.2945118,1,647,435
1756495484.3283281,35,356,428
1756495484.3283281,34,330,393
1756495484.3283281,31,329,432
1756495484.3283281,24,439,479
1756495484.3283281,21,312,178
1756495484.3283281,17,580,460
1756495484.3283281,10,599,588
1756495484.3283281,8,688,531
1756495484.3283281,6,594,413
1756495484.3283281,5,349,492
1756495484.3283281,4,532,536
1756495484.3283281,2,288,483
1756495484.3283281,1,649,435
1756495484.3659606,35,357,431
1756495484.3659606,34,330,395
1756495484.3659606,31,329,435
1756495484.3659606,24,440,479
1756495484.3659606,21,312,177
1756495484.3659606,17,583,459
1756495484.3659606,10,599,588
1756495484.3659606,8,688,531
1756495484.3659606,6,596,412
1756495484.3659606,5,349,492
1756495484.3659606,4,536,537
1756495484.3659606,2,287,483
1756495484.3659606,1,650,436
1756495484.400046,37,1050,667
1756495484.400046,35,357,433
1756495484.400046,34,330,395
1756495484.400046,31,328,438
1756495484.400046,24,439,480
1756495484.400046,21,312,176
1756495484.400046,17,585,458
1756495484.400046,10,598,588
1756495484.400046,8,688,531
1756495484.400046,6,597,411
1756495484.400046,5,350,492
1756495484.400046,4,540,538
1756495484.400046,2,288,484
1756495484.400046,1,651,437
1756495484.4356127,37,1049,668
1756495484.4356127,35,358,435
1756495484.4356127,34,330,396
1756495484.4356127,31,327,440
1756495484.4356127,24,438,480
1756495484.4356127,17,587,457
1756495484.4356127,10,599,588
1756495484.4356127,8,688,531
1756495484.4356127,6,597,410
1756495484.4356127,5,350,492
1756495484.4356127,4,542,539
1756495484.4356127,2,287,484
1756495484.4356127,1,653,438
1756495484.468065,35,358,439
1756495484.468065,34,330,396
1756495484.468065,31,327,441
1756495484.468065,24,437,480
1756495484.468065,17,590,455
1756495484.468065,10,598,588
1756495484.468065,8,688,531
1756495484.468065,6,598,408
1756495484.468065,5,350,492
1756495484.468065,4,545,540
1756495484.468065,2,287,484
1756495484.468065,1,655,439
1756495484.5003967,35,357,442
1756495484.5003967,34,330,399
1756495484.5003967,31,327,441
1756495484.5003967,24,437,481
1756495484.5003967,17,593,455
1756495484.5003967,10,598,588
1756495484.5003967,8,689,533
1756495484.5003967,6,599,407
1756495484.5003967,5,350,492
1756495484.5003967,4,548,541
1756495484.5003967,2,288,483
1756495484.5003967,1,657,440
1756495484.5352328,37,1049,669
1756495484.5352328,35,357,444
1756495484.5352328,34,331,400
1756495484.5352328,31,328,440
1756495484.5352328,24,436,481
1756495484.5352328,17,595,454
1756495484.5352328,10,597,587
1756495484.5352328,8,689,533
1756495484.5352328,6,599,407
1756495484.5352328,5,350,492
1756495484.5352328,4,550,542
1756495484.5352328,2,288,482
1756495484.5352328,1,659,441
1756495484.5699167,37,1050,670
1756495484.5699167,35,355,447
1756495484.5699167,34,330,403
1756495484.5699167,31,328,440
1756495484.5699167,24,436,480
1756495484.5699167,17,596,453
1756495484.5699167,10,597,587
1756495484.5699167,8,689,534
1756495484.5699167,6,599,406
1756495484.5699167,5,350,492
1756495484.5699167,4,552,544
1756495484.5699167,2,288,482
1756495484.5699167,1,661,442
1756495484.603654,37,1048,669
1756495484.603654,35,353,449
1756495484.603654,34,330,404
1756495484.603654,31,327,440
1756495484.603654,24,433,480
1756495484.603654,21,310,161
1756495484.603654,17,599,452
1756495484.603654,10,596,587
1756495484.603654,8,689,533
1756495484.603654,6,599,405
1756495484.603654,5,350,492
1756495484.603654,4,554,545
1756495484.603654,2,288,483
1756495484.603654,1,663,442
1756495484.6409805,37,1049,669
1756495484.6409805,35,351,450
1756495484.6409805,34,330,406
1756495484.6409805,31,328,439
1756495484.6409805,24,433,479
1756495484.6409805,21,311,164
1756495484.6409805,17,599,450
1756495484.6409805,10,595,587
1756495484.6409805,8,689,535
1756495484.6409805,6,599,404
1756495484.6409805,5,349,492
1756495484.6409805,4,558,547
1756495484.6409805,2,288,483
1756495484.6409805,1,665,443
1756495484.6775675,39,392,303
1756495484.6775675,37,1050,669
1756495484.6775675,35,351,450
1756495484.6775675,34,330,407
1756495484.6775675,31,328,438
1756495484.6775675,24,433,478
1756495484.6775675,21,314,166
1756495484.6775675,17,598,449
1756495484.6775675,10,596,588
1756495484.6775675,8,689,535
1756495484.6775675,6,599,403
1756495484.6775675,5,349,492
1756495484.6775675,4,560,548
1756495484.6775675,2,288,483
1756495484.6775675,1,666,443
1756495484.7112935,39,390,305
1756495484.7112935,37,1049,669
1756495484.7112935,35,351,450
1756495484.7112935,34,331,408
1756495484.7112935,31,328,438
1756495484.7112935,24,432,478
1756495484.7112935,21,317,167
1756495484.7112935,17,597,448
1756495484.7112935,10,595,588
1756495484.7112935,8,689,536
1756495484.7112935,6,599,402
1756495484.7112935,5,349,491
1756495484.7112935,4,562,548
1756495484.7112935,2,289,483
1756495484.7112935,1,668,444
1756495484.7460046,39,389,308
1756495484.7460046,37,1048,669
1756495484.7460046,35,351,450
1756495484.7460046,34,332,409
1756495484.7460046,31,329,438
1756495484.7460046,24,431,477
1756495484.7460046,21,317,165
1756495484.7460046,17,596,447
1756495484.7460046,10,595,587
1756495484.7460046,8,689,536
1756495484.7460046,6,599,400
1756495484.7460046,5,350,491
1756495484.7460046,4,562,549
1756495484.7460046,2,289,483
1756495484.7460046,1,670,445
1756495484.780298,39,388,311
1756495484.780298,37,1048,669
1756495484.780298,35,349,452
1756495484.780298,34,333,409
1756495484.780298,31,332,438
1756495484.780298,24,431,477
1756495484.780298,21,318,165
1756495484.780298,17,596,445
1756495484.780298,10,595,587
1756495484.780298,8,689,534
1756495484.780298,6,598,399
1756495484.780298,5,349,490
1756495484.780298,4,563,549
1756495484.780298,2,290,483
1756495484.780298,1,671,446
1756495484.816433,39,386,313
1756495484.816433,37,1047,669
1756495484.816433,35,348,452
1756495484.816433,34,335,409
1756495484.816433,31,332,437
1756495484.816433,24,431,476
1756495484.816433,21,317,167
1756495484.816433,17,596,443
1756495484.816433,10,595,587
1756495484.816433,8,689,533
1756495484.816433,6,597,399
1756495484.816433,5,349,490
1756495484.816433,4,564,550
1756495484.816433,2,290,484
1756495484.816433,1,672,447
1756495484.8544962,39,384,315
1756495484.8544962,37,1047,669
1756495484.8544962,35,348,453
1756495484.8544962,34,336,408
1756495484.8544962,31,332,435
1756495484.8544962,24,430,476
1756495484.8544962,21,318,168
1756495484.8544962,17,597,443
1756495484.8544962,10,593,587
1756495484.8544962,8,689,532
1756495484.8544962,6,596,399
1756495484.8544962,5,349,490
1756495484.8544962,4,563,552
1756495484.8544962,2,289,484
1756495484.8544962,1,673,447
1756495484.8932261,39,383,317
1756495484.8932261,37,1048,668
1756495484.8932261,35,349,453
1756495484.8932261,34,337,407
1756495484.8932261,31,332,435
1756495484.8932261,24,430,475
1756495484.8932261,21,317,167
1756495484.8932261,17,597,442
1756495484.8932261,10,591,587
1756495484.8932261,8,689,532
1756495484.8932261,6,597,398
1756495484.8932261,5,349,489
1756495484.8932261,4,564,552
1756495484.8932261,2,288,484
1756495484.8932261,1,675,448
1756495484.933022,39,381,321
1756495484.933022,37,1050,668
1756495484.933022,35,350,454
1756495484.933022,34,336,408
1756495484.933022,31,332,435
1756495484.933022,24,429,474
1756495484.933022,21,317,162
1756495484.933022,17,597,441
1756495484.933022,10,589,587
1756495484.933022,8,689,533
1756495484.933022,6,595,397
1756495484.933022,5,350,489
1756495484.933022,4,566,552
1756495484.933022,2,289,484
1756495484.933022,1,676,448
1756495484.9734333,39,380,324
1756495484.9734333,37,1050,668
1756495484.9734333,35,350,454
1756495484.9734333,34,335,410
1756495484.9734333,31,331,435
1756495484.9734333,24,428,473
1756495484.9734333,21,317,162
1756495484.9734333,17,598,440
1756495484.9734333,10,588,587
1756495484.9734333,8,689,533
1756495484.9734333,6,596,396
1756495484.9734333,5,350,489
1756495484.9734333,4,564,553
1756495484.9734333,2,290,484
1756495484.9734333,1,678,449
1756495485.010103,37,1048,668
1756495485.010103,35,351,454
1756495485.010103,34,334,411
1756495485.010103,31,332,433
1756495485.010103,24,428,472
1756495485.010103,21,321,168
1756495485.010103,17,599,438
1756495485.010103,10,588,587
1756495485.010103,8,689,534
1756495485.010103,6,596,395
1756495485.010103,5,351,489
1756495485.010103,4,565,555
1756495485.010103,2,290,485
1756495485.010103,1,679,449
1756495485.0473764,37,1049,668
1756495485.0473764,35,351,455
1756495485.0473764,34,336,412
1756495485.0473764,31,332,434
1756495485.0473764,24,428,470
1756495485.0473764,17,600,437
1756495485.0473764,10,587,588
1756495485.0473764,8,689,535
1756495485.0473764,6,596,394
1756495485.0473764,5,350,489
1756495485.0473764,4,567,557
1756495485.0473764,2,290,486
1756495485.0473764,1,682,450
1756495485.0829637,37,1049,667
1756495485.0829637,35,350,455
1756495485.0829637,34,338,412
1756495485.0829637,31,333,434
1756495485.0829637,24,429,469
1756495485.0829637,17,601,435
1756495485.0829637,10,585,588
1756495485.0829637,8,689,535
1756495485.0829637,6,596,393
1756495485.0829637,5,350,489
1756495485.0829637,4,568,557
1756495485.0829637,2,291,486
1756495485.0829637,1,683,450
1756495485.1188743,37,1050,668
1756495485.1188743,35,350,455
1756495485.1188743,34,339,411
1756495485.1188743,31,331,434
1756495485.1188743,24,431,468
1756495485.1188743,17,601,433
1756495485.1188743,10,581,587
1756495485.1188743,8,689,535
1756495485.1188743,6,597,392
1756495485.1188743,5,350,489
1756495485.1188743,4,569,558
1756495485.1188743,2,292,486
1756495485.1188743,1,685,451
1756495485.153822,37,1048,668
1756495485.153822,35,349,455
1756495485.153822,34,339,413
1756495485.153822,31,326,432
1756495485.153822,24,431,466
1756495485.153822,17,602,431
1756495485.153822,10,575,586
1756495485.153822,8,689,535
1756495485.153822,6,596,392
1756495485.153822,5,350,489
1756495485.153822,4,567,559
1756495485.153822,2,294,486
1756495485.153822,1,686,452
1756495485.1867259,37,1048,668
1756495485.1867259,35,349,455
1756495485.1867259,34,342,413
1756495485.1867259,31,325,430
1756495485.1867259,24,431,464
1756495485.1867259,17,602,429
1756495485.1867259,10,570,586
1756495485.1867259,8,689,535
1756495485.1867259,6,598,387
1756495485.1867259,5,351,489
1756495485.1867259,4,568,559
1756495485.1867259,2,295,486
1756495485.1867259,1,687,452
1756495485.220608,37,1049,668
1756495485.220608,35,347,454
1756495485.220608,31,323,428
1756495485.220608,24,435,464
1756495485.220608,17,603,426
1756495485.220608,10,563,584
1756495485.220608,8,690,536
1756495485.220608,6,599,384
1756495485.220608,5,351,489
1756495485.220608,4,571,561
1756495485.220608,2,295,486
1756495485.220608,1,688,452
1756495485.2563143,37,1049,668
1756495485.2563143,35,349,454
1756495485.2563143,31,323,427
1756495485.2563143,24,437,462
1756495485.2563143,17,605,425
1756495485.2563143,10,554,583
1756495485.2563143,8,690,536
1756495485.2563143,6,600,382
1756495485.2563143,5,352,489
1756495485.2563143,4,570,561
1756495485.2563143,2,296,486
1756495485.2563143,1,689,453
1756495485.2876086,37,1050,668
1756495485.2876086,35,349,453
1756495485.2876086,31,324,425
1756495485.2876086,24,437,461
1756495485.2876086,17,608,422
1756495485.2876086,10,549,581
1756495485.2876086,8,690,536
1756495485.2876086,6,600,381
1756495485.2876086,5,351,489
1756495485.2876086,2,296,486
1756495485.2876086,1,691,454
1756495485.3211215,37,1048,668
1756495485.3211215,35,347,453
1756495485.3211215,31,324,423
1756495485.3211215,24,438,460
1756495485.3211215,17,610,419
1756495485.3211215,10,541,579
1756495485.3211215,8,690,536
1756495485.3211215,6,599,379
1756495485.3211215,5,351,489
1756495485.3211215,2,297,486
1756495485.3211215,1,693,454
1756495485.35893,37,1047,668
1756495485.35893,35,349,453
1756495485.35893,31,323,421
1756495485.35893,24,436,458
1756495485.35893,17,613,416
1756495485.35893,10,532,578
1756495485.35893,8,690,537
1756495485.35893,6,598,378
1756495485.35893,5,351,489
1756495485.35893,2,298,486
1756495485.35893,1,694,455
1756495485.391592,37,1050,669
1756495485.391592,35,351,454
1756495485.391592,31,325,418
1756495485.391592,24,436,457
1756495485.391592,17,615,413
1756495485.391592,10,527,576
1756495485.391592,8,690,537
1756495485.391592,6,598,377
1756495485.391592,5,351,490
1756495485.391592,2,298,486
1756495485.391592,1,695,455
1756495485.4241714,37,1049,669
1756495485.4241714,35,356,457
1756495485.4241714,31,330,417
1756495485.4241714,24,436,456
1756495485.4241714,17,616,410
1756495485.4241714,10,524,575
1756495485.4241714,8,689,537
1756495485.4241714,6,598,376
1756495485.4241714,5,351,490
1756495485.4241714,2,298,486
1756495485.4241714,1,697,456
1756495485.4576597,43,326,446
1756495485.4576597,37,1049,670
1756495485.4576597,35,357,457
1756495485.4576597,31,333,416
1756495485.4576597,24,436,455
1756495485.4576597,17,617,407
1756495485.4576597,10,522,573
1756495485.4576597,8,689,537
1756495485.4576597,6,597,375
1756495485.4576597,5,351,490
1756495485.4576597,2,298,486
1756495485.4576597,1,699,457
1756495485.4912262,44,312,139
1756495485.4912262,43,327,446
1756495485.4912262,37,1049,670
1756495485.4912262,35,355,455
1756495485.4912262,31,335,414
1756495485.4912262,24,437,453
1756495485.4912262,17,617,405
1756495485.4912262,10,520,572
1756495485.4912262,8,689,537
1756495485.4912262,6,596,373
1756495485.4912262,5,351,490
1756495485.4912262,2,298,486
1756495485.4912262,1,701,457
1756495485.5257635,45,342,180
1756495485.5257635,44,312,140
1756495485.5257635,43,329,447
1756495485.5257635,37,1048,670
1756495485.5257635,35,356,454
1756495485.5257635,31,336,413
1756495485.5257635,24,437,453
1756495485.5257635,17,619,403
1756495485.5257635,10,509,571
1756495485.5257635,8,689,537
1756495485.5257635,6,594,372
1756495485.5257635,5,351,490
1756495485.5257635,2,298,486
1756495485.5257635,1,704,458
1756495485.5620012,45,340,179
1756495485.5620012,43,332,445
1756495485.5620012,37,1050,670
1756495485.5620012,35,359,455
1756495485.5620012,31,337,410
1756495485.5620012,24,437,453
1756495485.5620012,17,619,402
1756495485.5620012,10,506,570
1756495485.5620012,8,688,537
1756495485.5620012,6,593,371
1756495485.5620012,5,351,490
1756495485.5620012,2,297,486
1756495485.5620012,1,706,459
1756495485.5986297,46,358,385
1756495485.5986297,45,341,178
1756495485.5986297,43,333,444
1756495485.5986297,37,1052,669
1756495485.5986297,35,361,456
1756495485.5986297,34,354,424
1756495485.5986297,24,437,452
1756495485.5986297,17,619,400
1756495485.5986297,10,533,573
1756495485.5986297,8,688,538
1756495485.5986297,6,591,371
1756495485.5986297,5,352,490
1756495485.5986297,2,298,486
1756495485.5986297,1,708,460
1756495485.6374276,45,341,177
1756495485.6374276,43,334,445
1756495485.6374276,37,1052,669
1756495485.6374276,35,361,454
1756495485.6374276,34,355,426
1756495485.6374276,24,438,451
1756495485.6374276,17,619,400
1756495485.6374276,10,543,575
1756495485.6374276,8,689,537
1756495485.6374276,6,589,369
1756495485.6374276,5,353,490
1756495485.6374276,2,298,486
1756495485.6374276,1,710,460
1756495485.6727943,45,339,176
1756495485.6727943,43,334,447
1756495485.6727943,37,1052,669
1756495485.6727943,35,361,455
1756495485.6727943,24,439,450
1756495485.6727943,17,619,398
1756495485.6727943,10,545,576
1756495485.6727943,8,689,539
1756495485.6727943,6,588,369
1756495485.6727943,5,354,490
1756495485.6727943,2,298,486
1756495485.6727943,1,711,460
1756495485.708626,47,467,562
1756495485.708626,45,339,176
1756495485.708626,43,334,450
1756495485.708626,37,1050,670
1756495485.708626,35,361,457
1756495485.708626,31,341,403
1756495485.708626,24,440,449
1756495485.708626,17,620,398
1756495485.708626,10,543,576
1756495485.708626,8,689,538
1756495485.708626,6,584,368
1756495485.708626,5,354,491
1756495485.708626,2,298,487
1756495485.708626,1,713,460
1756495485.7445292,47,462,561
1756495485.7445292,45,337,174
1756495485.7445292,43,333,453
1756495485.7445292,37,1050,670
1756495485.7445292,35,360,457
1756495485.7445292,24,442,448
1756495485.7445292,17,621,397
1756495485.7445292,10,541,575
1756495485.7445292,8,689,538
1756495485.7445292,6,581,367
1756495485.7445292,5,355,492
1756495485.7445292,2,298,487
1756495485.7445292,1,714,461
1756495485.7783723,49,312,156
1756495485.7783723,48,400,379
1756495485.7783723,47,457,560
1756495485.7783723,45,340,174
1756495485.7783723,43,334,454
1756495485.7783723,37,1050,669
1756495485.7783723,35,359,456
1756495485.7783723,24,443,447
1756495485.7783723,17,622,395
1756495485.7783723,10,540,575
1756495485.7783723,8,688,538
1756495485.7783723,6,580,366
1756495485.7783723,5,352,492
1756495485.7783723,2,297,486
1756495485.7783723,1,717,462
1756495485.8130615,49,307,158
1756495485.8130615,48,403,382
1756495485.8130615,47,452,560
1756495485.8130615,45,341,175
1756495485.8130615,43,334,455
1756495485.8130615,37,1049,669
1756495485.8130615,35,358,459
1756495485.8130615,31,339,393
1756495485.8130615,24,445,446
1756495485.8130615,17,623,394
1756495485.8130615,10,540,574
1756495485.8130615,8,689,538
1756495485.8130615,6,578,366
1756495485.8130615,5,351,493
1756495485.8130615,2,297,486
1756495485.8130615,1,718,463
1756495485.8523266,49,310,160
1756495485.8523266,48,404,384
1756495485.8523266,47,449,559
1756495485.8523266,45,341,175
1756495485.8523266,43,333,456
1756495485.8523266,37,1050,668
1756495485.8523266,35,358,459
1756495485.8523266,31,338,390
1756495485.8523266,24,447,444
1756495485.8523266,17,623,392
1756495485.8523266,10,539,574
1756495485.8523266,8,688,536
1756495485.8523266,6,576,366
1756495485.8523266,5,353,492
1756495485.8523266,2,295,485
1756495485.8523266,1,721,463
1756495485.8892093,49,313,162
1756495485.8892093,48,404,387
1756495485.8892093,47,446,558
1756495485.8892093,45,341,176
1756495485.8892093,43,332,458
1756495485.8892093,37,1051,668
1756495485.8892093,35,359,459
1756495485.8892093,31,338,388
1756495485.8892093,24,448,443
1756495485.8892093,17,622,391
1756495485.8892093,10,539,573
1756495485.8892093,8,687,537
1756495485.8892093,6,572,365
1756495485.8892093,5,353,492
1756495485.8892093,2,294,485
1756495485.8892093,1,722,464
1756495485.9271789,49,316,162
1756495485.9271789,48,405,390
1756495485.9271789,47,444,556
1756495485.9271789,45,343,176
1756495485.9271789,43,334,459
1756495485.9271789,37,1050,668
1756495485.9271789,35,356,458
1756495485.9271789,31,337,387
1756495485.9271789,24,450,442
1756495485.9271789,17,623,389
1756495485.9271789,10,540,573
1756495485.9271789,8,687,536
1756495485.9271789,6,568,365
1756495485.9271789,5,353,492
1756495485.9271789,2,295,485
1756495485.9271789,1,723,464
1756495485.9618323,49,316,162
1756495485.9618323,48,408,393
1756495485.9618323,47,442,555
1756495485.9618323,45,343,177
1756495485.9618323,43,335,459
1756495485.9618323,37,1050,668
1756495485.9618323,35,352,457
1756495485.9618323,31,337,385
1756495485.9618323,24,452,440
1756495485.9618323,17,623,389
1756495485.9618323,10,540,573
1756495485.9618323,8,687,536
1756495485.9618323,6,562,364
1756495485.9618323,5,352,492
1756495485.9618323,2,295,485
1756495485.9618323,1,725,465
1756495485.999484,51,342,426
1756495485.999484,49,317,162
1756495485.999484,48,410,396
1756495485.999484,47,441,553
1756495485.999484,45,343,178
1756495485.999484,43,335,459
1756495485.999484,37,1050,668
1756495485.999484,35,351,457
1756495485.999484,31,337,383
1756495485.999484,24,452,438
1756495485.999484,17,624,388
1756495485.999484,10,539,572
1756495485.999484,8,687,535
1756495485.999484,6,559,364
1756495485.999484,5,350,492
1756495485.999484,2,296,485
1756495485.999484,1,727,465
1756495486.0361183,51,343,430
1756495486.0361183,49,316,164
1756495486.0361183,48,414,402
1756495486.0361183,47,440,552
1756495486.0361183,45,344,180
1756495486.0361183,43,336,459
1756495486.0361183,35,347,458
1756495486.0361183,31,338,383
1756495486.0361183,24,453,437
1756495486.0361183,17,624,387
1756495486.0361183,10,538,573
1756495486.0361183,8,686,534
1756495486.0361183,6,557,363
1756495486.0361183,5,350,492
1756495486.0361183,2,297,486
1756495486.0361183,1,729,465
1756495486.0739093,51,344,432
1756495486.0739093,48,416,406
1756495486.0739093,47,439,552
1756495486.0739093,45,345,182
1756495486.0739093,43,337,459
1756495486.0739093,31,338,381
1756495486.0739093,24,453,435
1756495486.0739093,17,625,386
1756495486.0739093,10,538,573
1756495486.0739093,8,686,533
1756495486.0739093,6,554,363
1756495486.0739093,5,351,493
1756495486.0739093,2,297,486
1756495486.0739093,1,731,465
1756495486.1127317,51,347,427
1756495486.1127317,50,319,141
1756495486.1127317,48,417,410
1756495486.1127317,47,438,551
1756495486.1127317,45,345,183
1756495486.1127317,43,339,459
1756495486.1127317,37,1050,669
1756495486.1127317,31,338,379
1756495486.1127317,24,455,434
1756495486.1127317,17,626,384
1756495486.1127317,10,536,573
1756495486.1127317,8,686,533
1756495486.1127317,6,551,362
1756495486.1127317,5,350,493
1756495486.1127317,2,296,487
1756495486.1127317,1,732,465
1756495486.1482425,52,376,397
1756495486.1482425,51,347,432
1756495486.1482425,50,319,142
1756495486.1482425,49,318,157
1756495486.1482425,48,420,414
1756495486.1482425,47,438,551
1756495486.1482425,45,344,185
1756495486.1482425,43,338,459
1756495486.1482425,31,339,378
1756495486.1482425,24,458,433
1756495486.1482425,17,627,383
1756495486.1482425,10,535,573
1756495486.1482425,8,686,533
1756495486.1482425,6,549,361
1756495486.1482425,5,349,493
1756495486.1482425,2,295,487
1756495486.1482425,1,733,466
1756495486.1854339,52,374,399
1756495486.1854339,51,348,434
1756495486.1854339,48,422,417
1756495486.1854339,47,436,552
1756495486.1854339,45,343,185
1756495486.1854339,43,337,459
1756495486.1854339,31,339,377
1756495486.1854339,24,463,433
1756495486.1854339,17,628,383
1756495486.1854339,10,535,573
1756495486.1854339,8,686,534
1756495486.1854339,6,546,360
1756495486.1854339,5,349,493
1756495486.1854339,2,294,487
1756495486.1854339,1,734,466
1756495486.2240965,52,373,399
1756495486.2240965,51,349,432
1756495486.2240965,48,424,419
1756495486.2240965,47,437,552
1756495486.2240965,45,343,186
1756495486.2240965,43,335,458
1756495486.2240965,37,1048,669
1756495486.2240965,31,339,376
1756495486.2240965,24,467,432
1756495486.2240965,17,629,382
1756495486.2240965,10,534,573
1756495486.2240965,8,687,534
1756495486.2240965,6,543,358
1756495486.2240965,5,348,492
1756495486.2240965,2,294,488
1756495486.2240965,1,735,467
1756495486.265348,52,370,401
1756495486.265348,51,363,435
1756495486.265348,49,309,170
1756495486.265348,48,426,422
1756495486.265348,47,437,553
1756495486.265348,45,343,186
1756495486.265348,43,334,458
1756495486.265348,37,1048,669
1756495486.265348,31,339,375
1756495486.265348,24,468,430
1756495486.265348,17,630,381
1756495486.265348,10,535,573
1756495486.265348,8,687,533
1756495486.265348,6,541,358
1756495486.265348,5,347,492
1756495486.265348,2,293,488
1756495486.265348,1,736,467
1756495486.2994962,52,369,401
1756495486.2994962,51,356,432
1756495486.2994962,48,428,426
1756495486.2994962,47,437,554
1756495486.2994962,45,341,187
1756495486.2994962,43,339,458
1756495486.2994962,37,1048,668
1756495486.2994962,31,340,374
1756495486.2994962,24,471,429
1756495486.2994962,17,631,381
1756495486.2994962,10,534,572
1756495486.2994962,8,686,533
1756495486.2994962,6,540,359
1756495486.2994962,5,348,492
1756495486.2994962,2,293,489
1756495486.2994962,1,738,467
1756495486.3374276,52,366,402
1756495486.3374276,51,340,428
1756495486.3374276,48,431,427
1756495486.3374276,47,437,554
1756495486.3374276,45,340,188
1756495486.3374276,43,342,457
1756495486.3374276,37,1048,669
1756495486.3374276,31,341,373
1756495486.3374276,24,474,429
1756495486.3374276,17,633,381
1756495486.3374276,10,535,572
1756495486.3374276,8,686,533
1756495486.3374276,6,535,358
1756495486.3374276,5,348,492
1756495486.3374276,2,293,489
1756495486.3374276,1,740,468
1756495486.375667,52,364,402
1756495486.375667,51,357,438
1756495486.375667,48,434,430
1756495486.375667,47,435,554
1756495486.375667,43,343,458
1756495486.375667,37,1046,668
1756495486.375667,31,341,372
1756495486.375667,24,479,428
1756495486.375667,17,634,381
1756495486.375667,10,535,572
1756495486.375667,8,686,533
1756495486.375667,6,534,357
1756495486.375667,5,348,492
1756495486.375667,2,293,489
1756495486.375667,1,741,468
1756495486.4184246,52,362,402
1756495486.4184246,51,368,443
1756495486.4184246,48,436,432
1756495486.4184246,47,433,554
1756495486.4184246,43,343,456
1756495486.4184246,31,339,371
1756495486.4184246,24,483,427
1756495486.4184246,17,635,382
1756495486.4184246,10,536,573
1756495486.4184246,8,686,532
1756495486.4184246,6,531,356
1756495486.4184246,5,348,492
1756495486.4184246,2,292,489
1756495486.4184246,1,743,468
1756495486.454087,53,358,312
1756495486.454087,52,361,402
1756495486.454087,51,375,446
1756495486.454087,49,303,170
1756495486.454087,48,438,434
1756495486.454087,47,433,555
1756495486.454087,45,336,191
1756495486.454087,43,341,455
1756495486.454087,31,340,370
1756495486.454087,24,485,426
1756495486.454087,17,636,384
1756495486.454087,10,537,573
1756495486.454087,8,686,530
1756495486.454087,6,530,355
1756495486.454087,5,349,492
1756495486.454087,2,291,489
1756495486.454087,1,744,468
1756495486.4882517,54,338,424
1756495486.4882517,53,358,315
1756495486.4882517,52,361,403
1756495486.4882517,51,381,449
1756495486.4882517,49,303,171
1756495486.4882517,48,441,437
1756495486.4882517,47,432,555
1756495486.4882517,45,333,192
1756495486.4882517,43,340,453
1756495486.4882517,37,1047,669
1756495486.4882517,31,340,369
1756495486.4882517,24,487,425
1756495486.4882517,17,638,384
1756495486.4882517,10,538,573
1756495486.4882517,8,686,531
1756495486.4882517,6,525,355
1756495486.4882517,5,348,492
1756495486.4882517,2,291,489
1756495486.4882517,1,745,469
1756495486.5215905,54,337,419
1756495486.5215905,53,360,321
1756495486.5215905,52,360,403
1756495486.5215905,51,387,451
1756495486.5215905,49,303,172
1756495486.5215905,48,443,439
1756495486.5215905,47,431,555
1756495486.5215905,45,333,192
1756495486.5215905,43,340,453
1756495486.5215905,31,341,369
1756495486.5215905,24,491,425
1756495486.5215905,17,639,381
1756495486.5215905,10,538,572
1756495486.5215905,8,686,531
1756495486.5215905,6,523,354
1756495486.5215905,5,348,492
1756495486.5215905,2,292,489
1756495486.5215905,1,748,469
1756495486.5583918,54,336,416
1756495486.5583918,53,362,324
1756495486.5583918,52,358,403
1756495486.5583918,51,391,454
1756495486.5583918,50,315,141
1756495486.5583918,49,305,171
1756495486.5583918,48,444,440
1756495486.5583918,47,430,555
1756495486.5583918,45,333,193
1756495486.5583918,43,342,453
1756495486.5583918,31,342,368
1756495486.5583918,24,493,425
1756495486.5583918,17,641,380
1756495486.5583918,10,537,572
1756495486.5583918,8,686,531
1756495486.5583918,6,520,354
1756495486.5583918,5,348,492
1756495486.5583918,2,292,489
1756495486.5583918,1,749,469
1756495486.5920513,54,336,413
1756495486.5920513,53,365,329
1756495486.5920513,52,358,402
1756495486.5920513,51,395,455
1756495486.5920513,50,317,142
1756495486.5920513,49,304,172
1756495486.5920513,48,446,442
1756495486.5920513,47,430,554
1756495486.5920513,43,343,454
1756495486.5920513,31,341,367
1756495486.5920513,24,495,426
1756495486.5920513,17,642,380
1756495486.5920513,10,537,572
1756495486.5920513,8,686,531
1756495486.5920513,6,517,353
1756495486.5920513,5,348,492
1756495486.5920513,2,293,489
1756495486.5920513,1,751,469
1756495486.6275783,55,316,147
1756495486.6275783,54,337,411
1756495486.6275783,53,369,333
1756495486.6275783,52,354,401
1756495486.6275783,51,399,458
1756495486.6275783,49,305,173
1756495486.6275783,48,448,443
1756495486.6275783,47,429,555
1756495486.6275783,43,343,454
1756495486.6275783,31,341,366
1756495486.6275783,24,497,424
1756495486.6275783,17,643,380
1756495486.6275783,10,537,573
1756495486.6275783,8,686,530
1756495486.6275783,6,515,353
1756495486.6275783,5,349,492
1756495486.6275783,2,292,489
1756495486.6275783,1,753,469
1756495486.662087,55,318,146
1756495486.662087,54,335,407
1756495486.662087,53,372,336
1756495486.662087,52,354,401
1756495486.662087,51,405,459
1756495486.662087,49,305,174
1756495486.662087,48,450,446
1756495486.662087,47,429,555
1756495486.662087,43,345,453
1756495486.662087,31,339,365
1756495486.662087,24,500,422
1756495486.662087,17,644,381
1756495486.662087,10,537,573
1756495486.662087,8,687,531
1756495486.662087,6,513,352
1756495486.662087,5,347,492
1756495486.662087,2,292,490
1756495486.662087,1,754,470
1756495486.7001238,55,321,145
1756495486.7001238,54,334,405
1756495486.7001238,53,374,339
1756495486.7001238,52,354,400
1756495486.7001238,51,412,461
1756495486.7001238,49,305,173
1756495486.7001238,48,452,447
1756495486.7001238,47,429,554
1756495486.7001238,43,346,452
1756495486.7001238,31,339,363
1756495486.7001238,24,503,421
1756495486.7001238,17,644,381
1756495486.7001238,10,536,573
1756495486.7001238,8,687,531
1756495486.7001238,6,510,352
1756495486.7001238,5,346,492
1756495486.7001238,2,292,490
1756495486.7001238,1,755,470
1756495486.7339532,55,320,146
1756495486.7339532,54,335,403
1756495486.7339532,53,377,341
1756495486.7339532,52,354,401
1756495486.7339532,51,417,463
1756495486.7339532,49,306,174
1756495486.7339532,48,456,450
1756495486.7339532,47,431,554
1756495486.7339532,43,347,452
1756495486.7339532,31,338,363
1756495486.7339532,24,504,420
1756495486.7339532,17,645,381
1756495486.7339532,10,536,573
1756495486.7339532,8,687,531
1756495486.7339532,6,506,352
1756495486.7339532,5,345,492
1756495486.7339532,2,292,490
1756495486.7339532,1,757,470
1756495486.7749023,55,318,147
1756495486.7749023,53,380,341
1756495486.7749023,52,350,400
1756495486.7749023,51,421,464
1756495486.7749023,49,308,175
1756495486.7749023,48,459,452
1756495486.7749023,47,432,553
1756495486.7749023,43,347,451
1756495486.7749023,31,339,362
1756495486.7749023,24,506,419
1756495486.7749023,17,646,383
1756495486.7749023,10,537,572
1756495486.7749023,8,687,531
1756495486.7749023,6,504,352
1756495486.7749023,5,345,492
1756495486.7749023,2,293,491
1756495486.7749023,1,758,471
1756495486.8098814,55,317,149
1756495486.8098814,53,383,344
1756495486.8098814,52,349,397
1756495486.8098814,51,427,466
1756495486.8098814,49,307,175
1756495486.8098814,48,462,454
1756495486.8098814,47,432,552
1756495486.8098814,43,347,449
1756495486.8098814,31,339,359
1756495486.8098814,24,510,417
1756495486.8098814,17,646,384
1756495486.8098814,10,538,572
1756495486.8098814,8,687,531
1756495486.8098814,6,500,350
1756495486.8098814,5,345,492
1756495486.8098814,2,293,491
1756495486.8098814,1,761,470
1756495486.8455796,55,317,151
1756495486.8455796,54,343,395
1756495486.8455796,53,389,348
1756495486.8455796,51,432,467
1756495486.8455796,49,306,176
1756495486.8455796,48,463,456
1756495486.8455796,47,433,553
1756495486.8455796,43,347,448
1756495486.8455796,31,340,357
1756495486.8455796,24,513,417
1756495486.8455796,17,647,384
1756495486.8455796,10,538,571
1756495486.8455796,8,687,531
1756495486.8455796,6,498,350
1756495486.8455796,5,345,492
1756495486.8455796,2,292,491
1756495486.8455796,1,762,470
1756495486.8776402,55,315,154
1756495486.8776402,54,342,393
1756495486.8776402,53,393,349
1756495486.8776402,51,439,469
1756495486.8776402,49,309,172
1756495486.8776402,48,468,458
1756495486.8776402,47,430,554
1756495486.8776402,43,346,447
1756495486.8776402,31,340,354
1756495486.8776402,24,515,416
1756495486.8776402,17,647,385
1756495486.8776402,10,537,571
1756495486.8776402,8,687,531
1756495486.8776402,6,497,350
1756495486.8776402,5,345,491
1756495486.8776402,2,291,492
1756495486.8776402,1,763,470
1756495486.9126074,55,315,156
1756495486.9126074,54,345,392
1756495486.9126074,53,397,350
1756495486.9126074,51,442,470
1756495486.9126074,49,310,175
1756495486.9126074,48,471,458
1756495486.9126074,47,428,554
1756495486.9126074,43,347,446
1756495486.9126074,31,340,351
1756495486.9126074,24,518,414
1756495486.9126074,17,649,385
1756495486.9126074,10,537,571
1756495486.9126074,8,687,532
1756495486.9126074,6,495,350
1756495486.9126074,5,345,491
1756495486.9126074,2,289,493
1756495486.9126074,1,764,471
1756495486.9453228,55,317,156
1756495486.9453228,54,345,391
1756495486.9453228,53,401,351
1756495486.9453228,51,446,472
1756495486.9453228,48,476,460
1756495486.9453228,47,428,554
1756495486.9453228,43,348,445
1756495486.9453228,31,340,350
1756495486.9453228,24,520,412
1756495486.9453228,17,651,387
1756495486.9453228,10,538,571
1756495486.9453228,8,686,531
1756495486.9453228,6,492,349
1756495486.9453228,5,345,491
1756495486.9453228,2,291,494
1756495486.9453228,1,766,471
1756495486.9768944,55,318,156
1756495486.9768944,54,345,390
1756495486.9768944,53,407,353
1756495486.9768944,51,450,472
1756495486.9768944,48,483,461
1756495486.9768944,47,428,554
1756495486.9768944,43,348,442
1756495486.9768944,31,341,348
1756495486.9768944,24,523,410
1756495486.9768944,17,654,388
1756495486.9768944,10,538,571
1756495486.9768944,8,686,531
1756495486.9768944,6,489,349
1756495486.9768944,5,345,491
1756495486.9768944,2,293,496
1756495486.9768944,1,768,471
1756495487.009227,55,318,159
1756495487.009227,54,345,388
1756495487.009227,53,411,353
1756495487.009227,51,455,473
1756495487.009227,48,487,461
1756495487.009227,47,428,555
1756495487.009227,43,349,440
1756495487.009227,31,341,346
1756495487.009227,24,525,408
1756495487.009227,17,657,389
1756495487.009227,10,537,572
1756495487.009227,8,686,531
1756495487.009227,6,487,348
1756495487.009227,5,345,491
1756495487.009227,2,296,497
1756495487.009227,1,770,471
1756495487.0442252,55,319,160
1756495487.0442252,54,343,386
1756495487.0442252,53,414,355
1756495487.0442252,51,457,474
1756495487.0442252,48,490,461
1756495487.0442252,47,428,555
1756495487.0442252,43,349,439
1756495487.0442252,31,341,345
1756495487.0442252,24,528,407
1756495487.0442252,17,659,390
1756495487.0442252,10,537,572
1756495487.0442252,8,686,531
1756495487.0442252,6,485,347
1756495487.0442252,5,346,491
1756495487.0442252,2,298,498
1756495487.0442252,1,770,471
1756495487.0853717,55,321,160
1756495487.0853717,54,343,384
1756495487.0853717,53,416,355
1756495487.0853717,51,463,475
1756495487.0853717,48,496,461
1756495487.0853717,47,429,555
1756495487.0853717,43,349,437
1756495487.0853717,31,342,343
1756495487.0853717,24,530,404
1756495487.0853717,17,661,392
1756495487.0853717,10,536,572
1756495487.0853717,8,685,531
1756495487.0853717,6,483,347
1756495487.0853717,5,345,491
1756495487.0853717,2,299,499
1756495487.0853717,1,772,472
1756495487.1312428,55,321,162
1756495487.1312428,54,342,384
1756495487.1312428,53,418,355
1756495487.1312428,51,467,477
1756495487.1312428,48,505,462
1756495487.1312428,47,429,555
1756495487.1312428,43,350,436
1756495487.1312428,31,342,341
1756495487.1312428,24,533,403
1756495487.1312428,17,662,394
1756495487.1312428,10,535,572
1756495487.1312428,8,685,531
1756495487.1312428,6,475,347
1756495487.1312428,5,345,491
1756495487.1312428,2,302,501
1756495487.1312428,1,774,472
1756495487.1783664,55,322,163
1756495487.1783664,54,343,383
1756495487.1783664,53,418,355
1756495487.1783664,51,470,477
1756495487.1783664,48,509,463
1756495487.1783664,47,428,555
1756495487.1783664,43,350,435
1756495487.1783664,31,342,340
1756495487.1783664,24,535,401
1756495487.1783664,17,663,395
1756495487.1783664,10,535,573
1756495487.1783664,8,685,531
1756495487.1783664,6,470,347
1756495487.1783664,5,345,491
1756495487.1783664,2,302,502
1756495487.1783664,1,776,473
1756495487.2155797,55,320,170
1756495487.2155797,54,342,380
1756495487.2155797,53,420,354
1756495487.2155797,51,473,478
1756495487.2155797,48,514,462
1756495487.2155797,47,428,556
1756495487.2155797,43,350,433
1756495487.2155797,31,342,338
1756495487.2155797,24,537,399
1756495487.2155797,17,664,397
1756495487.2155797,10,535,572
1756495487.2155797,8,684,531
1756495487.2155797,6,467,348
1756495487.2155797,5,346,491
1756495487.2155797,2,305,504
1756495487.2155797,1,778,473
1756495487.2490675,55,320,173
1756495487.2490675,54,341,378
1756495487.2490675,53,422,354
1756495487.2490675,51,477,478
1756495487.2490675,48,519,462
1756495487.2490675,47,428,556
1756495487.2490675,43,349,430
1756495487.2490675,31,343,336
1756495487.2490675,24,540,397
1756495487.2490675,17,668,399
1756495487.2490675,10,536,571
1756495487.2490675,8,684,531
1756495487.2490675,6,467,346
1756495487.2490675,5,347,491
1756495487.2490675,2,309,506
1756495487.2490675,1,780,473
1756495487.2846625,57,331,144
1756495487.2846625,55,320,174
1756495487.2846625,54,342,377
1756495487.2846625,53,424,354
1756495487.2846625,51,481,480
1756495487.2846625,48,524,462
1756495487.2846625,47,427,555
1756495487.2846625,43,348,428
1756495487.2846625,31,342,334
1756495487.2846625,24,541,395
1756495487.2846625,17,669,401
1756495487.2846625,10,535,571
1756495487.2846625,8,684,531
1756495487.2846625,6,467,345
1756495487.2846625,5,345,491
1756495487.2846625,2,312,508
1756495487.2846625,1,781,473
1756495487.3175726,57,332,143
1756495487.3175726,55,319,175
1756495487.3175726,54,341,375
1756495487.3175726,53,424,355
1756495487.3175726,51,485,480
1756495487.3175726,48,530,462
1756495487.3175726,47,427,554
1756495487.3175726,43,347,426
1756495487.3175726,31,342,332
1756495487.3175726,24,543,392
1756495487.3175726,17,672,402
1756495487.3175726,10,536,571
1756495487.3175726,8,683,531
1756495487.3175726,6,467,344
1756495487.3175726,5,345,490
1756495487.3175726,2,316,510
1756495487.3175726,1,783,473
1756495487.3581147,57,333,142
1756495487.3581147,55,318,177
1756495487.3581147,54,340,371
1756495487.3581147,53,428,356
1756495487.3581147,51,491,480
1756495487.3581147,48,537,461
1756495487.3581147,47,426,554
1756495487.3581147,43,346,422
1756495487.3581147,31,342,330
1756495487.3581147,24,545,391
1756495487.3581147,17,674,403
1756495487.3581147,10,536,571
1756495487.3581147,8,683,531
1756495487.3581147,6,466,342
1756495487.3581147,5,345,491
1756495487.3581147,2,319,512
1756495487.3581147,1,784,474
1756495487.3930924,57,334,143
1756495487.3930924,55,318,177
1756495487.3930924,54,339,367
1756495487.3930924,53,432,356
1756495487.3930924,51,493,480
1756495487.3930924,48,542,460
1756495487.3930924,47,425,553
1756495487.3930924,43,345,419
1756495487.3930924,31,342,329
1756495487.3930924,24,547,389
1756495487.3930924,17,675,404
1756495487.3930924,10,535,571
1756495487.3930924,8,683,531
1756495487.3930924,6,466,340
1756495487.3930924,5,345,491
1756495487.3930924,2,323,514
1756495487.3930924,1,786,474
1756495487.4273067,57,335,143
1756495487.4273067,55,317,176
1756495487.4273067,54,339,365
1756495487.4273067,53,438,355
1756495487.4273067,51,498,480
1756495487.4273067,48,546,459
1756495487.4273067,47,424,553
1756495487.4273067,43,344,416
1756495487.4273067,31,342,327
1756495487.4273067,24,547,387
1756495487.4273067,17,678,405
1756495487.4273067,10,534,571
1756495487.4273067,8,683,531
1756495487.4273067,6,463,337
1756495487.4273067,5,344,490
1756495487.4273067,2,325,515
1756495487.4273067,1,787,475
1756495487.4595315,57,336,143
1756495487.4595315,55,318,176
1756495487.4595315,54,339,363
1756495487.4595315,53,441,355
1756495487.4595315,51,501,480
1756495487.4595315,48,552,457
1756495487.4595315,47,424,552
1756495487.4595315,43,345,414
1756495487.4595315,31,342,326
1756495487.4595315,24,547,386
1756495487.4595315,17,681,407
1756495487.4595315,10,534,571
1756495487.4595315,8,683,531
1756495487.4595315,6,461,336
1756495487.4595315,5,344,490
1756495487.4595315,2,327,515
1756495487.4595315,1,787,475
1756495487.4979193,57,339,144
1756495487.4979193,55,318,176
1756495487.4979193,54,338,360
1756495487.4979193,53,444,355
1756495487.4979193,51,505,480
1756495487.4979193,48,558,456
1756495487.4979193,47,423,552
1756495487.4979193,43,347,412
1756495487.4979193,31,341,324
1756495487.4979193,24,549,384
1756495487.4979193,17,684,410
1756495487.4979193,10,534,571
1756495487.4979193,8,683,532
1756495487.4979193,6,457,334
1756495487.4979193,5,343,490
1756495487.4979193,2,331,518
1756495487.4979193,1,789,475
1756495487.5308404,57,340,145
1756495487.5308404,55,318,176
1756495487.5308404,54,336,358
1756495487.5308404,53,449,356
1756495487.5308404,51,509,479
1756495487.5308404,48,564,454
1756495487.5308404,47,423,551
1756495487.5308404,43,348,408
1756495487.5308404,31,340,322
1756495487.5308404,24,550,383
1756495487.5308404,17,686,412
1756495487.5308404,10,534,571
1756495487.5308404,8,683,532
1756495487.5308404,6,454,333
1756495487.5308404,5,343,489
1756495487.5308404,2,335,519
1756495487.5308404,1,791,475
1756495487.5682552,60,305,203
1756495487.5682552,57,341,145
1756495487.5682552,55,319,177
1756495487.5682552,54,335,356
1756495487.5682552,53,453,356
1756495487.5682552,51,512,479
1756495487.5682552,48,568,453
1756495487.5682552,47,423,551
1756495487.5682552,43,347,405
1756495487.5682552,31,340,320
1756495487.5682552,24,551,383
1756495487.5682552,17,688,414
1756495487.5682552,10,533,571
1756495487.5682552,8,683,532
1756495487.5682552,6,452,331
1756495487.5682552,5,343,489
1756495487.5682552,2,340,520
1756495487.5682552,1,792,475
1756495487.604037,60,305,203
1756495487.604037,57,342,145
1756495487.604037,55,319,177
1756495487.604037,54,335,355
1756495487.604037,53,457,357
1756495487.604037,51,516,479
1756495487.604037,48,572,452
1756495487.604037,47,423,550
1756495487.604037,43,347,402
1756495487.604037,31,340,319
1756495487.604037,24,552,381
1756495487.604037,17,691,415
1756495487.604037,10,533,571
1756495487.604037,8,683,532
1756495487.604037,6,451,330
1756495487.604037,5,343,490
1756495487.604037,2,345,521
1756495487.604037,1,794,476
1756495487.6404352,60,305,203
1756495487.6404352,57,343,145
1756495487.6404352,55,319,177
1756495487.6404352,54,335,353
1756495487.6404352,53,459,356
1756495487.6404352,51,520,479
1756495487.6404352,48,575,451
1756495487.6404352,47,422,549
1756495487.6404352,43,346,400
1756495487.6404352,31,340,317
1756495487.6404352,24,554,379
1756495487.6404352,17,693,417
1756495487.6404352,10,533,571
1756495487.6404352,8,683,532
1756495487.6404352,6,448,329
1756495487.6404352,5,343,490
1756495487.6404352,2,348,522
1756495487.6404352,1,797,476
1756495487.6750028,60,305,203
1756495487.6750028,57,346,146
1756495487.6750028,55,320,176
1756495487.6750028,54,335,350
1756495487.6750028,53,464,357
1756495487.6750028,51,524,477
1756495487.6750028,48,581,449
1756495487.6750028,47,422,548
1756495487.6750028,43,346,397
1756495487.6750028,31,340,315
1756495487.6750028,24,555,378
1756495487.6750028,17,695,418
1756495487.6750028,10,533,571
1756495487.6750028,8,683,532
1756495487.6750028,6,445,328
1756495487.6750028,5,343,489
1756495487.6750028,2,351,524
1756495487.6750028,1,799,475
1756495487.7118223,60,305,203
1756495487.7118223,57,348,147
1756495487.7118223,55,320,177
1756495487.7118223,54,335,347
1756495487.7118223,53,467,357
1756495487.7118223,51,526,477
1756495487.7118223,48,586,446
1756495487.7118223,47,421,547
1756495487.7118223,43,347,394
1756495487.7118223,31,340,313
1756495487.7118223,24,556,377
1756495487.7118223,17,699,419
1756495487.7118223,10,534,571
1756495487.7118223,8,683,532
1756495487.7118223,6,443,328
1756495487.7118223,5,342,489
1756495487.7118223,2,354,524
1756495487.7118223,1,800,475
1756495487.750739,60,304,204
1756495487.750739,57,346,146
1756495487.750739,55,321,176
1756495487.750739,53,473,358
1756495487.750739,51,529,476
1756495487.750739,48,591,445
1756495487.750739,47,421,545
1756495487.750739,43,348,393
1756495487.750739,31,340,312
1756495487.750739,24,556,377
1756495487.750739,17,701,421
1756495487.750739,10,534,571
1756495487.750739,8,683,533
1756495487.750739,6,440,328
1756495487.750739,5,341,489
1756495487.750739,2,358,525
1756495487.750739,1,802,475
1756495487.7830942,60,304,204
1756495487.7830942,57,353,148
1756495487.7830942,55,321,175
1756495487.7830942,53,477,358
1756495487.7830942,51,532,475
1756495487.7830942,48,595,442
1756495487.7830942,47,420,544
1756495487.7830942,43,348,391
1756495487.7830942,31,339,309
1756495487.7830942,24,556,377
1756495487.7830942,17,705,423
1756495487.7830942,10,534,571
1756495487.7830942,8,683,533
1756495487.7830942,6,439,327
1756495487.7830942,5,341,489
1756495487.7830942,2,363,526
1756495487.7830942,1,804,475
1756495487.8292334,60,304,205
1756495487.8292334,57,354,149
1756495487.8292334,55,323,174
1756495487.8292334,53,481,358
1756495487.8292334,51,535,473
1756495487.8292334,48,599,440
1756495487.8292334,47,419,543
1756495487.8292334,43,348,389
1756495487.8292334,31,337,307
1756495487.8292334,24,557,377
1756495487.8292334,17,708,424
1756495487.8292334,10,534,570
1756495487.8292334,8,683,532
1756495487.8292334,6,436,325
1756495487.8292334,5,340,489
1756495487.8292334,2,366,526
1756495487.8292334,1,804,475
1756495487.8686047,60,305,205
1756495487.8686047,57,360,151
1756495487.8686047,55,325,173
1756495487.8686047,53,485,358
1756495487.8686047,51,537,472
1756495487.8686047,48,602,438
1756495487.8686047,47,417,543
1756495487.8686047,43,348,386
1756495487.8686047,31,337,305
1756495487.8686047,24,558,377
1756495487.8686047,17,711,424
1756495487.8686047,10,534,570
1756495487.8686047,8,683,532
1756495487.8686047,6,434,324
1756495487.8686047,5,341,488
1756495487.8686047,2,369,526
1756495487.8686047,1,806,476
1756495487.90431,60,305,205
1756495487.90431,57,366,153
1756495487.90431,55,326,171
1756495487.90431,53,489,359
1756495487.90431,51,538,470
1756495487.90431,48,605,436
1756495487.90431,47,416,543
1756495487.90431,43,348,384
1756495487.90431,31,336,304
1756495487.90431,24,560,376
1756495487.90431,17,714,424
1756495487.90431,10,534,571
1756495487.90431,8,683,532
1756495487.90431,6,431,322
1756495487.90431,5,341,488
1756495487.90431,2,372,526
1756495487.90431,1,808,476
1756495487.9396224,60,306,206
1756495487.9396224,57,369,155
1756495487.9396224,55,328,170
1756495487.9396224,54,335,318
1756495487.9396224,53,492,359
1756495487.9396224,51,539,469
1756495487.9396224,48,608,434
1756495487.9396224,47,415,544
1756495487.9396224,43,348,382
1756495487.9396224,31,336,302
1756495487.9396224,24,562,376
1756495487.9396224,17,715,425
1756495487.9396224,10,533,571
1756495487.9396224,8,683,532
1756495487.9396224,6,429,321
1756495487.9396224,5,341,488
1756495487.9396224,2,376,527
1756495487.9396224,1,810,476
1756495487.9802778,60,306,209
1756495487.9802778,57,371,155
1756495487.9802778,55,330,170
1756495487.9802778,53,495,359
1756495487.9802778,51,539,468
1756495487.9802778,48,610,432
1756495487.9802778,47,416,544
1756495487.9802778,43,348,380
1756495487.9802778,31,336,302
1756495487.9802778,24,564,376
1756495487.9802778,17,719,428
1756495487.9802778,10,533,571
1756495487.9802778,8,683,533
1756495487.9802778,6,426,320
1756495487.9802778,5,342,488
1756495487.9802778,2,379,527
1756495487.9802778,1,812,477
1756495488.0184689,60,305,210
1756495488.0184689,57,372,156
1756495488.0184689,55,330,170
1756495488.0184689,53,498,358
1756495488.0184689,51,540,467
1756495488.0184689,48,611,431
1756495488.0184689,47,416,544
1756495488.0184689,43,348,379
1756495488.0184689,31,335,301
1756495488.0184689,24,564,375
1756495488.0184689,17,721,429
1756495488.0184689,10,534,571
1756495488.0184689,8,683,533
1756495488.0184689,6,424,319
1756495488.0184689,5,343,488
1756495488.0184689,2,383,526
1756495488.0184689,1,813,477
1756495488.0585198,60,305,210
1756495488.0585198,57,374,157
1756495488.0585198,55,330,169
1756495488.0585198,53,501,358
1756495488.0585198,51,539,465
1756495488.0585198,48,613,428
1756495488.0585198,47,417,544
1756495488.0585198,43,348,378
1756495488.0585198,24,564,375
1756495488.0585198,17,725,431
1756495488.0585198,10,534,571
1756495488.0585198,8,683,533
1756495488.0585198,6,422,317
1756495488.0585198,5,343,488
1756495488.0585198,2,386,526
1756495488.0585198,1,814,477
1756495488.100697,60,305,211
1756495488.100697,57,376,158
1756495488.100697,55,330,168
1756495488.100697,54,336,301
1756495488.100697,53,503,357
1756495488.100697,51,539,463
1756495488.100697,48,615,426
1756495488.100697,47,416,544
1756495488.100697,43,349,377
1756495488.100697,24,565,376
1756495488.100697,17,728,432
1756495488.100697,10,534,570
1756495488.100697,8,684,533
1756495488.100697,6,421,316
1756495488.100697,5,343,487
1756495488.100697,2,390,525
1756495488.100697,1,816,477
1756495488.135861,60,305,211
1756495488.135861,57,379,160
1756495488.135861,55,330,167
1756495488.135861,53,505,356
1756495488.135861,51,539,461
1756495488.135861,48,615,425
1756495488.135861,47,416,543
1756495488.135861,43,349,376
1756495488.135861,24,565,375
1756495488.135861,17,731,434
1756495488.135861,10,534,570
1756495488.135861,8,684,532
1756495488.135861,6,419,315
1756495488.135861,5,343,487
1756495488.135861,2,393,525
1756495488.135861,1,818,477
1756495488.1713467,60,305,212
1756495488.1713467,57,378,160
1756495488.1713467,55,330,166
1756495488.1713467,53,507,355
1756495488.1713467,51,538,460
1756495488.1713467,48,615,423
1756495488.1713467,47,416,543
1756495488.1713467,43,349,375
1756495488.1713467,24,565,375
1756495488.1713467,17,735,434
1756495488.1713467,10,535,570
1756495488.1713467,8,683,532
1756495488.1713467,6,417,313
1756495488.1713467,5,343,487
1756495488.1713467,2,394,525
1756495488.1713467,1,820,477
1756495488.2045088,60,305,213
1756495488.2045088,57,379,162
1756495488.2045088,55,331,166
1756495488.2045088,54,333,309
1756495488.2045088,53,507,354
1756495488.2045088,51,537,458
1756495488.2045088,48,615,422
1756495488.2045088,47,415,542
1756495488.2045088,43,350,375
1756495488.2045088,24,565,375
1756495488.2045088,17,736,434
1756495488.2045088,10,535,570
1756495488.2045088,8,683,533
1756495488.2045088,6,416,311
1756495488.2045088,5,343,487
1756495488.2045088,1,821,477
1756495488.2431207,60,305,214
1756495488.2431207,57,383,163
1756495488.2431207,55,332,167
1756495488.2431207,54,334,310
1756495488.2431207,53,508,353
1756495488.2431207,51,538,457
1756495488.2431207,48,615,419
1756495488.2431207,47,416,540
1756495488.2431207,43,350,374
1756495488.2431207,24,566,375
1756495488.2431207,17,741,435
1756495488.2431207,10,535,570
1756495488.2431207,8,684,533
1756495488.2431207,6,416,309
1756495488.2431207,5,344,487
1756495488.2431207,1,822,477
1756495488.278733,60,306,215
1756495488.278733,57,385,163
1756495488.278733,55,330,166
1756495488.278733,54,335,310
1756495488.278733,53,509,350
1756495488.278733,51,538,455
1756495488.278733,48,614,417
1756495488.278733,47,417,539
1756495488.278733,43,351,373
1756495488.278733,24,566,375
1756495488.278733,17,746,436
1756495488.278733,10,535,570
1756495488.278733,8,684,532
1756495488.278733,6,414,307
1756495488.278733,5,345,487
1756495488.278733,1,823,477
1756495488.3150926,60,306,216
1756495488.3150926,57,386,165
1756495488.3150926,55,326,163
1756495488.3150926,54,341,309
1756495488.3150926,53,512,349
1756495488.3150926,51,537,453
1756495488.3150926,48,614,416
1756495488.3150926,47,417,539
1756495488.3150926,43,350,370
1756495488.3150926,24,567,375
1756495488.3150926,17,750,437
1756495488.3150926,10,535,570
1756495488.3150926,8,684,532
1756495488.3150926,6,412,304
1756495488.3150926,5,345,486
1756495488.3150926,1,824,477
1756495488.3501241,60,306,216
1756495488.3501241,57,388,166
1756495488.3501241,55,325,161
1756495488.3501241,54,346,310
1756495488.3501241,53,514,348
1756495488.3501241,51,537,451
1756495488.3501241,48,615,412
1756495488.3501241,47,417,538
1756495488.3501241,43,350,368
1756495488.3501241,24,568,375
1756495488.3501241,17,754,437
1756495488.3501241,10,534,570
1756495488.3501241,8,684,532
1756495488.3501241,6,410,302
1756495488.3501241,5,345,486
1756495488.3501241,1,826,477
1756495488.3834374,63,362,188
1756495488.3834374,60,306,217
1756495488.3834374,57,389,166
1756495488.3834374,55,324,160
1756495488.3834374,54,347,309
1756495488.3834374,53,516,346
1756495488.3834374,51,537,450
1756495488.3834374,48,616,408
1756495488.3834374,47,418,537
1756495488.3834374,43,350,367
1756495488.3834374,24,570,376
1756495488.3834374,17,758,437
1756495488.3834374,10,534,570
1756495488.3834374,8,683,532
1756495488.3834374,6,408,299
1756495488.3834374,5,345,485
1756495488.3834374,1,828,477
1756495488.4193518,63,360,188
1756495488.4193518,60,306,217
1756495488.4193518,57,389,166
1756495488.4193518,55,324,159
1756495488.4193518,54,348,307
1756495488.4193518,53,517,345
1756495488.4193518,51,537,448
1756495488.4193518,48,616,406
1756495488.4193518,47,418,537
1756495488.4193518,43,352,366
1756495488.4193518,24,570,376
1756495488.4193518,17,762,437
1756495488.4193518,10,534,570
1756495488.4193518,8,683,531
1756495488.4193518,6,407,298
1756495488.4193518,5,345,485
1756495488.4193518,1,830,477
1756495488.4526849,64,329,270
1756495488.4526849,63,358,188
1756495488.4526849,60,306,218
1756495488.4526849,57,390,166
1756495488.4526849,55,324,157
1756495488.4526849,54,339,301
1756495488.4526849,53,518,343
1756495488.4526849,51,538,446
1756495488.4526849,48,616,405
1756495488.4526849,47,420,536
1756495488.4526849,43,351,365
1756495488.4526849,24,571,376
1756495488.4526849,17,767,437
1756495488.4526849,10,535,570
1756495488.4526849,8,684,531
1756495488.4526849,6,405,296
1756495488.4526849,5,345,484
1756495488.4526849,1,833,478
1756495488.4897382,64,328,271
1756495488.4897382,63,345,178
1756495488.4897382,60,306,218
1756495488.4897382,57,392,167
1756495488.4897382,55,324,158
1756495488.4897382,54,348,301
1756495488.4897382,53,519,341
1756495488.4897382,51,539,442
1756495488.4897382,48,617,404
1756495488.4897382,47,421,534
1756495488.4897382,43,350,363
1756495488.4897382,24,572,377
1756495488.4897382,17,770,438
1756495488.4897382,10,535,570
1756495488.4897382,8,684,531
1756495488.4897382,6,404,294
1756495488.4897382,5,345,483
1756495488.4897382,1,835,478
1756495488.522068,64,329,274
1756495488.522068,63,342,176
1756495488.522068,60,306,219
1756495488.522068,57,392,168
1756495488.522068,55,325,157
1756495488.522068,54,354,301
1756495488.522068,53,519,339
1756495488.522068,51,538,440
1756495488.522068,48,618,402
1756495488.522068,47,422,533
1756495488.522068,43,348,361
1756495488.522068,24,572,376
1756495488.522068,17,773,437
1756495488.522068,10,535,570
1756495488.522068,8,683,530
1756495488.522068,6,403,292
1756495488.522068,5,345,482
1756495488.522068,1,837,479
1756495488.5589917,64,329,274
1756495488.5589917,63,340,178
1756495488.5589917,57,393,168
1756495488.5589917,55,324,153
1756495488.5589917,54,356,301
1756495488.5589917,53,520,337
1756495488.5589917,51,538,438
1756495488.5589917,48,620,399
1756495488.5589917,47,422,533
1756495488.5589917,43,347,359
1756495488.5589917,24,573,376
1756495488.5589917,17,775,437
1756495488.5589917,10,535,570
1756495488.5589917,8,683,530
1756495488.5589917,6,403,291
1756495488.5589917,5,345,482
1756495488.5589917,1,838,479
1756495488.593572,64,333,275
1756495488.593572,63,335,174
1756495488.593572,57,394,172
1756495488.593572,55,322,149
1756495488.593572,54,359,301
1756495488.593572,53,520,335
1756495488.593572,51,538,436
1756495488.593572,48,620,394
1756495488.593572,47,426,532
1756495488.593572,43,347,357
1756495488.593572,24,573,375
1756495488.593572,17,779,437
1756495488.593572,10,535,570
1756495488.593572,8,683,531
1756495488.593572,6,400,290
1756495488.593572,5,345,481
1756495488.593572,1,840,480
1756495488.6287017,64,336,275
1756495488.6287017,63,333,171
1756495488.6287017,57,394,174
1756495488.6287017,55,320,148
1756495488.6287017,54,357,297
1756495488.6287017,53,520,334
1756495488.6287017,51,537,435
1756495488.6287017,48,620,390
1756495488.6287017,47,426,531
1756495488.6287017,43,347,355
1756495488.6287017,24,573,373
1756495488.6287017,17,783,437
1756495488.6287017,10,534,570
1756495488.6287017,8,684,531
1756495488.6287017,6,400,289
1756495488.6287017,5,345,480
1756495488.6287017,1,842,480
1756495488.6609623,65,375,197
1756495488.6609623,64,340,276
1756495488.6609623,63,329,164
1756495488.6609623,60,307,221
1756495488.6609623,57,395,174
1756495488.6609623,55,321,148
1756495488.6609623,54,353,287
1756495488.6609623,53,519,331
1756495488.6609623,51,538,433
1756495488.6609623,48,619,387
1756495488.6609623,47,421,535
1756495488.6609623,43,346,352
1756495488.6609623,24,572,373
1756495488.6609623,17,787,437
1756495488.6609623,10,534,570
1756495488.6609623,8,684,532
1756495488.6609623,6,398,287
1756495488.6609623,5,344,479
1756495488.6609623,1,844,480
1756495488.6967292,65,376,198
1756495488.6967292,64,343,276
1756495488.6967292,63,326,158
1756495488.6967292,57,396,175
1756495488.6967292,55,322,149
1756495488.6967292,54,352,286
1756495488.6967292,53,521,328
1756495488.6967292,51,538,431
1756495488.6967292,48,619,385
1756495488.6967292,47,417,537
1756495488.6967292,43,346,349
1756495488.6967292,24,573,373
1756495488.6967292,17,789,437
1756495488.6967292,10,533,570
1756495488.6967292,8,684,532
1756495488.6967292,6,397,286
1756495488.6967292,5,344,478
1756495488.6967292,1,845,480
1756495488.730008,65,377,199
1756495488.730008,64,345,276
1756495488.730008,63,325,153
1756495488.730008,57,398,176
1756495488.730008,55,319,146
1756495488.730008,53,521,325
1756495488.730008,51,537,428
1756495488.730008,48,619,383
1756495488.730008,47,416,538
1756495488.730008,43,345,347
1756495488.730008,24,573,372
1756495488.730008,17,792,437
1756495488.730008,10,532,571
1756495488.730008,8,683,532
1756495488.730008,6,395,282
1756495488.730008,5,345,478
1756495488.730008,1,846,480
1756495488.7666328,65,377,200
1756495488.7666328,64,344,273
1756495488.7666328,63,326,153
1756495488.7666328,60,307,225
1756495488.7666328,57,400,177
1756495488.7666328,55,318,145
1756495488.7666328,53,523,323
1756495488.7666328,51,537,426
1756495488.7666328,48,619,381
1756495488.7666328,47,415,538
1756495488.7666328,43,345,345
1756495488.7666328,24,574,371
1756495488.7666328,17,795,437
1756495488.7666328,10,531,571
1756495488.7666328,8,684,532
1756495488.7666328,6,393,279
1756495488.7666328,5,345,477
1756495488.7666328,1,847,480
1756495488.8012936,65,378,200
1756495488.8012936,64,345,275
1756495488.8012936,60,306,225
1756495488.8012936,57,399,177
1756495488.8012936,55,320,146
1756495488.8012936,53,524,322
1756495488.8012936,51,536,424
1756495488.8012936,48,619,379
1756495488.8012936,47,414,538
1756495488.8012936,43,344,342
1756495488.8012936,24,574,371
1756495488.8012936,17,798,437
1756495488.8012936,10,529,570
1756495488.8012936,8,684,532
1756495488.8012936,6,393,276
1756495488.8012936,5,346,477
1756495488.8012936,1,848,480
1756495488.838128,65,379,202
1756495488.838128,60,308,225
1756495488.838128,57,399,176
1756495488.838128,55,320,144
1756495488.838128,53,524,321
1756495488.838128,51,536,422
1756495488.838128,48,619,376
1756495488.838128,47,413,539
1756495488.838128,43,344,340
1756495488.838128,24,574,370
1756495488.838128,17,799,437
1756495488.838128,10,527,569
1756495488.838128,8,684,533
1756495488.838128,6,392,274
1756495488.838128,5,346,477
1756495488.838128,1,851,480
1756495488.8732376,65,380,202
1756495488.8732376,63,324,145
1756495488.8732376,60,309,226
1756495488.8732376,57,398,175
1756495488.8732376,55,319,142
1756495488.8732376,53,523,319
1756495488.8732376,51,534,417
1756495488.8732376,48,617,373
1756495488.8732376,47,412,539
1756495488.8732376,43,345,337
1756495488.8732376,24,573,370
1756495488.8732376,17,803,437
1756495488.8732376,10,526,569
1756495488.8732376,8,685,534
1756495488.8732376,6,391,272
1756495488.8732376,5,346,476
1756495488.8732376,1,853,481
1756495488.9102983,66,455,530
1756495488.9102983,65,383,202
1756495488.9102983,63,324,143
1756495488.9102983,60,314,230
1756495488.9102983,57,398,175
1756495488.9102983,55,319,141
1756495488.9102983,53,521,311
1756495488.9102983,51,534,414
1756495488.9102983,48,616,371
1756495488.9102983,47,412,539
1756495488.9102983,43,345,335
1756495488.9102983,24,572,370
1756495488.9102983,17,808,437
1756495488.9102983,10,525,568
1756495488.9102983,8,685,534
1756495488.9102983,6,391,271
1756495488.9102983,5,347,476
1756495488.9102983,1,855,481
1756495488.9446414,67,334,167
1756495488.9446414,66,456,532
1756495488.9446414,65,384,203
1756495488.9446414,60,318,230
1756495488.9446414,57,398,176
1756495488.9446414,55,319,140
1756495488.9446414,53,520,307
1756495488.9446414,51,533,411
1756495488.9446414,48,615,368
1756495488.9446414,47,412,538
1756495488.9446414,43,345,332
1756495488.9446414,24,572,370
1756495488.9446414,17,810,437
1756495488.9446414,10,523,567
1756495488.9446414,8,685,534
1756495488.9446414,6,390,269
1756495488.9446414,5,346,475
1756495488.9446414,1,855,481
1756495488.9803326,67,334,167
1756495488.9803326,66,458,532
1756495488.9803326,65,387,204
1756495488.9803326,60,315,227
1756495488.9803326,57,399,175
1756495488.9803326,55,319,139
1756495488.9803326,53,519,303
1756495488.9803326,51,531,409
1756495488.9803326,48,613,365
1756495488.9803326,47,411,537
1756495488.9803326,43,346,330
1756495488.9803326,24,573,369
1756495488.9803326,17,812,437
1756495488.9803326,10,522,565
1756495488.9803326,8,685,534
1756495488.9803326,6,391,268
1756495488.9803326,5,346,474
1756495488.9803326,1,856,481
1756495489.0137732,67,332,168
1756495489.0137732,66,460,534
1756495489.0137732,65,389,205
1756495489.0137732,60,316,226
1756495489.0137732,57,399,176
1756495489.0137732,55,318,139
1756495489.0137732,53,518,300
1756495489.0137732,51,528,404
1756495489.0137732,48,610,364
1756495489.0137732,47,411,536
1756495489.0137732,43,347,328
1756495489.0137732,24,574,369
1756495489.0137732,17,816,437
1756495489.0137732,10,522,563
1756495489.0137732,8,685,533
1756495489.0137732,6,390,268
1756495489.0137732,5,345,473
1756495489.0137732,1,856,481
1756495489.0498438,68,330,258
1756495489.0498438,67,331,168
1756495489.0498438,66,457,530
1756495489.0498438,65,391,205
1756495489.0498438,60,320,226
1756495489.0498438,57,400,176
1756495489.0498438,55,319,138
1756495489.0498438,53,515,298
1756495489.0498438,51,526,400
1756495489.0498438,48,608,361
1756495489.0498438,47,407,535
1756495489.0498438,43,347,325
1756495489.0498438,24,576,369
1756495489.0498438,17,819,437
1756495489.0498438,10,521,562
1756495489.0498438,8,685,532
1756495489.0498438,6,390,267
1756495489.0498438,5,345,472
1756495489.0498438,1,857,481
1756495489.0842438,68,330,257
1756495489.0842438,67,330,170
1756495489.0842438,66,457,528
1756495489.0842438,65,393,205
1756495489.0842438,60,322,226
1756495489.0842438,57,399,177
1756495489.0842438,55,319,139
1756495489.0842438,53,512,296
1756495489.0842438,51,524,398
1756495489.0842438,48,606,359
1756495489.0842438,47,406,535
1756495489.0842438,43,346,322
1756495489.0842438,24,575,370
1756495489.0842438,17,822,436
1756495489.0842438,10,520,561
1756495489.0842438,8,685,532
1756495489.0842438,6,391,267
1756495489.0842438,5,345,472
1756495489.0842438,1,857,481
1756495489.1184967,68,335,259
1756495489.1184967,67,331,169
1756495489.1184967,66,462,527
1756495489.1184967,65,396,205
1756495489.1184967,60,324,226
1756495489.1184967,57,399,177
1756495489.1184967,55,321,139
1756495489.1184967,53,510,294
1756495489.1184967,51,520,393
1756495489.1184967,48,598,351
1756495489.1184967,47,405,534
1756495489.1184967,43,349,321
1756495489.1184967,24,577,369
1756495489.1184967,17,825,437
1756495489.1184967,10,518,561
1756495489.1184967,8,686,532
1756495489.1184967,6,391,266
1756495489.1184967,5,346,471
1756495489.1184967,1,857,480
1756495489.1545036,67,329,169
1756495489.1545036,66,463,526
1756495489.1545036,65,398,205
1756495489.1545036,60,325,227
1756495489.1545036,57,399,177
1756495489.1545036,55,322,139
1756495489.1545036,53,505,293
1756495489.1545036,51,517,390
1756495489.1545036,48,591,347
1756495489.1545036,47,405,534
1756495489.1545036,43,349,319
1756495489.1545036,24,577,368
1756495489.1545036,17,828,438
1756495489.1545036,10,516,560
1756495489.1545036,8,686,532
1756495489.1545036,6,391,264
1756495489.1545036,5,346,470
1756495489.1545036,1,857,480
1756495489.189361,67,326,168
1756495489.189361,66,464,527
1756495489.189361,65,399,206
1756495489.189361,60,326,227
1756495489.189361,57,399,177
1756495489.189361,55,320,139
1756495489.189361,53,501,292
1756495489.189361,51,513,386
1756495489.189361,48,586,345
1756495489.189361,47,404,534
1756495489.189361,43,348,317
1756495489.189361,24,577,367
1756495489.189361,17,830,438
1756495489.189361,10,514,559
1756495489.189361,8,686,531
1756495489.189361,6,392,264
1756495489.189361,5,346,470
1756495489.189361,1,858,480
1756495489.2290566,67,322,169
1756495489.2290566,66,464,525
1756495489.2290566,65,401,206
1756495489.2290566,60,326,227
1756495489.2290566,57,401,177
1756495489.2290566,55,318,140
1756495489.2290566,53,497,289
1756495489.2290566,51,510,381
1756495489.2290566,48,583,342
1756495489.2290566,47,404,533
1756495489.2290566,43,348,315
1756495489.2290566,24,577,367
1756495489.2290566,17,832,438
1756495489.2290566,10,512,557
1756495489.2290566,8,686,532
1756495489.2290566,6,392,262
1756495489.2290566,5,346,469
1756495489.2290566,1,859,480
1756495489.2644234,67,321,170
1756495489.2644234,66,463,524
1756495489.2644234,65,402,207
1756495489.2644234,60,327,226
1756495489.2644234,57,402,177
1756495489.2644234,55,316,141
1756495489.2644234,53,493,286
1756495489.2644234,51,504,375
1756495489.2644234,48,578,339
1756495489.2644234,47,402,532
1756495489.2644234,43,347,314
1756495489.2644234,24,578,367
1756495489.2644234,17,834,438
1756495489.2644234,10,510,555
1756495489.2644234,8,686,532
1756495489.2644234,6,392,261
1756495489.2644234,5,346,468
1756495489.2644234,1,859,480
1756495489.3013577,66,463,524
1756495489.3013577,65,404,207
1756495489.3013577,60,327,227
1756495489.3013577,57,402,177
1756495489.3013577,55,316,143
1756495489.3013577,53,489,284
1756495489.3013577,51,500,371
1756495489.3013577,48,573,337
1756495489.3013577,47,402,532
1756495489.3013577,43,346,314
1756495489.3013577,24,578,367
1756495489.3013577,17,835,438
1756495489.3013577,10,507,554
1756495489.3013577,8,686,532
1756495489.3013577,6,392,260
1756495489.3013577,5,347,467
1756495489.3013577,1,859,480
1756495489.338425,66,463,524
1756495489.338425,65,407,208
1756495489.338425,60,328,227
1756495489.338425,57,401,177
1756495489.338425,53,484,282
1756495489.338425,51,496,369
1756495489.338425,48,565,336
1756495489.338425,47,400,532
1756495489.338425,43,344,313
1756495489.338425,24,580,367
1756495489.338425,17,838,439
1756495489.338425,10,507,553
1756495489.338425,8,685,531
1756495489.338425,6,392,259
1756495489.338425,5,346,467
1756495489.338425,1,860,481
1756495489.3714647,66,464,524
1756495489.3714647,65,411,208
1756495489.3714647,60,330,227
1756495489.3714647,57,401,177
1756495489.3714647,53,479,281
1756495489.3714647,51,490,365
1756495489.3714647,48,561,335
1756495489.3714647,47,399,532
1756495489.3714647,43,342,311
1756495489.3714647,24,581,367
1756495489.3714647,17,840,438
1756495489.3714647,10,506,552
1756495489.3714647,8,685,531
1756495489.3714647,6,392,257
1756495489.3714647,5,346,466
1756495489.3714647,1,860,481
1756495489.4047139,67,325,173
1756495489.4047139,66,466,524
1756495489.4047139,65,413,208
1756495489.4047139,60,330,227
1756495489.4047139,57,400,177
1756495489.4047139,53,476,281
1756495489.4047139,51,483,362
1756495489.4047139,48,555,333
1756495489.4047139,47,399,531
1756495489.4047139,43,340,309
1756495489.4047139,24,582,367
1756495489.4047139,17,844,438
1756495489.4047139,10,504,551
1756495489.4047139,8,685,531
1756495489.4047139,6,392,256
1756495489.4047139,5,346,465
1756495489.4047139,1,861,481
1756495489.4380007,67,324,173
1756495489.4380007,66,468,524
1756495489.4380007,65,416,208
1756495489.4380007,60,331,226
1756495489.4380007,57,401,177
1756495489.4380007,53,473,280
1756495489.4380007,51,476,358
1756495489.4380007,48,549,333
1756495489.4380007,47,398,531
1756495489.4380007,43,339,309
1756495489.4380007,24,584,366
1756495489.4380007,17,846,439
1756495489.4380007,10,502,550
1756495489.4380007,8,685,531
1756495489.4380007,6,392,255
1756495489.4380007,5,346,464
1756495489.4380007,1,862,481
1756495489.4746518,67,324,174
1756495489.4746518,66,469,524
1756495489.4746518,65,419,207
1756495489.4746518,60,334,225
1756495489.4746518,57,401,176
1756495489.4746518,55,315,143
1756495489.4746518,53,471,279
1756495489.4746518,51,471,356
1756495489.4746518,48,541,330
1756495489.4746518,47,398,530
1756495489.4746518,43,338,308
1756495489.4746518,24,585,365
1756495489.4746518,17,848,440
1756495489.4746518,10,501,549
1756495489.4746518,8,685,530
1756495489.4746518,6,392,254
1756495489.4746518,5,345,463
1756495489.4746518,1,861,482
1756495489.5115774,66,472,522
1756495489.5115774,65,421,208
1756495489.5115774,60,335,225
1756495489.5115774,57,401,176
1756495489.5115774,55,316,143
1756495489.5115774,53,465,279
1756495489.5115774,51,466,354
1756495489.5115774,48,536,326
1756495489.5115774,47,398,530
1756495489.5115774,43,338,307
1756495489.5115774,24,586,363
1756495489.5115774,17,850,440
1756495489.5115774,10,499,549
1756495489.5115774,8,684,530
1756495489.5115774,6,392,253
1756495489.5115774,5,345,463
1756495489.5115774,1,862,482
1756495489.5510561,66,478,521
1756495489.5510561,65,422,208
1756495489.5510561,60,335,225
1756495489.5510561,57,400,176
1756495489.5510561,55,316,143
1756495489.5510561,53,461,278
1756495489.5510561,51,459,351
1756495489.5510561,48,531,324
1756495489.5510561,47,397,530
1756495489.5510561,43,339,307
1756495489.5510561,24,587,362
1756495489.5510561,17,851,441
1756495489.5510561,10,498,549
1756495489.5510561,8,684,530
1756495489.5510561,6,393,252
1756495489.5510561,5,345,462
1756495489.5510561,1,862,482
1756495489.5879526,67,322,176
1756495489.5879526,65,422,207
1756495489.5879526,60,336,224
1756495489.5879526,57,401,176
1756495489.5879526,55,315,143
1756495489.5879526,53,457,277
1756495489.5879526,51,454,349
1756495489.5879526,48,527,322
1756495489.5879526,47,397,530
1756495489.5879526,43,339,306
1756495489.5879526,24,588,361
1756495489.5879526,17,853,441
1756495489.5879526,10,494,547
1756495489.5879526,8,684,531
1756495489.5879526,6,393,251
1756495489.5879526,5,345,460
1756495489.5879526,1,861,482
1756495489.6257782,67,322,175
1756495489.6257782,65,421,207
1756495489.6257782,60,338,224
1756495489.6257782,57,400,176
1756495489.6257782,55,315,143
1756495489.6257782,53,455,277
1756495489.6257782,51,450,348
1756495489.6257782,48,523,321
1756495489.6257782,47,396,529
1756495489.6257782,43,339,306
1756495489.6257782,24,588,360
1756495489.6257782,17,854,441
1756495489.6257782,10,491,547
1756495489.6257782,8,684,531
1756495489.6257782,6,393,251
1756495489.6257782,5,345,460
1756495489.6257782,1,861,482
1756495489.6625156,67,322,177
1756495489.6625156,65,424,207
1756495489.6625156,60,342,224
1756495489.6625156,57,400,176
1756495489.6625156,55,315,143
1756495489.6625156,53,452,276
1756495489.6625156,51,444,345
1756495489.6625156,48,515,318
1756495489.6625156,47,395,530
1756495489.6625156,43,338,306
1756495489.6625156,24,590,360
1756495489.6625156,17,857,443
1756495489.6625156,10,489,547
1756495489.6625156,8,684,531
1756495489.6625156,6,393,250
1756495489.6625156,5,346,457
1756495489.6625156,1,863,482
1756495489.7011552,67,322,178
1756495489.7011552,65,426,208
1756495489.7011552,60,344,224
1756495489.7011552,57,400,176
1756495489.7011552,55,315,143
1756495489.7011552,53,448,275
1756495489.7011552,51,437,343
1756495489.7011552,48,509,317
1756495489.7011552,47,394,529
1756495489.7011552,43,336,305
1756495489.7011552,24,591,359
1756495489.7011552,17,858,444
1756495489.7011552,10,488,547
1756495489.7011552,8,685,531
1756495489.7011552,6,393,248
1756495489.7011552,5,346,455
1756495489.7011552,1,864,483
1756495489.736189,65,428,208
1756495489.736189,60,345,223
1756495489.736189,57,399,176
1756495489.736189,55,316,143
1756495489.736189,53,445,273
1756495489.736189,51,431,341
1756495489.736189,48,504,317
1756495489.736189,47,393,529
1756495489.736189,43,336,304
1756495489.736189,24,590,357
1756495489.736189,17,859,445
1756495489.736189,10,486,546
1756495489.736189,8,685,531
1756495489.736189,6,392,246
1756495489.736189,5,346,453
1756495489.736189,1,864,483
1756495489.7709866,65,430,208
1756495489.7709866,60,345,222
1756495489.7709866,57,399,175
1756495489.7709866,55,316,144
1756495489.7709866,53,443,273
1756495489.7709866,51,424,340
1756495489.7709866,48,499,315
1756495489.7709866,47,392,529
1756495489.7709866,43,336,303
1756495489.7709866,24,589,356
1756495489.7709866,17,862,445
1756495489.7709866,10,486,545
1756495489.7709866,8,685,531
1756495489.7709866,6,392,245
1756495489.7709866,5,346,452
1756495489.7709866,1,865,483
1756495489.8074644,67,324,180
1756495489.8074644,65,431,208
1756495489.8074644,57,399,175
1756495489.8074644,55,318,144
1756495489.8074644,53,437,272
1756495489.8074644,51,418,338
1756495489.8074644,48,493,314
1756495489.8074644,47,391,529
1756495489.8074644,43,336,302
1756495489.8074644,24,591,354
1756495489.8074644,17,864,446
1756495489.8074644,10,486,543
1756495489.8074644,8,685,531
1756495489.8074644,6,392,244
1756495489.8074644,5,346,451
1756495489.8074644,1,865,483
1756495489.8434453,67,324,180
1756495489.8434453,66,484,522
1756495489.8434453,65,432,207
1756495489.8434453,57,399,175
1756495489.8434453,55,319,144
1756495489.8434453,53,429,271
1756495489.8434453,51,413,337
1756495489.8434453,48,489,314
1756495489.8434453,47,391,528
1756495489.8434453,43,336,300
1756495489.8434453,24,592,350
1756495489.8434453,17,866,448
1756495489.8434453,10,486,542
1756495489.8434453,8,686,531
1756495489.8434453,6,392,243
1756495489.8434453,5,345,450
1756495489.8434453,1,865,483
1756495489.8780766,67,324,180
1756495489.8780766,66,484,521
1756495489.8780766,65,434,207
1756495489.8780766,57,399,175
1756495489.8780766,55,320,145
1756495489.8780766,53,425,271
1756495489.8780766,51,408,335
1756495489.8780766,48,485,312
1756495489.8780766,47,390,528
1756495489.8780766,43,336,297
1756495489.8780766,24,594,348
1756495489.8780766,17,868,449
1756495489.8780766,10,486,542
1756495489.8780766,8,686,531
1756495489.8780766,6,391,240
1756495489.8780766,5,345,449
1756495489.8780766,1,865,483
1756495489.9148097,67,323,181
1756495489.9148097,66,485,520
1756495489.9148097,65,436,208
1756495489.9148097,57,400,175
1756495489.9148097,55,318,145
1756495489.9148097,53,420,271
1756495489.9148097,51,403,335
1756495489.9148097,48,482,312
1756495489.9148097,47,390,529
1756495489.9148097,43,338,297
1756495489.9148097,24,594,348
1756495489.9148097,17,870,450
1756495489.9148097,10,486,541
1756495489.9148097,8,686,531
1756495489.9148097,6,389,237
1756495489.9148097,5,344,447
1756495489.9148097,1,866,483
1756495489.9515026,67,323,181
1756495489.9515026,66,487,520
1756495489.9515026,65,437,209
1756495489.9515026,57,400,175
1756495489.9515026,55,318,145
1756495489.9515026,53,418,271
1756495489.9515026,51,396,333
1756495489.9515026,48,475,311
1756495489.9515026,47,389,528
1756495489.9515026,43,339,295
1756495489.9515026,24,593,348
1756495489.9515026,17,871,452
1756495489.9515026,10,487,541
1756495489.9515026,8,686,531
1756495489.9515026,6,388,235
1756495489.9515026,5,345,445
1756495489.9515026,1,867,484
1756495489.9872441,67,323,181
1756495489.9872441,66,488,522
1756495489.9872441,65,438,210
1756495489.9872441,57,399,175
1756495489.9872441,55,319,145
1756495489.9872441,53,416,271
1756495489.9872441,51,389,332
1756495489.9872441,48,469,310
1756495489.9872441,47,390,528
1756495489.9872441,43,339,293
1756495489.9872441,24,592,347
1756495489.9872441,17,872,453
1756495489.9872441,10,488,540
1756495489.9872441,8,686,531
1756495489.9872441,6,387,232
1756495489.9872441,5,345,444
1756495489.9872441,1,865,484
1756495490.0243335,67,323,182
1756495490.0243335,66,490,524
1756495490.0243335,65,441,211
1756495490.0243335,57,398,175
1756495490.0243335,55,320,146
1756495490.0243335,53,415,272
1756495490.0243335,51,384,331
1756495490.0243335,48,464,309
1756495490.0243335,47,388,527
1756495490.0243335,43,339,290
1756495490.0243335,24,591,346
1756495490.0243335,17,874,455
1756495490.0243335,10,488,541
1756495490.0243335,8,686,531
1756495490.0243335,6,385,231
1756495490.0243335,5,345,442
1756495490.0243335,1,864,485
1756495490.0596774,67,323,183
1756495490.0596774,66,491,524
1756495490.0596774,65,442,212
1756495490.0596774,57,398,176
1756495490.0596774,53,413,272
1756495490.0596774,51,381,331
1756495490.0596774,48,457,308
1756495490.0596774,47,387,527
1756495490.0596774,43,339,288
1756495490.0596774,24,586,345
1756495490.0596774,17,876,456
1756495490.0596774,10,487,541
1756495490.0596774,8,686,531
1756495490.0596774,6,384,227
1756495490.0596774,5,345,440
1756495490.0596774,1,864,485
1756495490.1006806,67,323,183
1756495490.1006806,66,493,524
1756495490.1006806,65,444,212
1756495490.1006806,57,398,176
1756495490.1006806,53,412,272
1756495490.1006806,51,376,330
1756495490.1006806,48,451,307
1756495490.1006806,47,386,526
1756495490.1006806,43,339,285
1756495490.1006806,24,582,343
1756495490.1006806,17,877,458
1756495490.1006806,10,486,540
1756495490.1006806,8,686,531
1756495490.1006806,6,384,225
1756495490.1006806,5,345,437
1756495490.1006806,1,865,485
1756495490.1375973,67,324,184
1756495490.1375973,66,494,526
1756495490.1375973,65,446,212
1756495490.1375973,57,399,176
1756495490.1375973,55,322,150
1756495490.1375973,53,408,271
1756495490.1375973,51,371,329
1756495490.1375973,48,447,307
1756495490.1375973,47,385,526
1756495490.1375973,43,339,283
1756495490.1375973,24,576,341
1756495490.1375973,17,878,460
1756495490.1375973,10,487,540
1756495490.1375973,8,686,531
1756495490.1375973,6,384,223
1756495490.1375973,5,345,435
1756495490.1375973,1,866,485
1756495490.1754293,67,324,184
1756495490.1754293,66,494,527
1756495490.1754293,65,446,211
1756495490.1754293,57,398,176
1756495490.1754293,55,322,150
1756495490.1754293,53,405,271
1756495490.1754293,51,368,329
1756495490.1754293,48,443,306
1756495490.1754293,47,384,526
1756495490.1754293,43,338,281
1756495490.1754293,24,570,340
1756495490.1754293,17,878,461
1756495490.1754293,10,489,539
1756495490.1754293,8,685,530
1756495490.1754293,6,385,222
1756495490.1754293,5,345,434
1756495490.1754293,1,867,485
1756495490.2093368,67,325,182
1756495490.2093368,66,496,525
1756495490.2093368,65,449,212
1756495490.2093368,57,399,176
1756495490.2093368,55,320,152
1756495490.2093368,53,403,271
1756495490.2093368,51,364,330
1756495490.2093368,48,438,305
1756495490.2093368,47,383,526
1756495490.2093368,43,337,279
1756495490.2093368,24,560,339
1756495490.2093368,17,879,461
1756495490.2093368,10,491,540
1756495490.2093368,8,686,530
1756495490.2093368,6,385,221
1756495490.2093368,5,345,432
1756495490.2093368,1,866,486
1756495490.2454555,67,326,181
1756495490.2454555,66,497,526
1756495490.2454555,65,450,213
1756495490.2454555,57,399,176
1756495490.2454555,55,322,153
1756495490.2454555,53,399,271
1756495490.2454555,51,361,328
1756495490.2454555,48,433,304
1756495490.2454555,47,383,526
1756495490.2454555,43,336,277
1756495490.2454555,24,552,337
1756495490.2454555,17,881,462
1756495490.2454555,10,493,541
1756495490.2454555,8,687,530
1756495490.2454555,6,386,221
1756495490.2454555,5,345,431
1756495490.2454555,1,865,487
1756495490.281933,67,326,180
1756495490.281933,66,499,526
1756495490.281933,65,453,214
1756495490.281933,57,399,176
1756495490.281933,55,323,155
1756495490.281933,53,394,269
1756495490.281933,51,358,327
1756495490.281933,48,429,304
1756495490.281933,47,382,525
1756495490.281933,43,335,275
1756495490.281933,24,545,335
1756495490.281933,17,880,463
1756495490.281933,10,493,541
1756495490.281933,8,687,530
1756495490.281933,6,386,221
1756495490.281933,5,345,429
1756495490.281933,1,865,487
1756495490.318945,67,326,180
1756495490.318945,66,501,527
1756495490.318945,65,455,214
1756495490.318945,57,399,176
1756495490.318945,55,324,155
1756495490.318945,53,391,269
1756495490.318945,51,356,326
1756495490.318945,48,428,303
1756495490.318945,47,382,525
1756495490.318945,43,333,273
1756495490.318945,24,538,334
1756495490.318945,17,881,465
1756495490.318945,10,493,541
1756495490.318945,8,687,530
1756495490.318945,6,386,219
1756495490.318945,5,344,426
1756495490.318945,1,864,488
1756495490.3546114,67,327,179
1756495490.3546114,66,503,528
1756495490.3546114,65,456,214
1756495490.3546114,57,399,175
1756495490.3546114,55,325,156
1756495490.3546114,53,390,268
1756495490.3546114,51,355,324
1756495490.3546114,48,426,303
1756495490.3546114,47,382,525
1756495490.3546114,43,332,268
1756495490.3546114,24,528,329
1756495490.3546114,17,882,466
1756495490.3546114,10,491,541
1756495490.3546114,8,687,531
1756495490.3546114,5,344,425
1756495490.3546114,1,863,488
1756495490.3910763,67,328,179
1756495490.3910763,66,507,529
1756495490.3910763,65,457,214
1756495490.3910763,57,400,176
1756495490.3910763,55,326,157
1756495490.3910763,53,388,268
1756495490.3910763,51,354,322
1756495490.3910763,48,423,303
1756495490.3910763,47,382,525
1756495490.3910763,43,332,265
1756495490.3910763,24,522,326
1756495490.3910763,17,882,466
1756495490.3910763,10,491,540
1756495490.3910763,8,687,531
1756495490.3910763,5,343,423
1756495490.3910763,1,863,488
1756495490.4243867,69,1053,667
1756495490.4243867,67,330,179
1756495490.4243867,66,509,529
1756495490.4243867,65,458,214
1756495490.4243867,57,400,176
1756495490.4243867,55,327,158
1756495490.4243867,51,353,321
1756495490.4243867,48,420,302
1756495490.4243867,47,381,524
1756495490.4243867,43,333,263
1756495490.4243867,24,517,325
1756495490.4243867,17,883,467
1756495490.4243867,10,491,540
1756495490.4243867,8,688,531
1756495490.4243867,5,343,420
1756495490.4243867,1,863,488
1756495490.4626334,69,1053,668
1756495490.4626334,67,329,180
1756495490.4626334,66,508,529
1756495490.4626334,65,458,216
1756495490.4626334,57,399,176
1756495490.4626334,55,327,157
1756495490.4626334,51,353,320
1756495490.4626334,48,418,302
1756495490.4626334,47,382,524
1756495490.4626334,43,333,262
1756495490.4626334,24,512,324
1756495490.4626334,17,884,469
1756495490.4626334,10,488,540
1756495490.4626334,8,688,531
1756495490.4626334,5,343,417
1756495490.4626334,1,864,489
1756495490.498372,69,1053,667
1756495490.498372,67,329,181
1756495490.498372,66,510,529
1756495490.498372,65,458,216
1756495490.498372,57,398,176
1756495490.498372,55,328,158
1756495490.498372,51,352,320
1756495490.498372,48,414,301
1756495490.498372,47,382,524
1756495490.498372,43,333,260
1756495490.498372,24,507,321
1756495490.498372,17,885,470
1756495490.498372,10,485,540
1756495490.498372,8,689,530
1756495490.498372,6,377,204
1756495490.498372,5,343,415
1756495490.498372,1,864,489
1756495490.5344067,69,1053,666
1756495490.5344067,67,328,182
1756495490.5344067,66,513,528
1756495490.5344067,65,458,216
1756495490.5344067,57,398,176
1756495490.5344067,55,328,159
1756495490.5344067,51,351,320
1756495490.5344067,48,410,301
1756495490.5344067,47,381,523
1756495490.5344067,24,504,318
1756495490.5344067,17,886,472
1756495490.5344067,10,483,540
1756495490.5344067,8,688,530
1756495490.5344067,6,375,203
1756495490.5344067,5,343,413
1756495490.5344067,1,863,490
1756495490.5660093,69,1054,666
1756495490.5660093,67,329,184
1756495490.5660093,66,515,529
1756495490.5660093,65,459,217
1756495490.5660093,57,397,176
1756495490.5660093,55,328,160
1756495490.5660093,51,349,320
1756495490.5660093,48,404,301
1756495490.5660093,47,381,523
1756495490.5660093,24,499,317
1756495490.5660093,17,887,474
1756495490.5660093,10,483,540
1756495490.5660093,8,688,531
1756495490.5660093,6,373,202
1756495490.5660093,5,342,410
1756495490.5660093,1,863,490
1756495490.6037261,69,1054,667
1756495490.6037261,67,331,186
1756495490.6037261,66,518,528
1756495490.6037261,65,460,217
1756495490.6037261,57,398,176
1756495490.6037261,55,328,161
1756495490.6037261,51,348,319
1756495490.6037261,48,399,301
1756495490.6037261,47,381,522
1756495490.6037261,43,343,257
1756495490.6037261,24,495,315
1756495490.6037261,17,888,475
1756495490.6037261,10,486,541
1756495490.6037261,8,688,531
1756495490.6037261,6,373,201
1756495490.6037261,5,342,407
1756495490.6037261,1,863,491
1756495490.6391852,69,1054,668
1756495490.6391852,67,334,187
1756495490.6391852,66,522,526
1756495490.6391852,65,462,218
1756495490.6391852,55,328,161
1756495490.6391852,51,347,319
1756495490.6391852,48,396,300
1756495490.6391852,47,380,522
1756495490.6391852,43,342,256
1756495490.6391852,24,491,314
1756495490.6391852,17,888,475
1756495490.6391852,10,487,541
1756495490.6391852,8,688,531
1756495490.6391852,5,342,405
1756495490.6391852,1,863,491
1756495490.6771998,69,1053,667
1756495490.6771998,67,332,187
1756495490.6771998,66,524,526
1756495490.6771998,65,464,219
1756495490.6771998,55,323,161
1756495490.6771998,51,346,319
1756495490.6771998,48,394,300
1756495490.6771998,47,380,521
1756495490.6771998,24,488,312
1756495490.6771998,17,888,475
1756495490.6771998,10,487,540
1756495490.6771998,8,688,531
1756495490.6771998,5,342,402
1756495490.6771998,1,863,492
1756495490.7082353,69,1053,667
1756495490.7082353,67,332,188
1756495490.7082353,66,525,525
1756495490.7082353,65,466,219
1756495490.7082353,55,318,161
1756495490.7082353,51,344,318
1756495490.7082353,48,393,300
1756495490.7082353,47,381,521
1756495490.7082353,24,487,311
1756495490.7082353,17,889,476
1756495490.7082353,10,488,540
1756495490.7082353,8,688,531
1756495490.7082353,5,342,401
1756495490.7082353,1,862,492
1756495490.7411115,69,1052,667
1756495490.7411115,67,332,190
1756495490.7411115,66,528,525
1756495490.7411115,65,469,221
1756495490.7411115,57,400,175
1756495490.7411115,55,327,162
1756495490.7411115,51,341,318
1756495490.7411115,48,390,298
1756495490.7411115,47,381,520
1756495490.7411115,24,485,309
1756495490.7411115,17,889,479
1756495490.7411115,10,489,541
1756495490.7411115,8,687,531
1756495490.7411115,5,342,399
1756495490.7411115,1,862,492
1756495490.7745564,69,1051,667
1756495490.7745564,67,334,189
1756495490.7745564,66,529,523
1756495490.7745564,65,470,222
1756495490.7745564,57,399,176
1756495490.7745564,55,330,163
1756495490.7745564,51,340,317
1756495490.7745564,48,386,298
1756495490.7745564,47,381,520
1756495490.7745564,43,341,252
1756495490.7745564,24,482,306
1756495490.7745564,17,890,480
1756495490.7745564,10,490,541
1756495490.7745564,8,687,531
1756495490.7745564,5,342,397
1756495490.7745564,1,862,492
1756495490.8097448,69,1052,668
1756495490.8097448,66,529,523
1756495490.8097448,65,471,225
1756495490.8097448,57,400,175
1756495490.8097448,55,332,164
1756495490.8097448,51,341,314
1756495490.8097448,48,379,298
1756495490.8097448,47,381,520
1756495490.8097448,43,341,253
1756495490.8097448,24,478,304
1756495490.8097448,17,890,482
1756495490.8097448,10,490,541
1756495490.8097448,8,687,531
1756495490.8097448,5,344,396
1756495490.8097448,1,862,492
1756495490.841322,69,1053,668
1756495490.841322,66,530,523
1756495490.841322,65,471,226
1756495490.841322,57,400,174
1756495490.841322,55,333,164
1756495490.841322,51,341,311
1756495490.841322,48,375,298
1756495490.841322,47,380,520
1756495490.841322,43,342,253
1756495490.841322,24,475,302
1756495490.841322,17,886,483
1756495490.841322,10,490,542
1756495490.841322,8,687,531
1756495490.841322,5,344,394
1756495490.841322,1,864,491
1756495490.875803,70,311,145
1756495490.875803,69,1052,667
1756495490.875803,66,532,524
1756495490.875803,65,471,228
1756495490.875803,57,400,174
1756495490.875803,55,331,165
1756495490.875803,51,340,311
1756495490.875803,48,375,297
1756495490.875803,47,379,520
1756495490.875803,43,342,253
1756495490.875803,24,472,300
1756495490.875803,17,883,484
1756495490.875803,10,489,542
1756495490.875803,8,688,531
1756495490.875803,5,344,392
1756495490.875803,1,866,491
1756495490.9114654,70,311,145
1756495490.9114654,69,1054,667
1756495490.9114654,66,532,524
1756495490.9114654,65,471,229
1756495490.9114654,57,403,174
1756495490.9114654,55,330,165
1756495490.9114654,51,341,311
1756495490.9114654,48,375,298
1756495490.9114654,47,378,519
1756495490.9114654,43,341,253
1756495490.9114654,24,470,299
1756495490.9114654,17,882,485
1756495490.9114654,10,489,542
1756495490.9114654,8,688,531
1756495490.9114654,5,343,390
1756495490.9114654,1,867,492
1756495490.9456286,70,311,145
1756495490.9456286,69,1055,667
1756495490.9456286,66,534,524
1756495490.9456286,65,469,231
1756495490.9456286,57,405,174
1756495490.9456286,55,330,166
1756495490.9456286,51,340,310
1756495490.9456286,47,378,519
1756495490.9456286,43,340,253
1756495490.9456286,24,469,299
1756495490.9456286,17,881,485
1756495490.9456286,10,488,541
1756495490.9456286,8,688,531
1756495490.9456286,5,343,389
1756495490.9456286,1,867,492
1756495490.9845772,70,312,145
1756495490.9845772,69,1055,667
1756495490.9845772,66,539,524
1756495490.9845772,65,467,233
1756495490.9845772,57,408,175
1756495490.9845772,55,331,167
1756495490.9845772,51,341,308
1756495490.9845772,47,377,519
1756495490.9845772,43,339,252
1756495490.9845772,24,467,299
1756495490.9845772,17,886,484
1756495490.9845772,10,488,541
1756495490.9845772,8,688,531
1756495490.9845772,5,344,388
1756495490.9845772,1,864,493
1756495491.0204868,70,313,149
1756495491.0204868,69,1055,667
1756495491.0204868,66,543,524
1756495491.0204868,65,462,234
1756495491.0204868,57,411,177
1756495491.0204868,55,333,168
1756495491.0204868,51,340,307
1756495491.0204868,47,378,519
1756495491.0204868,43,340,252
1756495491.0204868,24,466,298
1756495491.0204868,17,887,484
1756495491.0204868,10,488,541
1756495491.0204868,8,688,531
1756495491.0204868,5,344,386
1756495491.0204868,1,863,493
1756495491.0601902,70,314,149
1756495491.0601902,69,1055,667
1756495491.0601902,66,546,524
1756495491.0601902,65,459,235
1756495491.0601902,57,414,176
1756495491.0601902,55,333,168
1756495491.0601902,51,340,307
1756495491.0601902,47,378,519
1756495491.0601902,43,340,252
1756495491.0601902,24,464,297
1756495491.0601902,17,886,485
1756495491.0601902,10,488,541
1756495491.0601902,8,688,532
1756495491.0601902,5,344,384
1756495491.0601902,1,863,493
1756495491.0963037,70,313,149
1756495491.0963037,69,1054,667
1756495491.0963037,66,548,523
1756495491.0963037,65,457,237
1756495491.0963037,57,413,178
1756495491.0963037,55,334,168
1756495491.0963037,51,338,306
1756495491.0963037,47,379,518
1756495491.0963037,43,340,252
1756495491.0963037,24,464,297
1756495491.0963037,17,886,486
1756495491.0963037,10,488,540
1756495491.0963037,8,687,531
1756495491.0963037,5,345,383
1756495491.0963037,1,863,494
1756495491.1332188,70,312,150
1756495491.1332188,69,1055,667
1756495491.1332188,66,553,524
1756495491.1332188,65,454,238
1756495491.1332188,57,415,178
1756495491.1332188,55,336,169
1756495491.1332188,51,334,305
1756495491.1332188,47,378,517
1756495491.1332188,43,341,252
1756495491.1332188,17,884,487
1756495491.1332188,10,489,540
1756495491.1332188,8,687,531
1756495491.1332188,5,345,381
1756495491.1332188,1,864,494
1756495491.1731424,70,311,151
1756495491.1731424,69,1055,667
1756495491.1731424,66,558,525
1756495491.1731424,65,451,239
1756495491.1731424,57,417,178
1756495491.1731424,55,335,172
1756495491.1731424,51,333,304
1756495491.1731424,47,378,517
1756495491.1731424,43,341,252
1756495491.1731424,17,882,488
1756495491.1731424,10,489,540
1756495491.1731424,8,687,531
1756495491.1731424,5,347,380
1756495491.1731424,1,866,494
1756495491.2104576,70,310,151
1756495491.2104576,69,1055,666
1756495491.2104576,66,560,525
1756495491.2104576,65,446,241
1756495491.2104576,57,419,178
1756495491.2104576,55,335,175
1756495491.2104576,51,331,304
1756495491.2104576,47,377,517
1756495491.2104576,43,340,252
1756495491.2104576,17,881,487
1756495491.2104576,10,489,540
1756495491.2104576,8,687,531
1756495491.2104576,5,347,380
1756495491.2104576,1,867,494
1756495491.243642,70,310,152
1756495491.243642,69,1056,666
1756495491.243642,66,562,526
1756495491.243642,65,442,242
1756495491.243642,57,420,179
1756495491.243642,55,334,176
1756495491.243642,51,330,303
1756495491.243642,47,377,517
1756495491.243642,43,341,252
1756495491.243642,17,883,487
1756495491.243642,10,489,540
1756495491.243642,8,687,531
1756495491.243642,5,348,379
1756495491.243642,1,866,495
1756495491.2770174,70,310,153
1756495491.2770174,69,1053,667
1756495491.2770174,66,564,525
1756495491.2770174,65,435,243
1756495491.2770174,57,418,180
1756495491.2770174,55,333,178
1756495491.2770174,47,376,515
1756495491.2770174,43,336,251
1756495491.2770174,17,888,485
1756495491.2770174,10,490,540
1756495491.2770174,8,686,531
1756495491.2770174,5,348,377
1756495491.2770174,1,862,496
1756495491.31378,70,309,155
1756495491.31378,69,1053,667
1756495491.31378,66,567,526
1756495491.31378,65,430,244
1756495491.31378,57,419,181
1756495491.31378,55,333,179
1756495491.31378,47,376,514
1756495491.31378,43,333,251
1756495491.31378,17,889,485
1756495491.31378,10,490,540
1756495491.31378,8,686,531
1756495491.31378,5,348,375
1756495491.31378,1,861,496
1756495491.3459182,71,376,558
1756495491.3459182,70,308,157
1756495491.3459182,69,1054,666
1756495491.3459182,66,569,526
1756495491.3459182,65,425,245
1756495491.3459182,57,420,182
1756495491.3459182,55,330,181
1756495491.3459182,47,377,514
1756495491.3459182,43,333,252
1756495491.3459182,17,888,484
1756495491.3459182,10,490,540
1756495491.3459182,8,686,531
1756495491.3459182,5,349,374
1756495491.3459182,1,861,497
1756495491.3784158,71,377,557
1756495491.3784158,70,307,159
1756495491.3784158,69,1053,667
1756495491.3784158,66,568,526
1756495491.3784158,65,420,246
1756495491.3784158,57,421,182
1756495491.3784158,55,331,180
1756495491.3784158,47,377,514
1756495491.3784158,43,333,252
1756495491.3784158,17,887,485
1756495491.3784158,10,490,539
1756495491.3784158,8,686,531
1756495491.3784158,5,348,372
1756495491.3784158,1,861,497
1756495491.4103518,72,446,273
1756495491.4103518,70,307,160
1756495491.4103518,69,1052,667
1756495491.4103518,66,569,526
1756495491.4103518,65,415,248
1756495491.4103518,57,421,182
1756495491.4103518,55,332,181
1756495491.4103518,47,377,513
1756495491.4103518,43,333,252
1756495491.4103518,17,886,485
1756495491.4103518,10,490,539
1756495491.4103518,8,686,531
1756495491.4103518,5,347,370
1756495491.4103518,1,859,497
1756495491.441703,70,306,163
1756495491.441703,69,1053,667
1756495491.441703,66,570,526
1756495491.441703,65,410,250
1756495491.441703,57,423,183
1756495491.441703,55,333,181
1756495491.441703,47,377,513
1756495491.441703,43,332,252
1756495491.441703,17,887,485
1756495491.441703,10,490,539
1756495491.441703,8,686,531
1756495491.441703,5,347,369
1756495491.441703,1,858,498
1756495491.4747627,70,305,167
1756495491.4747627,66,572,525
1756495491.4747627,65,403,252
1756495491.4747627,57,424,185
1756495491.4747627,47,377,512
1756495491.4747627,17,889,482
1756495491.4747627,10,489,538
1756495491.4747627,8,686,531
1756495491.4747627,5,347,368
1756495491.4747627,1,857,498
1756495491.5091293,70,307,170
1756495491.5091293,66,573,525
1756495491.5091293,65,395,254
1756495491.5091293,57,423,185
1756495491.5091293,47,376,512
1756495491.5091293,17,891,481
1756495491.5091293,10,488,538
1756495491.5091293,8,686,530
1756495491.5091293,5,347,367
1756495491.5091293,1,856,498
1756495491.5426195,71,376,558
1756495491.5426195,70,307,172
1756495491.5426195,66,574,525
1756495491.5426195,65,390,254
1756495491.5426195,57,423,186
1756495491.5426195,47,376,510
1756495491.5426195,43,333,254
1756495491.5426195,17,892,480
1756495491.5426195,10,485,538
1756495491.5426195,8,686,530
1756495491.5426195,5,347,364
1756495491.5426195,1,856,499
1756495491.5743926,71,376,559
1756495491.5743926,70,308,175
1756495491.5743926,66,577,526
1756495491.5743926,65,385,255
1756495491.5743926,57,423,186
1756495491.5743926,47,376,509
1756495491.5743926,43,331,256
1756495491.5743926,17,891,479
1756495491.5743926,10,484,539
1756495491.5743926,8,686,530
1756495491.5743926,5,347,362
1756495491.5743926,1,854,499
1756495491.60678,72,438,257
1756495491.60678,71,376,559
1756495491.60678,70,308,179
1756495491.60678,66,578,525
1756495491.60678,65,383,255
1756495491.60678,57,422,186
1756495491.60678,47,376,508
1756495491.60678,43,330,257
1756495491.60678,17,892,478
1756495491.60678,10,483,539
1756495491.60678,8,686,530
1756495491.60678,5,347,361
1756495491.60678,1,853,500
1756495491.6453075,72,438,255
1756495491.6453075,71,376,559
1756495491.6453075,70,309,183
1756495491.6453075,69,1050,668
1756495491.6453075,66,581,526
1756495491.6453075,65,379,255
1756495491.6453075,57,423,187
1756495491.6453075,47,377,507
1756495491.6453075,43,327,258
1756495491.6453075,17,891,478
1756495491.6453075,10,483,539
1756495491.6453075,8,686,529
1756495491.6453075,5,347,360
1756495491.6453075,1,853,501
1756495491.6775367,73,318,289
1756495491.6775367,72,439,254
1756495491.6775367,71,376,558
1756495491.6775367,70,309,186
1756495491.6775367,69,1050,668
1756495491.6775367,66,585,526
1756495491.6775367,65,374,256
1756495491.6775367,57,423,188
1756495491.6775367,47,377,507
1756495491.6775367,43,326,259
1756495491.6775367,17,891,477
1756495491.6775367,10,483,539
1756495491.6775367,8,685,530
1756495491.6775367,5,347,358
1756495491.6775367,1,852,501
1756495491.7153473,75,343,160
1756495491.7153473,73,318,289
1756495491.7153473,72,440,253
1756495491.7153473,70,309,189
1756495491.7153473,69,1051,668
1756495491.7153473,66,588,526
1756495491.7153473,65,371,256
1756495491.7153473,57,422,189
1756495491.7153473,47,378,505
1756495491.7153473,43,323,259
1756495491.7153473,17,890,477
1756495491.7153473,10,485,538
1756495491.7153473,8,685,530
1756495491.7153473,5,348,357
1756495491.7153473,1,852,502
1756495491.75179,75,349,160
1756495491.75179,73,317,289
1756495491.75179,72,440,252
1756495491.75179,70,310,191
1756495491.75179,69,1052,668
1756495491.75179,66,589,526
1756495491.75179,65,366,258
1756495491.75179,57,421,189
1756495491.75179,47,379,504
1756495491.75179,43,320,260
1756495491.75179,17,890,477
1756495491.75179,10,486,538
1756495491.75179,8,685,529
1756495491.75179,5,348,356
1756495491.75179,1,852,502
1756495491.7833161,75,372,166
1756495491.7833161,74,326,223
1756495491.7833161,73,316,290
1756495491.7833161,72,440,251
1756495491.7833161,70,311,192
1756495491.7833161,66,593,526
1756495491.7833161,65,358,261
1756495491.7833161,57,421,189
1756495491.7833161,47,379,503
1756495491.7833161,43,318,261
1756495491.7833161,17,889,475
1756495491.7833161,10,483,537
1756495491.7833161,8,684,530
1756495491.7833161,5,347,354
1756495491.7833161,1,852,502
1756495491.8196173,75,378,167
1756495491.8196173,74,325,219
1756495491.8196173,72,441,250
1756495491.8196173,70,312,193
1756495491.8196173,66,596,526
1756495491.8196173,65,349,263
1756495491.8196173,57,420,189
1756495491.8196173,47,379,501
1756495491.8196173,43,322,261
1756495491.8196173,17,887,474
1756495491.8196173,10,480,536
1756495491.8196173,8,684,530
1756495491.8196173,5,347,352
1756495491.8196173,1,852,503
1756495491.857325,75,380,167
1756495491.857325,74,325,217
1756495491.857325,72,441,249
1756495491.857325,70,313,194
1756495491.857325,69,1052,667
1756495491.857325,66,597,526
1756495491.857325,65,344,265
1756495491.857325,57,420,190
1756495491.857325,47,379,500
1756495491.857325,43,330,261
1756495491.857325,17,886,473
1756495491.857325,10,479,536
1756495491.857325,8,684,530
1756495491.857325,5,347,351
1756495491.857325,1,852,503
1756495491.892975,77,339,161
1756495491.892975,75,380,167
1756495491.892975,74,325,217
1756495491.892975,72,442,249
1756495491.892975,70,315,194
1756495491.892975,66,601,526
1756495491.892975,65,338,265
1756495491.892975,57,422,190
1756495491.892975,47,379,499
1756495491.892975,17,885,472
1756495491.892975,10,477,533
1756495491.892975,8,685,531
1756495491.892975,5,346,350
1756495491.892975,1,851,503
1756495491.9271104,77,347,160
1756495491.9271104,75,379,167
1756495491.9271104,74,325,218
1756495491.9271104,72,443,249
1756495491.9271104,70,317,195
1756495491.9271104,66,603,526
1756495491.9271104,65,333,266
1756495491.9271104,57,424,189
1756495491.9271104,47,379,498
1756495491.9271104,17,885,472
1756495491.9271104,10,474,529
1756495491.9271104,8,685,531
1756495491.9271104,5,347,349
1756495491.9271104,1,851,503
1756495491.9643424,75,379,170
1756495491.9643424,74,326,219
1756495491.9643424,73,323,292
1756495491.9643424,72,443,247
1756495491.9643424,70,318,195
1756495491.9643424,69,1052,667
1756495491.9643424,66,604,525
1756495491.9643424,65,330,267
1756495491.9643424,57,424,190
1756495491.9643424,47,379,496
1756495491.9643424,17,884,472
1756495491.9643424,10,471,526
1756495491.9643424,8,684,530
1756495491.9643424,5,347,347
1756495491.9643424,1,851,503
1756495491.9977455,75,379,173
1756495491.9977455,74,326,220
1756495491.9977455,73,324,292
1756495491.9977455,72,444,245
1756495491.9977455,70,318,195
1756495491.9977455,69,1052,667
1756495491.9977455,66,605,523
1756495491.9977455,65,329,268
1756495491.9977455,57,423,190
1756495491.9977455,47,380,494
1756495491.9977455,17,883,471
1756495491.9977455,10,468,525
1756495491.9977455,8,685,530
1756495491.9977455,5,348,346
1756495491.9977455,1,850,503
1756495492.0345063,75,380,172
1756495492.0345063,74,325,220
1756495492.0345063,73,328,291
1756495492.0345063,72,444,243
1756495492.0345063,70,320,196
1756495492.0345063,69,1052,667
1756495492.0345063,66,606,522
1756495492.0345063,65,326,268
1756495492.0345063,57,423,190
1756495492.0345063,47,380,491
1756495492.0345063,17,883,469
1756495492.0345063,10,465,524
1756495492.0345063,8,685,530
1756495492.0345063,5,347,344
1756495492.0345063,1,849,504
1756495492.0703082,75,379,173
1756495492.0703082,74,325,222
1756495492.0703082,72,444,242
1756495492.0703082,70,320,196
1756495492.0703082,69,1053,667
1756495492.0703082,66,608,522
1756495492.0703082,65,324,272
1756495492.0703082,57,423,190
1756495492.0703082,47,379,490
1756495492.0703082,17,881,467
1756495492.0703082,10,464,521
1756495492.0703082,8,685,529
1756495492.0703082,5,347,344
1756495492.0703082,1,849,504
1756495492.1098616,75,378,174
1756495492.1098616,74,323,222
1756495492.1098616,72,444,241
1756495492.1098616,70,321,196
1756495492.1098616,69,1054,668
1756495492.1098616,66,610,522
1756495492.1098616,65,320,275
1756495492.1098616,57,424,190
1756495492.1098616,47,378,488
1756495492.1098616,17,880,466
1756495492.1098616,10,464,518
1756495492.1098616,8,686,529
1756495492.1098616,5,347,343
1756495492.1098616,1,848,504
1756495492.145141,74,322,222
1756495492.145141,72,445,241
1756495492.145141,70,321,198
1756495492.145141,69,1053,667
1756495492.145141,66,611,522
1756495492.145141,65,316,275
1756495492.145141,57,424,190
1756495492.145141,47,377,486
1756495492.145141,17,879,465
1756495492.145141,10,464,516
1756495492.145141,8,686,529
1756495492.145141,5,348,342
1756495492.145141,1,848,504
1756495492.183972,72,445,240
1756495492.183972,70,321,198
1756495492.183972,69,1053,666
1756495492.183972,66,612,521
1756495492.183972,65,314,275
1756495492.183972,57,424,190
1756495492.183972,47,376,483
1756495492.183972,17,878,464
1756495492.183972,10,463,512
1756495492.183972,8,686,530
1756495492.183972,5,347,340
1756495492.183972,1,847,504
1756495492.2222013,75,377,176
1756495492.2222013,72,445,240
1756495492.2222013,70,321,198
1756495492.2222013,66,614,521
1756495492.2222013,65,313,276
1756495492.2222013,57,424,190
1756495492.2222013,47,376,481
1756495492.2222013,17,876,464
1756495492.2222013,10,460,506
1756495492.2222013,8,686,531
1756495492.2222013,5,347,338
1756495492.2222013,1,846,504
1756495492.259116,75,378,172
1756495492.259116,72,445,239
1756495492.259116,70,319,204
1756495492.259116,66,616,521
1756495492.259116,65,314,276
1756495492.259116,57,424,190
1756495492.259116,47,377,480
1756495492.259116,17,873,462
1756495492.259116,10,459,502
1756495492.259116,8,686,531
1756495492.259116,5,347,337
1756495492.259116,1,845,504
1756495492.290971,78,334,154
1756495492.290971,72,445,239
1756495492.290971,70,318,207
1756495492.290971,66,618,521
1756495492.290971,65,315,276
1756495492.290971,57,424,189
1756495492.290971,47,378,477
1756495492.290971,17,871,461
1756495492.290971,10,459,498
1756495492.290971,8,686,531
1756495492.290971,5,346,337
1756495492.290971,1,844,504
1756495492.3224397,79,331,170
1756495492.3224397,78,335,153
1756495492.3224397,72,446,239
1756495492.3224397,70,321,211
1756495492.3224397,66,621,522
1756495492.3224397,65,315,276
1756495492.3224397,57,424,189
1756495492.3224397,47,377,474
1756495492.3224397,17,869,461
1756495492.3224397,10,459,493
1756495492.3224397,8,686,531
1756495492.3224397,5,345,335
1756495492.3224397,1,845,505
1756495492.3631601,79,332,169
1756495492.3631601,78,335,153
1756495492.3631601,75,383,168
1756495492.3631601,72,447,239
1756495492.3631601,70,324,212
1756495492.3631601,69,1050,667
1756495492.3631601,66,623,522
1756495492.3631601,65,315,275
1756495492.3631601,57,424,190
1756495492.3631601,47,377,471
1756495492.3631601,17,867,460
1756495492.3631601,10,458,487
1756495492.3631601,8,686,532
1756495492.3631601,5,346,333
1756495492.3631601,1,845,505
1756495492.3985202,80,331,246
1756495492.3985202,79,332,170
1756495492.3985202,78,335,153
1756495492.3985202,75,383,168
1756495492.3985202,72,448,239
1756495492.3985202,70,326,213
1756495492.3985202,69,1052,667
1756495492.3985202,66,625,522
1756495492.3985202,65,314,275
1756495492.3985202,57,423,190
1756495492.3985202,47,376,468
1756495492.3985202,17,865,459
1756495492.3985202,10,458,482
1756495492.3985202,8,685,532
1756495492.3985202,5,345,332
1756495492.3985202,1,845,506
1756495492.4372404,80,331,247
1756495492.4372404,79,332,171
1756495492.4372404,78,334,152
1756495492.4372404,75,385,168
1756495492.4372404,72,448,238
1756495492.4372404,70,328,214
1756495492.4372404,69,1052,668
1756495492.4372404,66,627,521
1756495492.4372404,65,313,275
1756495492.4372404,57,423,190
1756495492.4372404,47,376,465
1756495492.4372404,17,858,459
1756495492.4372404,10,459,476
1756495492.4372404,8,685,532
1756495492.4372404,5,346,331
1756495492.4372404,1,844,506
1756495492.4737728,78,334,152
1756495492.4737728,75,384,169
1756495492.4737728,72,448,237
1756495492.4737728,70,330,214
1756495492.4737728,69,1052,667
1756495492.4737728,66,629,521
1756495492.4737728,65,313,274
1756495492.4737728,57,423,190
1756495492.4737728,47,376,463
1756495492.4737728,17,854,458
1756495492.4737728,10,460,473
1756495492.4737728,8,685,532
1756495492.4737728,5,346,330
1756495492.4737728,1,843,506
1756495492.5111272,78,334,152
1756495492.5111272,75,385,169
1756495492.5111272,72,448,237
1756495492.5111272,70,330,213
1756495492.5111272,69,1053,667
1756495492.5111272,66,630,520
1756495492.5111272,65,312,275
1756495492.5111272,57,423,189
1756495492.5111272,47,377,462
1756495492.5111272,17,845,459
1756495492.5111272,10,459,467
1756495492.5111272,8,685,532
1756495492.5111272,5,346,328
1756495492.5111272,1,841,506
1756495492.5470917,78,334,152
1756495492.5470917,75,385,169
1756495492.5470917,72,449,235
1756495492.5470917,70,330,213
1756495492.5470917,69,1052,668
1756495492.5470917,66,632,520
1756495492.5470917,65,312,274
1756495492.5470917,57,424,188
1756495492.5470917,47,378,460
1756495492.5470917,17,838,458
1756495492.5470917,10,458,461
1756495492.5470917,8,686,532
1756495492.5470917,5,345,327
1756495492.5470917,1,840,506
1756495492.5849934,78,335,153
1756495492.5849934,75,386,169
1756495492.5849934,72,447,235
1756495492.5849934,70,331,212
1756495492.5849934,66,632,520
1756495492.5849934,65,313,274
1756495492.5849934,57,424,188
1756495492.5849934,47,379,457
1756495492.5849934,17,835,458
1756495492.5849934,10,457,457
1756495492.5849934,8,686,532
1756495492.5849934,5,346,328
1756495492.5849934,1,840,506
1756495492.6243918,78,335,153
1756495492.6243918,75,386,169
1756495492.6243918,72,446,231
1756495492.6243918,70,333,211
1756495492.6243918,66,633,519
1756495492.6243918,65,314,273
1756495492.6243918,57,426,188
1756495492.6243918,47,378,454
1756495492.6243918,17,833,458
1756495492.6243918,10,456,453
1756495492.6243918,8,686,532
1756495492.6243918,5,346,328
1756495492.6243918,1,840,507
1756495492.6635554,78,335,153
1756495492.6635554,75,388,169
1756495492.6635554,72,445,230
1756495492.6635554,70,335,210
1756495492.6635554,69,1051,668
1756495492.6635554,66,636,519
1756495492.6635554,65,315,273
1756495492.6635554,57,428,188
1756495492.6635554,47,377,450
1756495492.6635554,17,831,458
1756495492.6635554,10,455,448
1756495492.6635554,8,686,531
1756495492.6635554,5,346,326
1756495492.6635554,1,839,507
1756495492.6970224,78,335,154
1756495492.6970224,75,388,168
1756495492.6970224,72,445,229
1756495492.6970224,70,335,209
1756495492.6970224,66,641,520
1756495492.6970224,65,314,272
1756495492.6970224,57,429,188
1756495492.6970224,47,377,447
1756495492.6970224,17,828,458
1756495492.6970224,10,454,444
1756495492.6970224,8,685,531
1756495492.6970224,5,345,324
1756495492.6970224,1,839,507
1756495492.7286303,78,335,155
1756495492.7286303,75,388,167
1756495492.7286303,72,444,228
1756495492.7286303,70,336,208
1756495492.7286303,66,645,520
1756495492.7286303,65,317,271
1756495492.7286303,57,430,187
1756495492.7286303,47,377,443
1756495492.7286303,17,826,458
1756495492.7286303,10,453,441
1756495492.7286303,8,685,531
1756495492.7286303,5,344,321
1756495492.7286303,1,838,506
1756495492.7627184,78,334,156
1756495492.7627184,75,388,167
1756495492.7627184,72,443,227
1756495492.7627184,70,337,207
1756495492.7627184,66,650,521
1756495492.7627184,65,315,270
1756495492.7627184,57,430,187
1756495492.7627184,47,378,439
1756495492.7627184,17,823,458
1756495492.7627184,10,454,437
1756495492.7627184,8,685,530
1756495492.7627184,5,344,319
1756495492.7627184,1,838,506
1756495492.795944,78,333,156
1756495492.795944,75,389,167
1756495492.795944,72,442,226
1756495492.795944,70,337,206
1756495492.795944,66,651,522
1756495492.795944,65,315,270
1756495492.795944,57,433,186
1756495492.795944,47,379,438
1756495492.795944,17,820,459
1756495492.795944,10,454,432
1756495492.795944,8,685,530
1756495492.795944,5,344,318
1756495492.795944,1,837,507
1756495492.8335285,83,379,230
1756495492.8335285,82,333,251
1756495492.8335285,78,331,156
1756495492.8335285,75,389,167
1756495492.8335285,72,440,225
1756495492.8335285,70,337,206
1756495492.8335285,66,653,523
1756495492.8335285,65,314,270
1756495492.8335285,57,434,185
1756495492.8335285,47,380,437
1756495492.8335285,17,817,459
1756495492.8335285,10,454,429
1756495492.8335285,8,685,531
1756495492.8335285,5,345,319
1756495492.8335285,1,836,507
1756495492.864743,78,328,159
1756495492.864743,75,391,167
1756495492.864743,72,438,225
1756495492.864743,70,337,204
1756495492.864743,66,654,521
1756495492.864743,65,313,269
1756495492.864743,57,436,183
1756495492.864743,47,380,434
1756495492.864743,17,814,460
1756495492.864743,10,451,424
1756495492.864743,8,685,531
1756495492.864743,5,345,319
1756495492.864743,1,837,507
1756495492.8974414,78,327,160
1756495492.8974414,75,394,167
1756495492.8974414,72,436,224
1756495492.8974414,70,338,203
1756495492.8974414,66,656,520
1756495492.8974414,65,312,269
1756495492.8974414,57,437,183
1756495492.8974414,47,381,431
1756495492.8974414,17,811,460
1756495492.8974414,10,450,419
1756495492.8974414,8,685,531
1756495492.8974414,5,345,320
1756495492.8974414,1,837,507
1756495492.929068,78,327,162
1756495492.929068,75,396,167
1756495492.929068,72,434,223
1756495492.929068,66,657,520
1756495492.929068,65,313,269
1756495492.929068,57,437,182
1756495492.929068,47,381,427
1756495492.929068,17,807,460
1756495492.929068,10,450,414
1756495492.929068,8,686,531
1756495492.929068,5,343,317
1756495492.929068,1,837,507
1756495492.9634595,78,328,164
1756495492.9634595,75,398,167
1756495492.9634595,72,433,222
1756495492.9634595,66,659,519
1756495492.9634595,65,314,267
1756495492.9634595,57,437,182
1756495492.9634595,47,381,423
1756495492.9634595,17,798,460
1756495492.9634595,10,450,411
1756495492.9634595,8,685,530
1756495492.9634595,1,836,508
1756495492.995048,78,329,164
1756495492.995048,75,399,167
1756495492.995048,72,432,222
1756495492.995048,70,338,199
1756495492.995048,66,661,519
1756495492.995048,65,315,267
1756495492.995048,57,440,184
1756495492.995048,47,381,421
1756495492.995048,17,793,459
1756495492.995048,10,449,408
1756495492.995048,8,684,529
1756495492.995048,1,836,508
1756495493.031642,84,847,462
1756495493.031642,75,401,167
1756495493.031642,72,425,219
1756495493.031642,70,338,198
1756495493.031642,66,665,517
1756495493.031642,65,313,267
1756495493.031642,57,445,186
1756495493.031642,47,381,418
1756495493.031642,17,783,460
1756495493.031642,10,446,400
1756495493.031642,8,681,527
1756495493.031642,5,342,333
1756495493.031642,1,835,508
1756495493.067517,84,847,463
1756495493.067517,82,335,240
1756495493.067517,75,401,168
1756495493.067517,72,423,218
1756495493.067517,70,338,197
1756495493.067517,66,666,516
1756495493.067517,65,313,266
1756495493.067517,57,447,186
1756495493.067517,47,381,417
1756495493.067517,17,779,460
1756495493.067517,10,445,397
1756495493.067517,8,682,526
1756495493.067517,5,343,339
1756495493.067517,1,835,509
1756495493.1064582,85,1050,668
1756495493.1064582,82,334,239
1756495493.1064582,75,401,168
1756495493.1064582,72,421,218
1756495493.1064582,70,338,197
1756495493.1064582,66,666,515
1756495493.1064582,65,313,266
1756495493.1064582,57,451,188
1756495493.1064582,47,382,414
1756495493.1064582,17,773,461
1756495493.1064582,10,445,393
1756495493.1064582,8,681,526
1756495493.1064582,5,344,343
1756495493.1064582,1,835,509
1756495493.1431513,87,663,566
1756495493.1431513,82,335,242
1756495493.1431513,75,401,168
1756495493.1431513,72,422,219
1756495493.1431513,70,338,199
1756495493.1431513,66,670,516
1756495493.1431513,65,315,262
1756495493.1431513,57,454,190
1756495493.1431513,47,384,408
1756495493.1431513,17,763,459
1756495493.1431513,10,445,385
1756495493.1431513,5,346,348
1756495493.1431513,1,835,509
1756495493.1797168,87,662,567
1756495493.1797168,84,848,463
1756495493.1797168,82,335,243
1756495493.1797168,75,400,169
1756495493.1797168,72,423,220
1756495493.1797168,70,338,201
1756495493.1797168,66,672,517
1756495493.1797168,65,315,261
1756495493.1797168,57,456,191
1756495493.1797168,47,384,405
1756495493.1797168,17,760,458
1756495493.1797168,10,445,382
1756495493.1797168,5,347,349
1756495493.1797168,1,835,509
1756495493.2180247,75,401,171
1756495493.2180247,70,337,202
1756495493.2180247,66,672,515
1756495493.2180247,47,385,403
1756495493.2180247,17,757,457
1756495493.2180247,10,444,376
1756495493.2180247,5,348,351
1756495493.2180247,1,835,509
1756495493.2559233,86,338,308
1756495493.2559233,75,402,173
1756495493.2559233,70,338,200
1756495493.2559233,66,671,514
1756495493.2559233,47,387,399
1756495493.2559233,17,746,455
1756495493.2559233,10,444,370
1756495493.2559233,5,349,353
1756495493.2559233,1,834,510
1756495493.291422,86,336,308
1756495493.291422,85,1049,668
1756495493.291422,75,402,174
1756495493.291422,70,338,200
1756495493.291422,66,671,514
1756495493.291422,57,468,197
1756495493.291422,47,387,397
1756495493.291422,17,741,454
1756495493.291422,10,444,367
1756495493.291422,5,350,354
1756495493.291422,1,834,510
1756495493.3285787,85,1050,668
1756495493.3285787,70,338,199
1756495493.3285787,66,669,513
1756495493.3285787,47,389,394
1756495493.3285787,17,734,451
1756495493.3285787,10,443,364
1756495493.3285787,5,351,355
1756495493.3285787,1,834,510
1756495493.3598902,85,1051,667
1756495493.3598902,70,337,199
1756495493.3598902,66,665,496
1756495493.3598902,47,390,392
1756495493.3598902,17,723,448
1756495493.3598902,10,442,359
1756495493.3598902,5,350,357
1756495493.3598902,1,833,509
1756495493.3928976,85,1051,666
1756495493.3928976,75,408,177
1756495493.3928976,70,337,199
1756495493.3928976,66,664,490
1756495493.3928976,57,480,203
1756495493.3928976,47,390,391
1756495493.3928976,17,719,447
1756495493.3928976,10,442,357
1756495493.3928976,8,682,533
1756495493.3928976,5,351,358
1756495493.3928976,1,833,509
1756495493.4242191,85,1052,667
1756495493.4242191,70,337,199
1756495493.4242191,66,663,487
1756495493.4242191,47,390,390
1756495493.4242191,17,713,445
1756495493.4242191,10,441,353
1756495493.4242191,8,683,534
1756495493.4242191,5,352,359
1756495493.4242191,1,833,509
1756495493.4553492,86,332,312
1756495493.4553492,85,1052,667
1756495493.4553492,70,339,199
1756495493.4553492,66,664,481
1756495493.4553492,47,391,386
1756495493.4553492,17,702,438
1756495493.4553492,10,442,347
1756495493.4553492,8,684,533
1756495493.4553492,5,349,360
1756495493.4553492,1,833,509
1756495493.4864109,86,332,313
1756495493.4864109,85,1051,667
1756495493.4864109,75,411,180
1756495493.4864109,70,340,197
1756495493.4864109,66,664,477
1756495493.4864109,47,392,384
1756495493.4864109,17,695,434
1756495493.4864109,10,441,343
1756495493.4864109,8,684,532
1756495493.4864109,5,348,361
1756495493.4864109,1,832,509
1756495493.5184681,88,329,230
1756495493.5184681,86,330,314
1756495493.5184681,85,1051,668
1756495493.5184681,75,411,180
1756495493.5184681,70,340,196
1756495493.5184681,66,663,475
1756495493.5184681,47,392,382
1756495493.5184681,17,692,433
1756495493.5184681,10,441,341
1756495493.5184681,8,685,533
1756495493.5184681,5,348,362
1756495493.5184681,1,832,509
1756495493.5501678,88,333,233
1756495493.5501678,86,328,316
1756495493.5501678,85,1050,669
1756495493.5501678,70,340,196
1756495493.5501678,66,659,472
1756495493.5501678,47,393,381
1756495493.5501678,17,682,427
1756495493.5501678,10,441,334
1756495493.5501678,8,685,532
1756495493.5501678,5,348,365
1756495493.5501678,1,833,508
1756495493.5834975,89,369,272
1756495493.5834975,88,334,233
1756495493.5834975,86,328,318
1756495493.5834975,85,1050,669
1756495493.5834975,70,339,195
1756495493.5834975,66,656,469
1756495493.5834975,47,393,380
1756495493.5834975,17,675,422
1756495493.5834975,10,441,329
1756495493.5834975,8,684,532
1756495493.5834975,5,349,366
1756495493.5834975,1,833,508
1756495493.6196606,89,369,272
1756495493.6196606,88,334,233
1756495493.6196606,86,328,318
1756495493.6196606,85,1050,668
1756495493.6196606,70,337,194
1756495493.6196606,66,655,468
1756495493.6196606,47,394,379
1756495493.6196606,17,672,420
1756495493.6196606,10,441,327
1756495493.6196606,8,684,532
1756495493.6196606,5,349,367
1756495493.6196606,1,833,508
1756495493.6547494,89,376,269
1756495493.6547494,88,334,233
1756495493.6547494,86,327,320
1756495493.6547494,85,1050,669
1756495493.6547494,70,337,193
1756495493.6547494,66,654,461
1756495493.6547494,47,394,378
1756495493.6547494,17,661,415
1756495493.6547494,10,442,326
1756495493.6547494,8,684,532
1756495493.6547494,5,349,366
1756495493.6547494,1,832,508
1756495493.691833,89,380,267
1756495493.691833,88,334,233
1756495493.691833,86,320,328
1756495493.691833,85,1049,668
1756495493.691833,75,426,190
1756495493.691833,70,336,191
1756495493.691833,66,653,457
1756495493.691833,47,394,378
1756495493.691833,17,652,412
1756495493.691833,10,442,322
1756495493.691833,8,683,531
1756495493.691833,5,350,367
1756495493.691833,1,832,508
1756495493.7267377,89,383,266
1756495493.7267377,88,334,232
1756495493.7267377,86,318,332
1756495493.7267377,85,1050,668
1756495493.7267377,75,428,191
1756495493.7267377,70,334,191
1756495493.7267377,66,653,455
1756495493.7267377,47,395,377
1756495493.7267377,17,649,410
1756495493.7267377,10,442,320
1756495493.7267377,8,683,532
1756495493.7267377,5,351,367
1756495493.7267377,1,832,507
1756495493.7605448,90,529,238
1756495493.7605448,89,387,264
1756495493.7605448,88,334,233
1756495493.7605448,86,319,335
1756495493.7605448,85,1052,666
1756495493.7605448,75,431,193
1756495493.7605448,70,332,188
1756495493.7605448,66,649,450
1756495493.7605448,47,395,374
1756495493.7605448,17,638,402
1756495493.7605448,10,442,315
1756495493.7605448,8,683,532
1756495493.7605448,5,350,364
1756495493.7605448,1,831,507
1756495493.7922385,91,325,306
1756495493.7922385,90,530,241
1756495493.7922385,89,390,261
1756495493.7922385,88,333,233
1756495493.7922385,86,319,338
1756495493.7922385,85,1053,667
1756495493.7922385,75,434,195
1756495493.7922385,70,331,187
1756495493.7922385,66,645,446
1756495493.7922385,47,395,374
1756495493.7922385,17,631,397
1756495493.7922385,10,442,311
1756495493.7922385,8,684,533
1756495493.7922385,5,350,362
1756495493.7922385,1,831,507
1756495493.8220887,91,324,305
1756495493.8220887,90,533,245
1756495493.8220887,89,391,260
1756495493.8220887,88,333,231
1756495493.8220887,86,318,342
1756495493.8220887,85,1054,669
1756495493.8220887,75,436,197
1756495493.8220887,70,331,187
1756495493.8220887,66,644,444
1756495493.8220887,47,397,369
1756495493.8220887,17,627,394
1756495493.8220887,10,442,310
1756495493.8220887,8,683,533
1756495493.8220887,1,831,507
1756495493.859895,91,323,305
1756495493.859895,90,535,247
1756495493.859895,89,393,258
1756495493.859895,88,333,230
1756495493.859895,86,318,350
1756495493.859895,85,1051,669
1756495493.859895,75,439,201
1756495493.859895,70,332,186
1756495493.859895,66,640,440
1756495493.859895,47,398,366
1756495493.859895,17,618,388
1756495493.859895,10,442,306
1756495493.859895,8,683,533
1756495493.859895,1,831,507
1756495493.891168,91,322,304
1756495493.891168,90,537,248
1756495493.891168,89,395,257
1756495493.891168,88,332,229
1756495493.891168,86,318,353
1756495493.891168,85,1051,668
1756495493.891168,75,441,204
1756495493.891168,70,332,186
1756495493.891168,66,638,436
1756495493.891168,47,399,364
1756495493.891168,17,612,384
1756495493.891168,10,442,304
1756495493.891168,8,682,532
1756495493.891168,1,830,507
1756495493.9267514,91,321,304
1756495493.9267514,90,538,249
1756495493.9267514,89,396,254
1756495493.9267514,88,332,228
1756495493.9267514,86,318,356
1756495493.9267514,85,1052,668
1756495493.9267514,70,332,186
1756495493.9267514,66,637,434
1756495493.9267514,47,399,362
1756495493.9267514,17,609,383
1756495493.9267514,10,442,303
1756495493.9267514,8,682,532
1756495493.9267514,1,830,507
1756495493.9591599,91,320,305
1756495493.9591599,90,539,250
1756495493.9591599,89,397,251
1756495493.9591599,88,334,227
1756495493.9591599,86,320,359
1756495493.9591599,85,1053,669
1756495493.9591599,70,333,184
1756495493.9591599,66,630,428
1756495493.9591599,47,399,361
1756495493.9591599,17,599,377
1756495493.9591599,10,442,300
1756495493.9591599,8,682,533
1756495493.9591599,1,830,507
1756495493.99739,91,320,305
1756495493.99739,90,541,251
1756495493.99739,89,398,250
1756495493.99739,88,334,226
1756495493.99739,86,322,360
1756495493.99739,85,1053,669
1756495493.99739,70,334,184
1756495493.99739,66,628,424
1756495493.99739,47,400,359
1756495493.99739,17,592,373
1756495493.99739,10,442,298
1756495493.99739,8,683,533
1756495493.99739,1,829,506
1756495494.0325243,91,319,305
1756495494.0325243,90,542,252
1756495494.0325243,89,398,248
1756495494.0325243,88,333,225
1756495494.0325243,86,330,363
1756495494.0325243,85,1053,669
1756495494.0325243,70,332,183
1756495494.0325243,66,623,419
1756495494.0325243,47,400,359
1756495494.0325243,17,588,370
1756495494.0325243,10,442,295
1756495494.0325243,8,683,533
1756495494.0325243,1,829,506
1756495494.0702956,91,319,305
1756495494.0702956,90,545,254
1756495494.0702956,89,398,247
1756495494.0702956,88,331,224
1756495494.0702956,86,330,364
1756495494.0702956,85,1052,669
1756495494.0702956,75,431,215
1756495494.0702956,70,332,180
1756495494.0702956,66,618,415
1756495494.0702956,47,401,356
1756495494.0702956,17,584,366
1756495494.0702956,10,442,295
1756495494.0702956,8,683,533
1756495494.0702956,1,828,506
1756495494.1057794,91,318,305
1756495494.1057794,90,547,255
1756495494.1057794,89,398,246
1756495494.1057794,88,331,223
1756495494.1057794,86,341,359
1756495494.1057794,85,1051,668
1756495494.1057794,70,333,179
1756495494.1057794,66,616,412
1756495494.1057794,47,401,354
1756495494.1057794,17,577,362
1756495494.1057794,10,442,295
1756495494.1057794,8,683,533
1756495494.1057794,1,827,506
1756495494.1410072,91,318,305
1756495494.1410072,90,549,258
1756495494.1410072,89,398,244
1756495494.1410072,88,332,222
1756495494.1410072,86,347,354
1756495494.1410072,85,1054,668
1756495494.1410072,70,333,178
1756495494.1410072,66,611,408
1756495494.1410072,47,401,352
1756495494.1410072,17,573,359
1756495494.1410072,10,442,292
1756495494.1410072,8,683,533
1756495494.1410072,1,827,505
1756495494.1720917,91,318,305
1756495494.1720917,90,552,261
1756495494.1720917,89,398,243
1756495494.1720917,88,332,220
1756495494.1720917,86,352,349
1756495494.1720917,85,1055,668
1756495494.1720917,70,332,176
1756495494.1720917,66,608,406
1756495494.1720917,47,401,352
1756495494.1720917,17,564,356
1756495494.1720917,10,443,289
1756495494.1720917,8,683,533
1756495494.1720917,1,826,505
1756495494.2059743,91,317,304
1756495494.2059743,90,555,263
1756495494.2059743,89,401,239
1756495494.2059743,88,328,216
1756495494.2059743,86,355,347
1756495494.2059743,85,1054,668
1756495494.2059743,75,427,223
1756495494.2059743,70,332,175
1756495494.2059743,66,605,403
1756495494.2059743,47,402,350
1756495494.2059743,17,558,353
1756495494.2059743,10,444,287
1756495494.2059743,8,683,532
1756495494.2059743,1,826,505
1756495494.239279,93,323,376
1756495494.239279,91,318,303
1756495494.239279,90,557,264
1756495494.239279,89,404,238
1756495494.239279,88,327,214
1756495494.239279,86,356,344
1756495494.239279,85,1054,667
1756495494.239279,75,425,223
1756495494.239279,70,331,174
1756495494.239279,66,602,400
1756495494.239279,47,403,349
1756495494.239279,17,553,350
1756495494.239279,10,444,286
1756495494.239279,8,682,532
1756495494.239279,1,826,504
1756495494.2756295,94,469,227
1756495494.2756295,93,323,377
1756495494.2756295,91,317,303
1756495494.2756295,90,560,266
1756495494.2756295,89,402,239
1756495494.2756295,88,328,214
1756495494.2756295,86,357,342
1756495494.2756295,85,1054,667
1756495494.2756295,75,426,224
1756495494.2756295,70,330,173
1756495494.2756295,66,600,397
1756495494.2756295,47,404,346
1756495494.2756295,17,549,347
1756495494.2756295,10,444,284
1756495494.2756295,8,682,533
1756495494.2756295,1,826,504
1756495494.3124774,94,472,230
1756495494.3124774,91,317,303
1756495494.3124774,90,562,270
1756495494.3124774,89,400,239
1756495494.3124774,88,329,215
1756495494.3124774,86,357,340
1756495494.3124774,85,1054,666
1756495494.3124774,70,333,173
1756495494.3124774,66,597,393
1756495494.3124774,47,405,345
1756495494.3124774,17,546,344
1756495494.3124774,10,445,284
1756495494.3124774,8,682,533
1756495494.3124774,1,826,503
1756495494.35332,91,316,302
1756495494.35332,90,565,273
1756495494.35332,89,401,238
1756495494.35332,88,330,214
1756495494.35332,86,356,338
1756495494.35332,85,1051,666
1756495494.35332,70,332,172
1756495494.35332,66,594,391
1756495494.35332,47,405,344
1756495494.35332,17,541,340
1756495494.35332,10,446,282
1756495494.35332,8,681,533
1756495494.35332,1,826,503
1756495494.3899817,91,316,302
1756495494.3899817,90,566,274
1756495494.3899817,89,403,239
1756495494.3899817,88,330,213
1756495494.3899817,86,357,337
1756495494.3899817,85,1052,668
1756495494.3899817,70,331,170
1756495494.3899817,66,592,388
1756495494.3899817,47,406,343
1756495494.3899817,17,537,336
1756495494.3899817,10,446,280
1756495494.3899817,8,681,533
1756495494.3899817,1,826,502
1756495494.4251556,91,317,302
1756495494.4251556,90,568,274
1756495494.4251556,89,405,239
1756495494.4251556,88,330,212
1756495494.4251556,86,357,334
1756495494.4251556,85,1052,669
1756495494.4251556,70,331,169
1756495494.4251556,66,588,385
1756495494.4251556,47,406,341
1756495494.4251556,17,535,335
1756495494.4251556,10,445,280
1756495494.4251556,8,681,532
1756495494.4251556,1,826,502
1756495494.4606178,91,317,300
1756495494.4606178,90,571,276
1756495494.4606178,89,408,239
1756495494.4606178,88,330,210
1756495494.4606178,86,358,333
1756495494.4606178,85,1052,668
1756495494.4606178,70,329,165
1756495494.4606178,66,587,383
1756495494.4606178,47,406,339
1756495494.4606178,17,530,331
1756495494.4606178,10,445,279
1756495494.4606178,8,681,532
1756495494.4606178,1,826,502
1756495494.4932928,93,325,376
1756495494.4932928,91,314,298
1756495494.4932928,90,574,279
1756495494.4932928,89,415,238
1756495494.4932928,88,329,210
1756495494.4932928,86,362,331
1756495494.4932928,85,1052,668
1756495494.4932928,70,329,163
1756495494.4932928,66,584,381
1756495494.4932928,47,406,338
1756495494.4932928,17,525,328
1756495494.4932928,10,448,277
1756495494.4932928,8,680,531
1756495494.4932928,1,825,502
1756495494.5272644,91,312,297
1756495494.5272644,90,576,281
1756495494.5272644,88,330,209
1756495494.5272644,85,1052,668
1756495494.5272644,70,327,163
1756495494.5272644,66,583,378
1756495494.5272644,47,406,336
1756495494.5272644,17,518,325
1756495494.5272644,10,449,277
1756495494.5272644,8,681,531
1756495494.5272644,1,825,502
1756495494.5587473,95,341,322
1756495494.5587473,91,312,296
1756495494.5587473,90,578,283
1756495494.5587473,88,329,208
1756495494.5587473,85,1047,668
1756495494.5587473,70,328,164
1756495494.5587473,66,584,377
1756495494.5587473,47,407,335
1756495494.5587473,17,514,323
1756495494.5587473,10,450,277
1756495494.5587473,8,681,531
1756495494.5587473,1,823,501
1756495494.593298,95,339,328
1756495494.593298,91,314,296
1756495494.593298,90,584,286
1756495494.593298,89,429,229
1756495494.593298,88,329,207
1756495494.593298,85,1048,667
1756495494.593298,75,486,245
1756495494.593298,70,328,162
1756495494.593298,66,581,375
1756495494.593298,47,407,335
1756495494.593298,17,511,321
1756495494.593298,10,453,276
1756495494.593298,8,681,532
1756495494.593298,1,824,501
1756495494.6252913,95,339,331
1756495494.6252913,91,315,294
1756495494.6252913,90,587,289
1756495494.6252913,89,430,229
1756495494.6252913,88,325,205
1756495494.6252913,85,1051,668
1756495494.6252913,75,489,246
1756495494.6252913,70,328,161
1756495494.6252913,66,580,373
1756495494.6252913,47,407,333
1756495494.6252913,17,507,319
1756495494.6252913,10,455,276
1756495494.6252913,8,681,531
1756495494.6252913,1,823,500
1756495494.6596706,95,339,334
1756495494.6596706,91,316,293
1756495494.6596706,90,589,290
1756495494.6596706,89,430,228
1756495494.6596706,88,326,204
1756495494.6596706,85,1051,668
1756495494.6596706,75,492,249
1756495494.6596706,70,327,161
1756495494.6596706,66,579,371
1756495494.6596706,47,408,332
1756495494.6596706,17,504,316
1756495494.6596706,10,458,275
1756495494.6596706,8,681,532
1756495494.6596706,1,823,500
1756495494.6928523,95,338,336
1756495494.6928523,91,314,293
1756495494.6928523,90,595,292
1756495494.6928523,89,432,226
1756495494.6928523,88,327,203
1756495494.6928523,85,1050,668
1756495494.6928523,75,494,250
1756495494.6928523,70,328,161
1756495494.6928523,66,578,370
1756495494.6928523,47,410,330
1756495494.6928523,17,501,314
1756495494.6928523,10,459,275
1756495494.6928523,8,681,532
1756495494.6928523,1,823,500
1756495494.726962,95,338,340
1756495494.726962,91,313,292
1756495494.726962,90,600,293
1756495494.726962,88,328,202
1756495494.726962,85,1051,667
1756495494.726962,75,495,253
1756495494.726962,70,328,161
1756495494.726962,66,578,368
1756495494.726962,47,411,328
1756495494.726962,17,497,313
1756495494.726962,10,462,276
1756495494.726962,8,681,531
1756495494.726962,1,822,500
1756495494.7607768,95,337,344
1756495494.7607768,91,313,292
1756495494.7607768,90,604,294
1756495494.7607768,88,328,202
1756495494.7607768,85,1047,667
1756495494.7607768,70,327,161
1756495494.7607768,66,578,367
1756495494.7607768,47,412,326
1756495494.7607768,17,494,311
1756495494.7607768,10,472,275
1756495494.7607768,8,681,531
1756495494.7607768,1,822,499
1756495494.791722,95,335,346
1756495494.791722,91,312,291
1756495494.791722,90,607,295
1756495494.791722,88,329,202
1756495494.791722,85,1049,667
1756495494.791722,70,328,161
1756495494.791722,66,576,365
1756495494.791722,47,414,325
1756495494.791722,17,490,309
1756495494.791722,10,478,275
1756495494.791722,8,681,530
1756495494.791722,1,822,499
1756495494.8260224,96,364,306
1756495494.8260224,95,331,347
1756495494.8260224,91,312,290
1756495494.8260224,90,611,296
1756495494.8260224,88,330,201
1756495494.8260224,85,1051,666
1756495494.8260224,75,502,266
1756495494.8260224,70,329,161
1756495494.8260224,66,576,363
1756495494.8260224,47,416,324
1756495494.8260224,17,490,307
1756495494.8260224,10,486,272
1756495494.8260224,8,681,530
1756495494.8260224,1,822,499
1756495494.8614645,96,365,302
1756495494.8614645,95,332,347
1756495494.8614645,91,312,290
1756495494.8614645,90,614,298
1756495494.8614645,88,329,201
1756495494.8614645,85,1052,667
1756495494.8614645,75,502,267
1756495494.8614645,70,329,159
1756495494.8614645,66,576,361
1756495494.8614645,47,416,323
1756495494.8614645,17,488,306
1756495494.8614645,10,492,269
1756495494.8614645,8,681,531
1756495494.8614645,1,822,499
1756495494.8960276,96,367,298
1756495494.8960276,95,330,349
1756495494.8960276,91,312,289
1756495494.8960276,90,616,299
1756495494.8960276,88,328,200
1756495494.8960276,85,1052,668
1756495494.8960276,75,505,269
1756495494.8960276,66,575,360
1756495494.8960276,47,416,322
1756495494.8960276,17,486,305
1756495494.8960276,10,497,270
1756495494.8960276,8,681,531
1756495494.8960276,1,822,499
1756495494.9360504,96,367,295
1756495494.9360504,95,329,350
1756495494.9360504,91,313,287
1756495494.9360504,90,619,300
1756495494.9360504,88,327,199
1756495494.9360504,85,1052,668
1756495494.9360504,75,508,271
1756495494.9360504,66,575,358
1756495494.9360504,47,417,322
1756495494.9360504,17,483,304
1756495494.9360504,8,681,531
1756495494.9360504,1,822,498
1756495494.9751732,98,334,368
1756495494.9751732,96,367,294
1756495494.9751732,95,329,350
1756495494.9751732,91,312,287
1756495494.9751732,90,621,301
1756495494.9751732,88,327,199
1756495494.9751732,85,1052,668
1756495494.9751732,75,508,272
1756495494.9751732,70,328,158
1756495494.9751732,66,574,357
1756495494.9751732,47,417,320
1756495494.9751732,17,480,303
1756495494.9751732,8,681,530
1756495494.9751732,1,822,498
1756495495.011475,98,334,367
1756495495.011475,96,367,291
1756495495.011475,95,328,350
1756495495.011475,91,311,286
1756495495.011475,90,624,302
1756495495.011475,88,327,199
1756495495.011475,85,1052,668
1756495495.011475,75,502,273
1756495495.011475,66,574,355
1756495495.011475,47,418,320
1756495495.011475,17,474,301
1756495495.011475,8,681,530
1756495495.011475,1,821,498
1756495495.045743,98,335,367
1756495495.045743,96,367,286
1756495495.045743,95,328,350
1756495495.045743,91,312,285
1756495495.045743,90,627,302
1756495495.045743,88,327,199
1756495495.045743,85,1051,668
1756495495.045743,75,507,276
1756495495.045743,66,574,354
1756495495.045743,47,419,318
1756495495.045743,17,470,299
1756495495.045743,8,681,530
1756495495.045743,1,821,498
1756495495.0794733,98,335,366
1756495495.0794733,97,380,184
1756495495.0794733,96,367,285
1756495495.0794733,95,329,349
1756495495.0794733,91,312,284
1756495495.0794733,90,632,303
1756495495.0794733,88,326,198
1756495495.0794733,85,1051,668
1756495495.0794733,75,513,277
1756495495.0794733,66,573,353
1756495495.0794733,47,420,317
1756495495.0794733,17,464,297
1756495495.0794733,8,681,531
1756495495.0794733,1,821,497
1756495495.1196496,98,337,365
1756495495.1196496,97,381,185
1756495495.1196496,96,367,281
1756495495.1196496,95,330,346
1756495495.1196496,91,311,282
1756495495.1196496,90,638,305
1756495495.1196496,88,326,196
1756495495.1196496,85,1050,668
1756495495.1196496,75,515,280
1756495495.1196496,70,321,164
1756495495.1196496,66,571,352
1756495495.1196496,47,421,316
1756495495.1196496,17,457,293
1756495495.1196496,8,682,532
1756495495.1196496,1,820,497
1756495495.1567051,98,340,364
1756495495.1567051,97,384,188
1756495495.1567051,96,368,277
1756495495.1567051,95,330,343
1756495495.1567051,91,310,282
1756495495.1567051,90,641,307
1756495495.1567051,88,326,195
1756495495.1567051,75,519,283
1756495495.1567051,70,323,167
1756495495.1567051,66,571,351
1756495495.1567051,47,421,316
1756495495.1567051,17,454,291
1756495495.1567051,8,682,532
1756495495.1567051,1,819,496
1756495495.191964,100,446,211
1756495495.191964,98,341,364
1756495495.191964,97,387,191
1756495495.191964,96,368,271
1756495495.191964,95,328,340
1756495495.191964,91,309,281
1756495495.191964,90,644,307
1756495495.191964,88,326,196
1756495495.191964,75,523,286
1756495495.191964,70,323,169
1756495495.191964,66,571,349
1756495495.191964,47,422,316
1756495495.191964,17,451,288
1756495495.191964,8,682,532
1756495495.191964,1,819,496
1756495495.2267954,100,449,211
1756495495.2267954,98,343,365
1756495495.2267954,97,387,192
1756495495.2267954,96,368,269
1756495495.2267954,95,327,339
1756495495.2267954,91,309,281
1756495495.2267954,90,649,309
1756495495.2267954,88,327,196
1756495495.2267954,85,1051,669
1756495495.2267954,75,526,289
1756495495.2267954,66,572,347
1756495495.2267954,47,422,315
1756495495.2267954,17,450,286
1756495495.2267954,8,682,533
1756495495.2267954,1,819,496
1756495495.2632706,100,453,210
1756495495.2632706,98,345,366
1756495495.2632706,97,388,193
1756495495.2632706,96,369,266
1756495495.2632706,95,328,338
1756495495.2632706,91,310,280
1756495495.2632706,90,653,311
1756495495.2632706,88,327,197
1756495495.2632706,85,1050,668
1756495495.2632706,75,529,291
1756495495.2632706,66,573,347
1756495495.2632706,47,423,315
1756495495.2632706,17,449,284
1756495495.2632706,8,682,533
1756495495.2632706,1,819,495
1756495495.3052156,100,457,209
1756495495.3052156,98,347,366
1756495495.3052156,97,389,195
1756495495.3052156,96,369,262
1756495495.3052156,95,331,338
1756495495.3052156,91,310,279
1756495495.3052156,90,656,313
1756495495.3052156,88,329,197
1756495495.3052156,75,533,293
1756495495.3052156,70,327,166
1756495495.3052156,66,575,346
1756495495.3052156,47,423,314
1756495495.3052156,17,446,282
1756495495.3052156,8,681,533
1756495495.3052156,1,819,495
1756495495.340912,100,459,209
1756495495.340912,98,349,366
1756495495.340912,97,390,198
1756495495.340912,96,369,260
1756495495.340912,95,331,338
1756495495.340912,91,310,277
1756495495.340912,90,658,314
1756495495.340912,88,330,197
1756495495.340912,75,534,294
1756495495.340912,70,328,166
1756495495.340912,66,576,346
1756495495.340912,47,423,314
1756495495.340912,17,445,280
1756495495.340912,8,681,533
1756495495.340912,1,819,495
1756495495.3779242,98,351,365
1756495495.3779242,97,390,200
1756495495.3779242,96,369,258
1756495495.3779242,95,332,337
1756495495.3779242,91,310,276
1756495495.3779242,90,661,315
1756495495.3779242,88,328,196
1756495495.3779242,85,1051,666
1756495495.3779242,75,538,294
1756495495.3779242,70,328,171
1756495495.3779242,66,575,344
1756495495.3779242,47,424,312
1756495495.3779242,17,444,278
1756495495.3779242,8,682,533
1756495495.3779242,1,819,495
1756495495.4152517,98,357,362
1756495495.4152517,97,390,202
1756495495.4152517,96,369,256
1756495495.4152517,95,333,337
1756495495.4152517,91,309,275
1756495495.4152517,90,664,317
1756495495.4152517,88,327,195
1756495495.4152517,85,1051,667
1756495495.4152517,75,544,294
1756495495.4152517,70,325,178
1756495495.4152517,66,572,343
1756495495.4152517,47,424,312
1756495495.4152517,17,444,274
1756495495.4152517,8,681,533
1756495495.4152517,1,820,494
1756495495.4504998,98,363,360
1756495495.4504998,97,391,204
1756495495.4504998,96,370,254
1756495495.4504998,95,330,336
1756495495.4504998,91,309,274
1756495495.4504998,90,669,318
1756495495.4504998,88,325,195
1756495495.4504998,85,1051,668
1756495495.4504998,75,550,296
1756495495.4504998,70,324,180
1756495495.4504998,66,570,340
1756495495.4504998,47,425,311
1756495495.4504998,17,444,272
1756495495.4504998,8,680,533
1756495495.4504998,1,819,494
1756495495.4859178,101,328,149
1756495495.4859178,98,368,358
1756495495.4859178,97,391,204
1756495495.4859178,96,370,254
1756495495.4859178,95,330,335
1756495495.4859178,91,309,272
1756495495.4859178,90,673,319
1756495495.4859178,88,324,196
1756495495.4859178,85,1051,668
1756495495.4859178,75,554,296
1756495495.4859178,70,324,180
1756495495.4859178,66,568,338
1756495495.4859178,47,426,310
1756495495.4859178,17,442,270
1756495495.4859178,8,679,533
1756495495.4859178,1,819,494
1756495495.5266895,98,371,357
1756495495.5266895,97,392,205
1756495495.5266895,96,369,249
1756495495.5266895,95,329,334
1756495495.5266895,91,308,270
1756495495.5266895,90,675,321
1756495495.5266895,88,325,197
1756495495.5266895,85,1050,667
1756495495.5266895,75,560,297
1756495495.5266895,70,326,179
1756495495.5266895,66,568,337
1756495495.5266895,47,426,310
1756495495.5266895,17,443,269
1756495495.5266895,8,680,533
1756495495.5266895,1,819,494
1756495495.5625854,98,374,356
1756495495.5625854,97,393,206
1756495495.5625854,96,367,244
1756495495.5625854,95,329,332
1756495495.5625854,91,307,269
1756495495.5625854,90,683,323
1756495495.5625854,88,324,199
1756495495.5625854,85,1051,668
1756495495.5625854,75,568,299
1756495495.5625854,70,326,176
1756495495.5625854,66,569,338
1756495495.5625854,47,425,310
1756495495.5625854,17,441,266
1756495495.5625854,8,679,532
1756495495.5625854,1,820,494
1756495495.601654,102,382,173
1756495495.601654,98,378,354
1756495495.601654,97,394,208
1756495495.601654,96,367,239
1756495495.601654,95,329,328
1756495495.601654,91,306,268
1756495495.601654,90,688,324
1756495495.601654,88,324,201
1756495495.601654,85,1052,668
1756495495.601654,75,576,301
1756495495.601654,70,323,174
1756495495.601654,66,571,340
1756495495.601654,47,426,309
1756495495.601654,17,440,263
1756495495.601654,8,679,532
1756495495.601654,1,819,493
1756495495.6422327,102,382,172
1756495495.6422327,98,381,351
1756495495.6422327,97,394,208
1756495495.6422327,96,366,238
1756495495.6422327,95,330,326
1756495495.6422327,91,306,267
1756495495.6422327,90,692,325
1756495495.6422327,88,323,202
1756495495.6422327,85,1053,667
1756495495.6422327,75,581,303
1756495495.6422327,70,322,174
1756495495.6422327,66,572,341
1756495495.6422327,47,427,308
1756495495.6422327,17,440,262
1756495495.6422327,8,679,532
1756495495.6422327,1,818,493
1756495495.6780064,102,385,171
1756495495.6780064,98,385,349
1756495495.6780064,97,397,209
1756495495.6780064,96,365,236
1756495495.6780064,95,331,325
1756495495.6780064,91,305,266
1756495495.6780064,90,696,327
1756495495.6780064,88,326,203
1756495495.6780064,75,587,305
1756495495.6780064,70,322,173
1756495495.6780064,66,575,343
1756495495.6780064,47,427,308
1756495495.6780064,17,441,261
1756495495.6780064,8,679,532
1756495495.6780064,1,818,493
1756495495.7188368,102,386,171
1756495495.7188368,100,515,221
1756495495.7188368,98,390,347
1756495495.7188368,97,397,209
1756495495.7188368,96,365,236
1756495495.7188368,95,330,322
1756495495.7188368,91,304,265
1756495495.7188368,90,699,328
1756495495.7188368,88,327,203
1756495495.7188368,75,591,306
1756495495.7188368,70,322,173
1756495495.7188368,66,576,343
1756495495.7188368,47,428,308
1756495495.7188368,17,442,260
1756495495.7188368,8,680,532
1756495495.7188368,1,818,493
1756495495.7608669,102,384,170
1756495495.7608669,100,521,222
1756495495.7608669,98,396,345
1756495495.7608669,97,398,209
1756495495.7608669,96,366,236
1756495495.7608669,95,329,320
1756495495.7608669,91,306,265
1756495495.7608669,90,702,329
1756495495.7608669,88,327,205
1756495495.7608669,85,1052,667
1756495495.7608669,75,595,305
1756495495.7608669,70,322,171
1756495495.7608669,66,577,343
1756495495.7608669,47,428,307
1756495495.7608669,17,443,259
1756495495.7608669,8,679,532
1756495495.7608669,1,818,493
1756495495.8013732,104,367,339
1756495495.8013732,102,385,170
1756495495.8013732,100,526,223
1756495495.8013732,98,400,342
1756495495.8013732,97,398,209
1756495495.8013732,96,366,235
1756495495.8013732,95,329,319
1756495495.8013732,91,306,265
1756495495.8013732,90,703,330
1756495495.8013732,88,328,206
1756495495.8013732,85,1053,667
1756495495.8013732,75,598,305
1756495495.8013732,70,322,170
1756495495.8013732,66,579,342
1756495495.8013732,47,427,307
1756495495.8013732,17,444,259
1756495495.8013732,8,679,533
1756495495.8013732,1,818,492
1756495495.8446653,105,319,144
1756495495.8446653,104,367,335
1756495495.8446653,102,386,172
1756495495.8446653,100,530,224
1756495495.8446653,98,405,341
1756495495.8446653,97,400,209
1756495495.8446653,95,330,317
1756495495.8446653,91,305,264
1756495495.8446653,90,706,330
1756495495.8446653,88,328,207
1756495495.8446653,75,601,305
1756495495.8446653,70,322,169
1756495495.8446653,66,581,343
1756495495.8446653,47,427,307
1756495495.8446653,17,445,258
1756495495.8446653,8,679,533
1756495495.8446653,1,819,492
1756495495.8796775,104,368,333
1756495495.8796775,102,387,172
1756495495.8796775,100,536,226
1756495495.8796775,98,408,340
1756495495.8796775,97,402,208
1756495495.8796775,95,332,315
1756495495.8796775,91,304,264
1756495495.8796775,90,708,332
1756495495.8796775,88,329,208
1756495495.8796775,75,604,307
1756495495.8796775,70,323,169
1756495495.8796775,66,584,343
1756495495.8796775,47,427,306
1756495495.8796775,17,446,256
1756495495.8796775,8,679,532
1756495495.8796775,1,819,492
1756495495.9184248,104,367,331
1756495495.9184248,102,388,171
1756495495.9184248,100,541,228
1756495495.9184248,98,413,338
1756495495.9184248,97,402,207
1756495495.9184248,95,332,313
1756495495.9184248,91,303,263
1756495495.9184248,90,711,334
1756495495.9184248,88,329,209
1756495495.9184248,75,609,309
1756495495.9184248,70,323,168
1756495495.9184248,66,585,343
1756495495.9184248,47,428,306
1756495495.9184248,17,448,256
1756495495.9184248,8,678,532
1756495495.9184248,1,819,491
1756495495.9567976,105,320,144
1756495495.9567976,104,367,328
1756495495.9567976,102,388,172
1756495495.9567976,100,548,231
1756495495.9567976,98,419,336
1756495495.9567976,97,403,207
1756495495.9567976,95,332,311
1756495495.9567976,91,303,263
1756495495.9567976,90,715,335
1756495495.9567976,88,329,210
1756495495.9567976,75,614,310
1756495495.9567976,70,324,169
1756495495.9567976,66,586,345
1756495495.9567976,47,427,306
1756495495.9567976,17,448,256
1756495495.9567976,8,678,532
1756495495.9567976,1,818,491
1756495495.9994316,106,327,346
1756495495.9994316,104,370,324
1756495495.9994316,102,390,173
1756495495.9994316,100,556,233
1756495495.9994316,98,424,335
1756495495.9994316,97,403,207
1756495495.9994316,95,332,310
1756495495.9994316,91,305,262
1756495495.9994316,90,717,335
1756495495.9994316,88,328,212
1756495495.9994316,75,621,312
1756495495.9994316,70,322,168
1756495495.9994316,66,584,346
1756495495.9994316,47,426,306
1756495495.9994316,17,448,256
1756495495.9994316,8,680,533
1756495495.9994316,1,819,491
1756495496.0361052,106,328,350
1756495496.0361052,104,373,321
1756495496.0361052,102,392,175
1756495496.0361052,100,562,233
1756495496.0361052,98,429,334
1756495496.0361052,97,403,208
1756495496.0361052,96,369,228
1756495496.0361052,95,331,309
1756495496.0361052,91,305,261
1756495496.0361052,90,720,335
1756495496.0361052,88,328,212
1756495496.0361052,75,625,314
1756495496.0361052,70,323,168
1756495496.0361052,66,583,347
1756495496.0361052,47,425,306
1756495496.0361052,17,448,256
1756495496.0361052,8,680,532
1756495496.0361052,1,820,490
1756495496.0728087,106,328,353
1756495496.0728087,104,374,319
1756495496.0728087,102,393,175
1756495496.0728087,100,570,235
1756495496.0728087,98,432,333
1756495496.0728087,97,403,208
1756495496.0728087,95,332,307
1756495496.0728087,91,305,261
1756495496.0728087,90,725,337
1756495496.0728087,88,328,214
1756495496.0728087,75,629,315
1756495496.0728087,70,325,168
1756495496.0728087,66,582,347
1756495496.0728087,47,425,305
1756495496.0728087,17,447,255
1756495496.0728087,8,680,532
1756495496.0728087,1,820,490
1756495496.1081738,107,624,343
1756495496.1081738,106,329,355
1756495496.1081738,104,376,317
1756495496.1081738,102,399,176
1756495496.1081738,100,577,238
1756495496.1081738,98,440,329
1756495496.1081738,97,406,208
1756495496.1081738,95,331,305
1756495496.1081738,91,306,261
1756495496.1081738,90,728,338
1756495496.1081738,88,328,215
1756495496.1081738,75,633,316
1756495496.1081738,70,325,169
1756495496.1081738,66,583,347
1756495496.1081738,47,426,305
1756495496.1081738,17,447,255
1756495496.1081738,8,680,532
1756495496.1081738,1,820,490
1756495496.1449068,107,628,343
1756495496.1449068,106,331,358
1756495496.1449068,104,379,315
1756495496.1449068,102,398,177
1756495496.1449068,100,583,240
1756495496.1449068,98,446,325
1756495496.1449068,97,409,208
1756495496.1449068,95,329,302
1756495496.1449068,91,306,261
1756495496.1449068,90,732,338
1756495496.1449068,88,327,218
1756495496.1449068,75,637,317
1756495496.1449068,70,326,170
1756495496.1449068,66,583,348
1756495496.1449068,47,428,304
1756495496.1449068,17,447,254
1756495496.1449068,8,680,532
1756495496.1449068,1,819,490
1756495496.18553,107,627,342
1756495496.18553,106,332,361
1756495496.18553,104,381,311
1756495496.18553,102,395,176
1756495496.18553,100,590,244
1756495496.18553,98,451,323
1756495496.18553,97,410,208
1756495496.18553,96,367,225
1756495496.18553,95,330,300
1756495496.18553,91,306,260
1756495496.18553,90,735,338
1756495496.18553,88,328,219
1756495496.18553,75,639,316
1756495496.18553,70,327,170
1756495496.18553,66,584,348
1756495496.18553,47,429,305
1756495496.18553,17,447,254
1756495496.18553,8,680,532
1756495496.18553,1,819,490
1756495496.2259638,107,634,340
1756495496.2259638,106,332,363
1756495496.2259638,104,384,307
1756495496.2259638,102,401,177
1756495496.2259638,100,599,247
1756495496.2259638,98,455,321
1756495496.2259638,97,410,208
1756495496.2259638,96,366,224
1756495496.2259638,95,330,298
1756495496.2259638,91,305,260
1756495496.2259638,90,739,339
1756495496.2259638,88,329,221
1756495496.2259638,75,642,326
1756495496.2259638,70,327,170
1756495496.2259638,66,585,348
1756495496.2259638,47,429,305
1756495496.2259638,17,448,256
1756495496.2259638,8,679,532
1756495496.2259638,1,819,490
1756495496.262756,107,639,340
1756495496.262756,106,333,364
1756495496.262756,104,386,304
1756495496.262756,102,403,178
1756495496.262756,100,606,250
1756495496.262756,98,460,319
1756495496.262756,97,410,207
1756495496.262756,95,330,297
1756495496.262756,91,306,260
1756495496.262756,90,743,340
1756495496.262756,88,328,219
1756495496.262756,75,645,332
1756495496.262756,70,327,171
1756495496.262756,66,586,348
1756495496.262756,47,430,304
1756495496.262756,17,448,257
1756495496.262756,8,679,533
1756495496.262756,1,820,489
1756495496.2965415,107,643,339
1756495496.2965415,106,333,366
1756495496.2965415,104,386,302
1756495496.2965415,102,405,178
1756495496.2965415,100,611,254
1756495496.2965415,98,464,318
1756495496.2965415,97,411,207
1756495496.2965415,95,331,296
1756495496.2965415,91,305,260
1756495496.2965415,90,746,342
1756495496.2965415,88,330,216
1756495496.2965415,75,648,334
1756495496.2965415,70,327,171
1756495496.2965415,66,586,347
1756495496.2965415,47,429,304
1756495496.2965415,17,448,257
1756495496.2965415,8,679,533
1756495496.2965415,1,820,489
1756495496.333676,107,643,341
1756495496.333676,106,334,368
1756495496.333676,104,386,300
1756495496.333676,102,404,179
1756495496.333676,100,616,257
1756495496.333676,98,470,317
1756495496.333676,97,411,207
1756495496.333676,95,330,295
1756495496.333676,91,304,260
1756495496.333676,90,749,342
1756495496.333676,88,330,212
1756495496.333676,75,657,331
1756495496.333676,70,327,171
1756495496.333676,66,586,347
1756495496.333676,47,429,303
1756495496.333676,17,448,258
1756495496.333676,8,677,533
1756495496.333676,1,820,489
1756495496.3695037,107,643,341
1756495496.3695037,106,336,370
1756495496.3695037,104,386,298
1756495496.3695037,102,404,179
1756495496.3695037,100,621,259
1756495496.3695037,98,473,316
1756495496.3695037,97,413,209
1756495496.3695037,95,329,294
1756495496.3695037,91,302,259
1756495496.3695037,90,753,342
1756495496.3695037,75,664,329
1756495496.3695037,70,327,172
1756495496.3695037,66,587,346
1756495496.3695037,47,429,303
1756495496.3695037,17,451,258
1756495496.3695037,8,677,534
1756495496.3695037,1,821,489
1756495496.405672,107,656,340
1756495496.405672,106,337,372
1756495496.405672,104,386,297
1756495496.405672,102,405,181
1756495496.405672,100,626,262
1756495496.405672,98,482,314
1756495496.405672,97,414,209
1756495496.405672,95,328,292
1756495496.405672,91,302,258
1756495496.405672,90,755,343
1756495496.405672,75,668,329
1756495496.405672,70,328,172
1756495496.405672,66,587,346
1756495496.405672,47,429,303
1756495496.405672,17,451,260
1756495496.405672,8,677,533
1756495496.405672,1,821,488
1756495496.4393485,107,661,340
1756495496.4393485,106,338,375
1756495496.4393485,104,389,294
1756495496.4393485,102,406,179
1756495496.4393485,100,631,266
1756495496.4393485,98,486,312
1756495496.4393485,97,415,208
1756495496.4393485,95,329,291
1756495496.4393485,91,302,259
1756495496.4393485,90,759,343
1756495496.4393485,75,676,329
1756495496.4393485,70,328,172
1756495496.4393485,66,588,345
1756495496.4393485,47,429,302
1756495496.4393485,17,451,260
1756495496.4393485,8,677,533
1756495496.4393485,1,820,488
1756495496.4766576,107,664,341
1756495496.4766576,106,340,376
1756495496.4766576,104,392,290
1756495496.4766576,102,405,179
1756495496.4766576,100,636,269
1756495496.4766576,98,491,311
1756495496.4766576,97,416,209
1756495496.4766576,95,328,289
1756495496.4766576,91,302,258
1756495496.4766576,90,763,343
1756495496.4766576,75,682,327
1756495496.4766576,70,328,173
1756495496.4766576,66,589,344
1756495496.4766576,47,429,303
1756495496.4766576,17,453,258
1756495496.4766576,8,677,534
1756495496.4766576,1,820,488
1756495496.5086324,107,669,341
1756495496.5086324,106,341,378
1756495496.5086324,104,393,288
1756495496.5086324,102,407,178
1756495496.5086324,100,643,274
1756495496.5086324,98,495,310
1756495496.5086324,97,416,209
1756495496.5086324,95,328,287
1756495496.5086324,91,302,257
1756495496.5086324,90,765,344
1756495496.5086324,75,686,326
1756495496.5086324,70,329,173
1756495496.5086324,66,589,343
1756495496.5086324,47,430,302
1756495496.5086324,17,454,258
1756495496.5086324,8,677,534
1756495496.5086324,1,820,488
1756495496.545188,107,676,339
1756495496.545188,106,341,381
1756495496.545188,104,396,285
1756495496.545188,102,409,177
1756495496.545188,100,648,276
1756495496.545188,98,499,310
1756495496.545188,97,417,209
1756495496.545188,95,329,286
1756495496.545188,91,302,257
1756495496.545188,90,767,344
1756495496.545188,75,686,325
1756495496.545188,70,329,173
1756495496.545188,66,591,342
1756495496.545188,47,429,301
1756495496.545188,17,454,258
1756495496.545188,8,677,533
1756495496.545188,1,821,488
1756495496.5799158,107,680,338
1756495496.5799158,106,341,384
1756495496.5799158,104,399,282
1756495496.5799158,102,410,176
1756495496.5799158,100,653,278
1756495496.5799158,98,506,307
1756495496.5799158,97,417,208
1756495496.5799158,95,328,283
1756495496.5799158,91,302,257
1756495496.5799158,90,770,345
1756495496.5799158,75,686,324
1756495496.5799158,70,330,174
1756495496.5799158,66,592,340
1756495496.5799158,47,430,301
1756495496.5799158,17,453,257
1756495496.5799158,8,677,533
1756495496.5799158,1,821,488
1756495496.6122086,107,681,339
1756495496.6122086,106,341,386
1756495496.6122086,104,400,280
1756495496.6122086,102,410,176
1756495496.6122086,100,659,282
1756495496.6122086,98,511,306
1756495496.6122086,97,418,208
1756495496.6122086,91,302,257
1756495496.6122086,90,775,347
1756495496.6122086,75,688,324
1756495496.6122086,70,330,174
1756495496.6122086,66,592,339
1756495496.6122086,47,430,301
1756495496.6122086,17,454,257
1756495496.6122086,8,676,533
1756495496.6122086,1,821,488
1756495496.6436822,107,684,339
1756495496.6436822,106,340,387
1756495496.6436822,104,400,278
1756495496.6436822,102,411,175
1756495496.6436822,100,664,284
1756495496.6436822,98,515,306
1756495496.6436822,97,420,207
1756495496.6436822,91,305,257
1756495496.6436822,90,779,348
1756495496.6436822,75,691,327
1756495496.6436822,70,331,176
1756495496.6436822,66,591,336
1756495496.6436822,47,431,301
1756495496.6436822,17,456,257
1756495496.6436822,8,677,533
1756495496.6436822,1,822,488
1756495496.680457,107,687,339
1756495496.680457,106,341,390
1756495496.680457,104,400,275
1756495496.680457,102,411,175
1756495496.680457,100,671,287
1756495496.680457,98,520,304
1756495496.680457,97,421,207
1756495496.680457,91,304,256
1756495496.680457,90,781,349
1756495496.680457,75,698,324
1756495496.680457,70,332,177
1756495496.680457,66,590,335
1756495496.680457,47,432,301
1756495496.680457,17,456,256
1756495496.680457,8,677,533
1756495496.680457,1,822,488
1756495496.7122517,107,692,339
1756495496.7122517,106,343,392
1756495496.7122517,104,400,274
1756495496.7122517,102,412,175
1756495496.7122517,100,678,289
1756495496.7122517,98,525,303
1756495496.7122517,97,422,207
1756495496.7122517,91,304,256
1756495496.7122517,90,784,349
1756495496.7122517,75,699,324
1756495496.7122517,70,330,178
1756495496.7122517,66,591,333
1756495496.7122517,47,433,300
1756495496.7122517,17,458,256
1756495496.7122517,8,677,533
1756495496.7122517,1,822,488
1756495496.746456,107,696,338
1756495496.746456,106,345,396
1756495496.746456,104,400,272
1756495496.746456,102,414,174
1756495496.746456,100,682,292
1756495496.746456,98,531,302
1756495496.746456,97,422,206
1756495496.746456,91,303,256
1756495496.746456,90,787,349
1756495496.746456,70,329,178
1756495496.746456,66,592,331
1756495496.746456,47,432,300
1756495496.746456,17,459,255
1756495496.746456,8,677,533
1756495496.746456,1,822,487
1756495496.7793984,107,700,340
1756495496.7793984,106,347,398
1756495496.7793984,104,400,270
1756495496.7793984,102,414,172
1756495496.7793984,100,689,293
1756495496.7793984,98,540,301
1756495496.7793984,97,422,206
1756495496.7793984,91,302,255
1756495496.7793984,90,791,351
1756495496.7793984,70,328,178
1756495496.7793984,66,593,330
1756495496.7793984,47,432,299
1756495496.7793984,17,462,254
1756495496.7793984,8,677,534
1756495496.7793984,1,821,487
1756495496.8144422,109,1054,667
1756495496.8144422,107,705,341
1756495496.8144422,106,349,400
1756495496.8144422,104,400,268
1756495496.8144422,102,415,172
1756495496.8144422,100,695,293
1756495496.8144422,98,545,301
1756495496.8144422,97,423,206
1756495496.8144422,95,336,287
1756495496.8144422,91,301,254
1756495496.8144422,90,793,352
1756495496.8144422,75,711,317
1756495496.8144422,70,329,178
1756495496.8144422,66,593,329
1756495496.8144422,47,432,299
1756495496.8144422,17,463,253
1756495496.8144422,8,677,533
1756495496.8144422,1,821,487
1756495496.8510466,109,1052,668
1756495496.8510466,107,708,342
1756495496.8510466,106,350,403
1756495496.8510466,104,400,267
1756495496.8510466,102,414,172
1756495496.8510466,100,702,295
1756495496.8510466,98,552,300
1756495496.8510466,97,424,206
1756495496.8510466,95,336,289
1756495496.8510466,91,301,255
1756495496.8510466,90,797,353
1756495496.8510466,70,330,179
1756495496.8510466,66,594,326
1756495496.8510466,47,431,298
1756495496.8510466,17,463,254
1756495496.8510466,8,677,533
1756495496.8510466,1,821,486
1756495496.8862736,109,1053,669
1756495496.8862736,107,712,344
1756495496.8862736,106,350,405
1756495496.8862736,104,404,263
1756495496.8862736,102,414,172
1756495496.8862736,100,706,296
1756495496.8862736,98,560,299
1756495496.8862736,97,425,206
1756495496.8862736,95,336,290
1756495496.8862736,91,301,255
1756495496.8862736,90,800,354
1756495496.8862736,70,329,179
1756495496.8862736,66,595,324
1756495496.8862736,47,431,297
1756495496.8862736,17,463,254
1756495496.8862736,8,677,534
1756495496.8862736,1,821,486
1756495496.9230888,107,713,346
1756495496.9230888,106,352,408
1756495496.9230888,104,406,261
1756495496.9230888,102,416,172
1756495496.9230888,100,712,297
1756495496.9230888,98,563,299
1756495496.9230888,97,426,205
1756495496.9230888,95,335,290
1756495496.9230888,91,302,254
1756495496.9230888,90,803,355
1756495496.9230888,70,326,180
1756495496.9230888,66,595,322
1756495496.9230888,47,432,297
1756495496.9230888,17,463,254
1756495496.9230888,8,676,534
1756495496.9230888,1,822,486
1756495496.9559815,107,713,348
1756495496.9559815,106,354,409
1756495496.9559815,104,407,258
1756495496.9559815,102,415,172
1756495496.9559815,100,715,298
1756495496.9559815,98,567,298
1756495496.9559815,97,426,205
1756495496.9559815,95,333,293
1756495496.9559815,91,303,254
1756495496.9559815,90,805,356
1756495496.9559815,75,722,312
1756495496.9559815,70,324,180
1756495496.9559815,66,595,322
1756495496.9559815,47,432,297
1756495496.9559815,17,464,254
1756495496.9559815,8,677,534
1756495496.9559815,1,822,486
1756495496.9919763,107,715,349
1756495496.9919763,106,357,411
1756495496.9919763,104,407,256
1756495496.9919763,102,415,171
1756495496.9919763,100,721,299
1756495496.9919763,98,569,298
1756495496.9919763,97,426,205
1756495496.9919763,95,332,294
1756495496.9919763,91,304,254
1756495496.9919763,90,808,357
1756495496.9919763,75,726,311
1756495496.9919763,70,325,179
1756495496.9919763,66,596,320
1756495496.9919763,47,433,296
1756495496.9919763,17,467,255
1756495496.9919763,8,678,534
1756495496.9919763,1,823,485
1756495497.026252,111,327,138
1756495497.026252,109,1054,668
1756495497.026252,107,716,351
1756495497.026252,106,359,412
1756495497.026252,104,407,254
1756495497.026252,102,417,169
1756495497.026252,100,725,300
1756495497.026252,98,572,298
1756495497.026252,97,429,205
1756495497.026252,91,304,254
1756495497.026252,90,812,358
1756495497.026252,75,731,311
1756495497.026252,70,324,179
1756495497.026252,66,598,319
1756495497.026252,47,434,295
1756495497.026252,17,468,256
1756495497.026252,8,678,534
1756495497.026252,1,823,485
1756495497.0605361,107,718,354
1756495497.0605361,106,362,413
1756495497.0605361,104,408,251
1756495497.0605361,102,417,168
1756495497.0605361,100,725,297
1756495497.0605361,98,579,297
1756495497.0605361,97,430,206
1756495497.0605361,91,303,254
1756495497.0605361,90,816,359
1756495497.0605361,75,735,312
1756495497.0605361,70,325,179
1756495497.0605361,66,603,318
1756495497.0605361,47,434,295
1756495497.0605361,17,470,258
1756495497.0605361,8,677,534
1756495497.0605361,1,825,486
1756495497.0955694,107,720,356
1756495497.0955694,106,365,413
1756495497.0955694,104,407,250
1756495497.0955694,102,418,168
1756495497.0955694,100,727,296
1756495497.0955694,98,587,294
1756495497.0955694,97,430,207
1756495497.0955694,91,302,254
1756495497.0955694,90,818,360
1756495497.0955694,75,738,311
1756495497.0955694,70,325,179
1756495497.0955694,66,607,316
1756495497.0955694,47,434,295
1756495497.0955694,17,471,259
1756495497.0955694,8,676,534
1756495497.0955694,1,825,486
1756495497.1316893,112,745,335
1756495497.1316893,107,722,357
1756495497.1316893,106,368,414
1756495497.1316893,104,408,249
1756495497.1316893,102,418,168
1756495497.1316893,100,737,300
1756495497.1316893,98,595,294
1756495497.1316893,97,432,206
1756495497.1316893,91,301,253
1756495497.1316893,90,823,361
1756495497.1316893,75,743,312
1756495497.1316893,70,326,180
1756495497.1316893,66,609,315
1756495497.1316893,47,434,295
1756495497.1316893,17,471,259
1756495497.1316893,8,676,535
1756495497.1316893,1,825,486
1756495497.1699257,112,747,335
1756495497.1699257,107,724,359
1756495497.1699257,106,371,414
1756495497.1699257,104,407,249
1756495497.1699257,102,420,167
1756495497.1699257,100,736,295
1756495497.1699257,98,599,293
1756495497.1699257,97,434,204
1756495497.1699257,91,300,253
1756495497.1699257,90,827,362
1756495497.1699257,75,747,310
1756495497.1699257,70,326,181
1756495497.1699257,66,610,315
1756495497.1699257,47,434,294
1756495497.1699257,17,473,260
1756495497.1699257,8,676,534
1756495497.1699257,1,825,485
1756495497.208594,112,749,335
1756495497.208594,109,1053,667
1756495497.208594,107,725,360
1756495497.208594,106,374,414
1756495497.208594,104,407,248
1756495497.208594,102,421,168
1756495497.208594,100,738,293
1756495497.208594,98,602,292
1756495497.208594,97,435,204
1756495497.208594,91,300,253
1756495497.208594,90,831,363
1756495497.208594,75,751,309
1756495497.208594,70,326,182
1756495497.208594,66,613,314
1756495497.208594,47,434,294
1756495497.208594,17,474,261
1756495497.208594,8,676,535
1756495497.208594,1,824,486
1756495497.242176,112,754,336
1756495497.242176,107,728,361
1756495497.242176,106,378,413
1756495497.242176,104,406,247
1756495497.242176,102,423,169
1756495497.242176,100,740,290
1756495497.242176,98,609,297
1756495497.242176,97,437,203
1756495497.242176,91,300,253
1756495497.242176,90,834,364
1756495497.242176,75,754,307
1756495497.242176,70,325,182
1756495497.242176,66,615,311
1756495497.242176,47,434,294
1756495497.242176,17,475,262
1756495497.242176,8,676,535
1756495497.242176,1,824,486
1756495497.278668,112,759,337
1756495497.278668,107,732,363
1756495497.278668,106,380,413
1756495497.278668,104,405,246
1756495497.278668,102,425,168
1756495497.278668,100,741,288
1756495497.278668,98,618,291
1756495497.278668,97,437,203
1756495497.278668,91,301,254
1756495497.278668,90,839,364
1756495497.278668,75,758,306
1756495497.278668,70,324,182
1756495497.278668,66,619,311
1756495497.278668,47,434,294
1756495497.278668,17,477,263
1756495497.278668,8,677,535
1756495497.278668,1,824,486
1756495497.3160017,113,328,238
1756495497.3160017,112,761,338
1756495497.3160017,109,1052,668
1756495497.3160017,107,735,365
1756495497.3160017,106,384,411
1756495497.3160017,104,405,245
1756495497.3160017,102,426,168
1756495497.3160017,100,743,286
1756495497.3160017,98,622,289
1756495497.3160017,97,438,203
1756495497.3160017,91,300,254
1756495497.3160017,90,843,365
1756495497.3160017,75,761,308
1756495497.3160017,70,323,179
1756495497.3160017,66,623,310
1756495497.3160017,47,436,293
1756495497.3160017,17,478,264
1756495497.3160017,8,677,535
1756495497.3160017,1,823,486
1756495497.353004,113,328,235
1756495497.353004,112,763,338
1756495497.353004,109,1054,668
1756495497.353004,107,738,367
1756495497.353004,106,387,410
1756495497.353004,104,404,245
1756495497.353004,102,427,168
1756495497.353004,100,748,284
1756495497.353004,98,624,287
1756495497.353004,97,440,203
1756495497.353004,91,300,254
1756495497.353004,90,846,366
1756495497.353004,75,764,308
1756495497.353004,70,323,175
1756495497.353004,66,626,310
1756495497.353004,47,436,293
1756495497.353004,17,478,264
1756495497.353004,8,676,535
1756495497.353004,1,823,486
1756495497.3874102,113,327,235
1756495497.3874102,112,765,338
1756495497.3874102,109,1054,668
1756495497.3874102,107,739,369
1756495497.3874102,106,389,408
1756495497.3874102,104,403,244
1756495497.3874102,102,427,168
1756495497.3874102,100,749,282
1756495497.3874102,98,629,285
1756495497.3874102,97,440,202
1756495497.3874102,91,300,253
1756495497.3874102,90,850,366
1756495497.3874102,75,766,308
1756495497.3874102,70,323,172
1756495497.3874102,66,631,310
1756495497.3874102,47,436,293
1756495497.3874102,17,479,265
1756495497.3874102,8,675,535
1756495497.3874102,1,823,486
1756495497.4248118,113,329,232
1756495497.4248118,112,767,339
1756495497.4248118,109,1053,669
1756495497.4248118,107,741,370
1756495497.4248118,106,393,406
1756495497.4248118,104,403,244
1756495497.4248118,102,430,168
1756495497.4248118,100,749,283
1756495497.4248118,98,636,284
1756495497.4248118,97,441,202
1756495497.4248118,91,300,253
1756495497.4248118,90,853,366
1756495497.4248118,75,769,308
1756495497.4248118,70,323,169
1756495497.4248118,66,633,309
1756495497.4248118,47,435,292
1756495497.4248118,17,479,264
1756495497.4248118,8,676,535
1756495497.4248118,1,823,486
1756495497.4610462,113,329,229
1756495497.4610462,112,768,338
1756495497.4610462,109,1052,668
1756495497.4610462,107,742,371
1756495497.4610462,106,395,404
1756495497.4610462,104,403,244
1756495497.4610462,100,749,282
1756495497.4610462,97,441,202
1756495497.4610462,91,301,252
1756495497.4610462,90,855,366
1756495497.4610462,75,770,307
1756495497.4610462,70,323,170
1756495497.4610462,66,636,308
1756495497.4610462,47,435,293
1756495497.4610462,17,480,263
1756495497.4610462,8,676,535
1756495497.4610462,1,823,486
1756495497.498295,113,331,228
1756495497.498295,109,1053,668
1756495497.498295,107,743,373
1756495497.498295,106,397,404
1756495497.498295,104,405,242
1756495497.498295,100,751,281
1756495497.498295,97,443,201
1756495497.498295,91,301,252
1756495497.498295,90,860,366
1756495497.498295,75,772,307
1756495497.498295,70,323,169
1756495497.498295,66,639,307
1756495497.498295,47,435,293
1756495497.498295,17,488,268
1756495497.498295,8,675,535
1756495497.498295,1,823,486
1756495497.532586,114,325,192
1756495497.532586,113,330,227
1756495497.532586,109,1054,668
1756495497.532586,107,744,374
1756495497.532586,106,398,403
1756495497.532586,104,406,241
1756495497.532586,100,752,280
1756495497.532586,97,443,201
1756495497.532586,91,301,252
1756495497.532586,90,864,367
1756495497.532586,75,774,306
1756495497.532586,70,323,170
1756495497.532586,66,643,306
1756495497.532586,47,435,293
1756495497.532586,17,497,273
1756495497.532586,8,675,535
1756495497.532586,1,823,486
1756495497.5689967,114,325,195
1756495497.5689967,113,329,226
1756495497.5689967,107,747,376
1756495497.5689967,106,402,398
1756495497.5689967,104,406,240
1756495497.5689967,102,439,170
1756495497.5689967,100,753,278
1756495497.5689967,98,654,281
1756495497.5689967,97,443,201
1756495497.5689967,91,301,252
1756495497.5689967,90,867,366
1756495497.5689967,75,779,305
1756495497.5689967,70,323,169
1756495497.5689967,66,647,304
1756495497.5689967,47,437,292
1756495497.5689967,17,501,275
1756495497.5689967,8,675,535
1756495497.5689967,1,822,486
1756495497.605775,114,325,195
1756495497.605775,113,329,224
1756495497.605775,107,749,378
1756495497.605775,106,403,395
1756495497.605775,104,407,239
1756495497.605775,102,441,169
1756495497.605775,100,752,278
1756495497.605775,97,444,200
1756495497.605775,91,302,252
1756495497.605775,90,872,366
1756495497.605775,75,783,305
1756495497.605775,70,322,170
1756495497.605775,66,651,303
1756495497.605775,47,438,292
1756495497.605775,17,504,277
1756495497.605775,8,675,535
1756495497.605775,1,823,486
1756495497.6418545,114,326,196
1756495497.6418545,113,329,223
1756495497.6418545,112,774,342
1756495497.6418545,109,1053,668
1756495497.6418545,107,750,380
1756495497.6418545,106,405,392
1756495497.6418545,104,407,238
1756495497.6418545,102,441,168
1756495497.6418545,97,445,200
1756495497.6418545,91,303,252
1756495497.6418545,90,875,366
1756495497.6418545,75,786,306
1756495497.6418545,70,322,170
1756495497.6418545,66,653,301
1756495497.6418545,47,439,291
1756495497.6418545,17,506,279
1756495497.6418545,8,674,535
1756495497.6418545,1,823,486
1756495497.6795945,114,326,196
1756495497.6795945,113,331,223
1756495497.6795945,112,774,342
1756495497.6795945,109,1054,669
1756495497.6795945,107,753,383
1756495497.6795945,106,405,390
1756495497.6795945,104,407,238
1756495497.6795945,102,443,167
1756495497.6795945,97,446,198
1756495497.6795945,91,303,252
1756495497.6795945,90,878,365
1756495497.6795945,75,789,306
1756495497.6795945,70,321,171
1756495497.6795945,66,657,299
1756495497.6795945,47,439,291
1756495497.6795945,17,508,280
1756495497.6795945,8,673,535
1756495497.6795945,1,823,486
1756495497.7157989,114,326,196
1756495497.7157989,113,331,224
1756495497.7157989,112,774,343
1756495497.7157989,109,1053,669
1756495497.7157989,107,754,385
1756495497.7157989,106,408,386
1756495497.7157989,104,407,237
1756495497.7157989,97,447,197
1756495497.7157989,91,304,252
1756495497.7157989,90,881,365
1756495497.7157989,75,793,306
1756495497.7157989,70,321,172
1756495497.7157989,66,662,299
1756495497.7157989,47,441,291
1756495497.7157989,17,511,283
1756495497.7157989,8,674,535
1756495497.7157989,1,823,485
1756495497.7499478,116,372,168
1756495497.7499478,114,327,197
1756495497.7499478,113,332,223
1756495497.7499478,112,774,343
1756495497.7499478,109,1053,669
1756495497.7499478,107,755,387
1756495497.7499478,106,409,383
1756495497.7499478,104,407,237
1756495497.7499478,97,447,198
1756495497.7499478,91,305,253
1756495497.7499478,90,883,365
1756495497.7499478,75,796,306
1756495497.7499478,70,321,170
1756495497.7499478,66,664,299
1756495497.7499478,47,441,291
1756495497.7499478,17,513,284
1756495497.7499478,8,674,535
1756495497.7499478,1,824,485
1756495497.7844944,116,372,168
1756495497.7844944,114,330,197
1756495497.7844944,113,332,222
1756495497.7844944,112,774,342
1756495497.7844944,109,1054,669
1756495497.7844944,107,759,389
1756495497.7844944,106,410,381
1756495497.7844944,104,408,237
1756495497.7844944,100,755,272
1756495497.7844944,97,447,197
1756495497.7844944,91,306,253
1756495497.7844944,90,885,364
1756495497.7844944,75,801,307
1756495497.7844944,70,322,170
1756495497.7844944,66,665,300
1756495497.7844944,47,443,291
1756495497.7844944,17,515,285
1756495497.7844944,8,675,535
1756495497.7844944,1,823,485
1756495497.825734,116,371,169
1756495497.825734,114,330,198
1756495497.825734,113,333,221
1756495497.825734,112,773,343
1756495497.825734,109,1053,669
1756495497.825734,107,760,390
1756495497.825734,106,412,376
1756495497.825734,104,408,236
1756495497.825734,97,446,197
1756495497.825734,91,306,253
1756495497.825734,90,887,364
1756495497.825734,75,804,309
1756495497.825734,70,322,169
1756495497.825734,66,668,299
1756495497.825734,47,444,291
1756495497.825734,17,519,286
1756495497.825734,8,674,535
1756495497.825734,1,823,485
1756495497.8617234,117,336,361
1756495497.8617234,116,372,169
1756495497.8617234,114,330,198
1756495497.8617234,112,772,343
1756495497.8617234,109,1052,668
1756495497.8617234,107,763,392
1756495497.8617234,106,412,372
1756495497.8617234,104,408,236
1756495497.8617234,97,448,196
1756495497.8617234,91,308,253
1756495497.8617234,90,887,363
1756495497.8617234,75,807,310
1756495497.8617234,70,322,170
1756495497.8617234,66,673,298
1756495497.8617234,47,446,292
1756495497.8617234,17,520,288
1756495497.8617234,8,674,534
1756495497.8617234,1,823,486
1756495497.9021635,117,337,362
1756495497.9021635,116,372,168
1756495497.9021635,114,330,198
1756495497.9021635,112,771,343
1756495497.9021635,109,1052,668
1756495497.9021635,107,765,394
1756495497.9021635,106,413,369
1756495497.9021635,104,407,236
1756495497.9021635,97,448,195
1756495497.9021635,91,308,253
1756495497.9021635,90,888,363
1756495497.9021635,75,808,312
1756495497.9021635,70,322,171
1756495497.9021635,66,677,297
1756495497.9021635,47,446,293
1756495497.9021635,17,522,288
1756495497.9021635,8,674,534
1756495497.9021635,1,823,486
1756495497.9396243,118,690,272
1756495497.9396243,117,338,364
1756495497.9396243,116,371,168
1756495497.9396243,114,330,197
1756495497.9396243,113,329,217
1756495497.9396243,112,769,343
1756495497.9396243,109,1052,668
1756495497.9396243,107,766,395
1756495497.9396243,106,414,364
1756495497.9396243,104,406,236
1756495497.9396243,97,448,195
1756495497.9396243,91,308,253
1756495497.9396243,90,888,362
1756495497.9396243,75,810,313
1756495497.9396243,70,322,169
1756495497.9396243,66,680,296
1756495497.9396243,47,448,293
1756495497.9396243,17,524,290
1756495497.9396243,8,674,534
1756495497.9396243,1,823,486
1756495497.9739213,118,694,270
1756495497.9739213,117,338,367
1756495497.9739213,116,372,168
1756495497.9739213,113,330,213
1756495497.9739213,112,768,344
1756495497.9739213,109,1053,667
1756495497.9739213,107,769,397
1756495497.9739213,106,415,361
1756495497.9739213,104,404,236
1756495497.9739213,97,448,195
1756495497.9739213,91,308,253
1756495497.9739213,90,890,361
1756495497.9739213,75,812,314
1756495497.9739213,70,323,168
1756495497.9739213,66,682,296
1756495497.9739213,47,451,294
1756495497.9739213,17,527,291
1756495497.9739213,8,673,534
1756495497.9739213,1,823,486
1756495498.009891,118,701,270
1756495498.009891,117,339,368
1756495498.009891,116,375,171
1756495498.009891,112,767,344
1756495498.009891,109,1054,668
1756495498.009891,107,772,398
1756495498.009891,106,416,357
1756495498.009891,104,402,235
1756495498.009891,97,448,195
1756495498.009891,91,308,253
1756495498.009891,90,891,360
1756495498.009891,75,813,315
1756495498.009891,66,683,297
1756495498.009891,47,454,294
1756495498.009891,17,530,293
1756495498.009891,8,673,534
1756495498.009891,1,823,486
1756495498.0438573,118,706,271
1756495498.0438573,117,340,370
1756495498.0438573,116,375,172
1756495498.0438573,112,766,344
1756495498.0438573,109,1054,669
1756495498.0438573,107,774,401
1756495498.0438573,106,416,355
1756495498.0438573,104,403,235
1756495498.0438573,97,449,196
1756495498.0438573,91,308,253
1756495498.0438573,90,892,359
1756495498.0438573,66,684,298
1756495498.0438573,47,456,294
1756495498.0438573,17,534,294
1756495498.0438573,8,673,533
1756495498.0438573,1,823,486
1756495498.082032,118,712,269
1756495498.082032,117,342,370
1756495498.082032,112,764,344
1756495498.082032,109,1053,668
1756495498.082032,107,777,402
1756495498.082032,106,418,351
1756495498.082032,102,450,162
1756495498.082032,97,449,196
1756495498.082032,91,308,253
1756495498.082032,90,892,357
1756495498.082032,66,684,297
1756495498.082032,47,459,295
1756495498.082032,17,538,295
1756495498.082032,8,673,533
1756495498.082032,1,822,487
1756495498.1135647,118,715,267
1756495498.1135647,117,344,371
1756495498.1135647,112,761,345
1756495498.1135647,109,1052,666
1756495498.1135647,107,780,404
1756495498.1135647,106,419,349
1756495498.1135647,97,450,196
1756495498.1135647,91,308,253
1756495498.1135647,90,891,357
1756495498.1135647,66,687,298
1756495498.1135647,47,462,297
1756495498.1135647,17,542,296
1756495498.1135647,8,673,534
1756495498.1135647,1,822,487
1756495498.148719,118,716,266
1756495498.148719,117,346,371
1756495498.148719,112,758,346
1756495498.148719,109,1053,668
1756495498.148719,107,781,405
1756495498.148719,106,419,344
1756495498.148719,97,450,196
1756495498.148719,91,308,252
1756495498.148719,66,689,297
1756495498.148719,47,465,298
1756495498.148719,17,546,297
1756495498.148719,8,674,534
1756495498.148719,1,823,487
1756495498.1840446,118,719,266
1756495498.1840446,117,347,370
1756495498.1840446,112,756,347
1756495498.1840446,109,1053,668
1756495498.1840446,107,784,406
1756495498.1840446,106,420,341
1756495498.1840446,97,450,196
1756495498.1840446,91,307,252
1756495498.1840446,70,322,173
1756495498.1840446,66,690,297
1756495498.1840446,47,466,300
1756495498.1840446,17,547,298
1756495498.1840446,8,674,533
1756495498.1840446,1,823,487
1756495498.2161295,118,722,266
1756495498.2161295,117,348,371
1756495498.2161295,112,754,348
1756495498.2161295,109,1053,668
1756495498.2161295,107,785,408
1756495498.2161295,106,420,339
1756495498.2161295,97,449,195
1756495498.2161295,91,307,252
1756495498.2161295,90,890,352
1756495498.2161295,70,321,174
1756495498.2161295,66,690,297
1756495498.2161295,47,469,301
1756495498.2161295,17,549,299
1756495498.2161295,8,673,533
1756495498.2161295,1,824,487
1756495498.2511477,118,725,266
1756495498.2511477,117,349,371
1756495498.2511477,112,752,348
1756495498.2511477,109,1054,667
1756495498.2511477,107,786,409
1756495498.2511477,106,420,337
1756495498.2511477,97,451,195
1756495498.2511477,91,308,253
1756495498.2511477,90,890,351
1756495498.2511477,70,322,176
1756495498.2511477,66,692,297
1756495498.2511477,47,469,301
1756495498.2511477,17,554,300
1756495498.2511477,8,673,534
1756495498.2511477,1,824,487
1756495498.286631,118,728,267
1756495498.286631,117,351,372
1756495498.286631,112,748,349
1756495498.286631,109,1054,668
1756495498.286631,107,788,411
1756495498.286631,106,420,333
1756495498.286631,97,451,195
1756495498.286631,91,308,252
1756495498.286631,90,890,350
1756495498.286631,75,831,329
1756495498.286631,70,322,177
1756495498.286631,66,693,297
1756495498.286631,47,472,302
1756495498.286631,17,556,300
1756495498.286631,8,674,534
1756495498.286631,1,824,487
1756495498.317757,118,734,269
1756495498.317757,117,352,372
1756495498.317757,112,743,348
1756495498.317757,109,1053,668
1756495498.317757,107,790,413
1756495498.317757,106,420,330
1756495498.317757,97,451,195
1756495498.317757,91,308,253
1756495498.317757,90,890,349
1756495498.317757,75,833,331
1756495498.317757,70,322,178
1756495498.317757,66,693,297
1756495498.317757,47,473,304
1756495498.317757,17,558,301
1756495498.317757,8,674,534
1756495498.317757,1,824,487
1756495498.3528564,120,817,293
1756495498.3528564,118,740,271
1756495498.3528564,117,354,371
1756495498.3528564,112,739,349
1756495498.3528564,109,1053,668
1756495498.3528564,107,791,415
1756495498.3528564,106,421,328
1756495498.3528564,97,453,195
1756495498.3528564,91,308,253
1756495498.3528564,90,890,347
1756495498.3528564,75,833,333
1756495498.3528564,70,322,178
1756495498.3528564,66,697,297
1756495498.3528564,47,475,305
1756495498.3528564,17,565,303
1756495498.3528564,8,674,534
1756495498.3528564,1,824,487
1756495498.3893373,121,404,234
1756495498.3893373,120,821,296
1756495498.3893373,118,745,274
1756495498.3893373,117,356,372
1756495498.3893373,112,735,349
1756495498.3893373,109,1052,668
1756495498.3893373,107,793,417
1756495498.3893373,106,422,325
1756495498.3893373,97,454,194
1756495498.3893373,91,309,253
1756495498.3893373,90,889,346
1756495498.3893373,75,835,338
1756495498.3893373,70,325,178
1756495498.3893373,66,698,298
1756495498.3893373,47,477,306
1756495498.3893373,17,571,305
1756495498.3893373,8,675,534
1756495498.3893373,1,824,487
